day,s_mean,s_min,s_max,s_std,i_mean,i_min,i_max,i_std,r_mean,r_min,r_max,r_std,edgecount_mean,edgecount_min,edgecount_max,edgecount_std,suscedgecount_mean,suscedgecount_min,suscedgecount_max,suscedgecount_std
1,497.745,493,499,1.1691060880972823,2.205,0,6,1.1266417389925694,0.05,0,2,0.24039331256010033,0.9996211529448524,0.9967192626152164,1.0,0.0005669552597753826,0.9999350119618784,0.9983861673314387,1.0,0.0002020577877941934
2,495.15,486,499,2.8947188093016245,4.665,0,12,2.8093124035793027,0.185,0,2,0.4492036504726892,0.9978292454304015,0.9887517575378847,1.0,0.0025800298491818635,0.9990550865233406,0.9944785477180027,1.0,0.001167182892044081
3,489.98,470,499,6.120202972296794,9.48,0,30,5.877270757570128,0.54,0,4,0.7819573431026534,0.9916005311670051,0.9509451648179972,1.0,0.008766404527232563,0.9959091534291855,0.9755617428115834,1.0,0.004331672116700158
4,480.97,453,499,10.534895353087395,17.76,0,45,9.974459847341667,1.27,0,6,1.2905142911562009,0.976755975628808,0.9148570535853773,1.0,0.018870921703129574,0.9880759243032147,0.9545505367887341,1.0,0.009904786851723142
5,467.52,430,499,16.6047641041592,29.99,0,67,15.448403342389328,2.49,0,9,1.9178872378965426,0.9509615685049211,0.8678331510701452,1.0,0.03284627222142976,0.9736162629808621,0.9236017250528391,1.0,0.018502708288017686
6,449.26,394,499,23.553902684232423,46.16,0,97,21.55452126433508,4.58,0,15,2.862616436814686,0.916259178253398,0.8073738478362755,1.0,0.046019840198876553,0.9524891743425767,0.8786954857387427,1.0,0.028129874034395066
7,425.505,354,499,30.334648994973417,67.12,0,123,27.413740456733475,7.375,0,23,4.173904935675979,0.8725558506483363,0.7653491641930948,1.0,0.05599892611613438,0.9230159861007846,0.8416740781501775,1.0,0.03787734715756287
8,397.675,320,499,36.96255575089728,91.0,0,158,32.99154756987426,11.325,0,31,5.3874388615962205,0.8278581471645056,0.7250429620371817,1.0,0.06193358077809808,0.8877526387559834,0.7903183868009246,1.0,0.047522471908250305
9,366.065,292,499,43.429267567011,117.645,0,187,37.918704033469936,16.29,0,38,6.90392794759097,0.7861529448523669,0.7053585377284799,1.0,0.062251354290624714,0.8473154319811865,0.7462268123334147,1.0,0.055849480351836685
10,332.45,254,499,49.20674770903379,145.22,0,214,42.25159864359807,22.33,0,46,8.424724321869379,0.7543860334322763,0.6936416184971098,1.0,0.05828087028004407,0.8051925558236512,0.6998106923814168,1.0,0.06246017534566296
11,297.985,209,499,54.18417109253333,172.645,0,255,45.65072748158554,29.37,1,56,10.384231377744465,0.7353983752538666,0.686923918137791,1.0,0.05215256691679426,0.7636869606276772,0.6512280198314823,1.0,0.06682490857823893
12,262.67,169,499,58.247963278819036,199.33,0,284,47.9082152185524,38.0,1,66,12.3165941908594,0.7310662396500547,0.6911420090610843,1.0,0.04717891852913571,0.7248535966452964,0.6181370932242917,1.0,0.06854274770830232
13,228.01,127,499,61.424463559872386,224.02,0,320,49.38516042650625,47.97,1,81,14.420083008424378,0.7399078269020465,0.6936416184971098,1.0,0.045143205954164774,0.6900471960914397,0.5757091748749625,1.0,0.06887872619783209
14,195.435,101,499,63.855094868800535,246.365,0,336,49.93434659479631,58.2,1,96,16.739806018220108,0.7583197937822216,0.6925480393688486,1.0,0.046610558866053156,0.6589413406891025,0.5591148867610448,1.0,0.06877828394378636
15,165.295,75,499,64.96414144254378,265.56,0,348,49.729584331552026,69.145,1,110,18.52213059040563,0.7837665989689111,0.6880174972660522,1.0,0.04824474123262943,0.634034140290696,0.5434376075768954,1.0,0.06758191855651695
16,137.93,61,499,66.01161082581682,281.085,0,343,49.51267818960651,80.985,1,121,20.08611548248888,0.8132432432432433,0.6937978440868614,1.0,0.04808561911471854,0.6134618141781748,0.5399962129002237,1.0,0.06705990635345929
17,114.1,51,499,66.58255162506558,292.63,0,343,49.03073694968439,93.27,1,141,22.03371331875463,0.8436814560224966,0.7164505546008436,1.0,0.04606057794666423,0.599099833264173,0.5385716136124138,1.0,0.06651775930033922
18,94.1,40,499,66.77961955521832,300.27,0,343,47.90145978199653,105.63,1,151,23.657801203597607,0.8713755663177629,0.737072332448055,1.0,0.04318473040108232,0.5893529886893383,0.5279705939887269,1.0,0.06526631932502835
19,77.63,30,499,66.8810772376037,303.275,0,343,47.250528432875,119.095,1,160,25.266538441664704,0.8962037181690361,0.7255116388064365,1.0,0.03910349421608067,0.5848838987177974,0.5227909122857081,1.0,0.06485144319024465
20,64.7,23,499,67.11843578414617,303.74,0,346,46.52510426246422,131.56,1,176,26.886255852551212,0.9163919700046868,0.7086392751132635,1.0,0.035635247150295236,0.5849606644796448,0.5210950041210489,1.0,0.06414319762481803
21,54.325,15,499,66.97715334613558,301.2,0,341,45.55420869303123,144.475,1,191,28.517461370449432,0.9329237619122013,0.7112951101390408,1.0,0.031238192611140622,0.5880526147377441,0.5275493407660099,1.0,0.06319987529427787
22,45.93,11,499,67.15193228828377,297.345,0,344,44.90913187346357,156.725,1,207,29.795945476426333,0.9465692860490549,0.7375410092173098,1.0,0.0272054235394706,0.5927642096572836,0.5228812840892268,1.0,0.06304933940884133
23,39.4,9,499,67.42298789346562,291.855,0,335,44.152248871399635,168.745,1,218,31.145629326289946,0.9573051085767849,0.7614435244493047,1.0,0.023515001108916727,0.6003270129830909,0.5294454070245264,1.0,0.06240741592891239
24,34.275,6,499,67.69766795267881,285.115,0,329,43.3078471309251,180.61,1,228,32.39064167844948,0.9657826902046556,0.7925324168098734,1.0,0.02002470366449598,0.6103733541139708,0.5332568725922054,1.0,0.06196490260656594
25,30.02,4,499,67.9479522951614,277.415,0,322,42.524634007683574,192.565,1,245,33.947280661661374,0.9727042649586002,0.8284643024527417,1.0,0.016477619319763943,0.6216649552262382,0.5392503913707498,1.0,0.06123220917275832
26,26.69,2,499,68.19557966193362,269.4,0,318,41.57248316836414,203.91,1,254,35.099168911691585,0.9779971879393845,0.8609592251210748,1.0,0.013683500350142864,0.6331786462484703,0.5448196045406567,1.0,0.06147955883193289
27,24.05,1,499,68.41520813033887,261.195,0,316,40.72480230293408,214.755,1,268,36.304338583700975,0.982149664114982,0.8842368379940634,1.0,0.011352987223438997,0.6462613217961116,0.5386477299789993,1.0,0.0612318064402308
28,21.94,1,499,68.60209645623779,252.595,0,315,39.701030643685485,225.465,1,281,37.310038459498344,0.9855108576784878,0.9075144508670521,1.0,0.00928066140214187,0.6591239512866306,0.5513142882648135,1.0,0.06085179719377572
29,20.165,1,499,68.79200151443341,244.07,0,305,38.44221794593822,235.765,1,293,38.330744905690594,0.9881424777378534,0.918918918918919,1.0,0.007876309521758657,0.6707954340139561,0.5552897395002658,1.0,0.06086241458176954
30,18.705,1,499,68.94115162176125,236.225,0,297,37.35789658406814,245.07,1,303,39.209719592886195,0.9902835494453991,0.9403218247148883,1.0,0.006299995241489874,0.6840886269945714,0.5574861120337463,1.0,0.059820479687626396
31,17.47,0,499,69.09289573614664,228.29,0,288,36.34737346479034,254.24,1,310,40.27783409765214,0.9920051554444618,0.9457897203561944,1.0,0.005527790989125028,0.6960261602540836,0.5589275875639511,1.0,0.059308538216858754
32,16.515,0,499,69.20946122180885,220.085,0,282,35.348342273825764,263.4,1,320,41.45918862698643,0.9933393219809404,0.95219496953601,1.0,0.004864437965255334,0.7099513497483021,0.5532647907647907,1.0,0.06026095693984784
33,15.675,0,499,69.30842418722693,212.7,0,276,34.145270499549966,271.625,1,323,42.2767191241172,0.9944039993750977,0.9595375722543352,1.0,0.004275740316653928,0.722088371367312,0.5752405309950067,1.0,0.06174006323645542
34,15.01,0,499,69.38936749681497,204.925,0,275,32.93742163130856,280.065,1,332,43.133668308046126,0.9952835494453991,0.9640681143571317,1.0,0.0037925852735868214,0.7344803561540059,0.5986024844720497,1.0,0.06154156046231383
35,14.35,0,499,69.46607212070793,197.45,0,273,31.977496798647923,288.2,1,339,44.08477443158145,0.9961373222933916,0.9756288079987502,1.0,0.003081546287793748,0.7484336227296381,0.5759144237405107,1.0,0.06220639728145831
36,13.85,0,499,69.52854516646256,189.77,0,266,30.793151689211253,296.38,1,346,44.972192413226445,0.996762224652398,0.979221996563037,1.0,0.0026227227562916396,0.7597722748031539,0.5759144237405107,1.0,0.06326131138813604
37,13.395,0,499,69.58281263408625,182.605,0,255,29.843797281527436,304.0,1,354,45.91963703391648,0.997282455866271,0.9857834713326042,1.0,0.0021583077853867248,0.7712440488727712,0.5904071773636991,1.0,0.06398434198286125
38,13.015,0,499,69.63259485565406,175.655,0,246,28.78225261036101,311.33,1,360,46.768768301530145,0.9977362912044992,0.9867208248711139,1.0,0.0019095144233287362,0.7844470059391604,0.5904071773636991,1.0,0.06640007123578653
39,12.715,0,499,69.67262841858178,168.86,0,237,28.00933799780667,318.425,1,365,47.76233430109387,0.9980713950945165,0.9875019528198719,1.0,0.0016785579298627445,0.7951035890679141,0.5909451219512195,1.0,0.06773182918899408
40,12.435,0,499,69.7074704186058,162.235,0,231,27.036356965944023,325.33,1,368,48.58708288337117,0.9983729104827371,0.9895328854866428,1.0,0.0014390319755575856,0.809337866816223,0.5909451219512195,1.0,0.06798806094789754
41,12.165,0,499,69.74351989854826,156.14,0,224,26.147059944066235,331.695,1,372,49.35016890400956,0.9986322449617248,0.9909389157944071,1.0,0.001275976916458253,0.8198279838867312,0.634544199761591,1.0,0.07140050577039521
42,11.92,0,499,69.77612152934837,150.445,0,221,25.33151006177978,337.635,1,377,50.096607925368964,0.9988548664271208,0.9926573972816748,1.0,0.0011030273634891866,0.8283475904630687,0.642292490118577,1.0,0.07447914788215261
43,11.795,0,499,69.79303916998396,144.49,0,212,24.48668800485759,343.715,1,381,50.86235020466227,0.9989915638181535,0.9943758787689424,1.0,0.0009892727795564502,0.837408514774653,0.6474315934896071,1.0,0.07162430552514457
44,11.665,0,499,69.81045964883708,138.96,0,201,23.60879658902396,349.375,1,388,51.52668601665836,0.9991157631620059,0.9959381346664584,1.0,0.0008761408850035508,0.8448598576785947,0.6897233201581028,1.0,0.06858328721660656
45,11.485,0,499,69.83426017702459,133.35,0,195,22.869907374464447,355.165,1,389,52.27716792665954,0.9992587095766287,0.9967192626152164,1.0,0.000749476701120073,0.8524805672969167,0.6821428571428572,1.0,0.06994515384389545
46,11.36,0,499,69.85059720323255,128.29,0,190,22.18732265128357,360.35,1,392,52.96720802183308,0.9993493204186846,0.9967192626152164,1.0,0.0006862242814523388,0.8589854153066611,0.6821428571428572,1.0,0.07052836588136778
47,11.245,0,499,69.86616764865201,123.51,0,185,21.456978108478808,365.245,1,397,53.57467877673325,0.9994399312607405,0.9973441649742227,1.0,0.000620229028036308,0.8661178281297485,0.6821428571428572,1.0,0.07020051937705375
48,11.155,0,499,69.87807741715271,118.915,0,178,20.689078394750222,369.93,1,402,54.13174975611163,0.9995008592407436,0.9973441649742227,1.0,0.0005802672418622789,0.8716829893533906,0.7001656441363707,1.0,0.06672933508752782
49,11.035,0,499,69.89298190518123,114.275,0,169,19.933290126729755,374.69,1,405,54.726766714057526,0.9995703796281831,0.9975003905639743,1.0,0.0005105710536566155,0.8766332679220858,0.7001656441363707,1.0,0.06839701321988997
50,10.98,0,499,69.90014126411849,109.695,0,163,19.250059714062573,379.325,1,409,55.31844199835738,0.9996203718169037,0.997656616153726,1.0,0.0004596960731254513,0.8849991443128261,0.7001656441363707,1.0,0.06548487005509823
51,10.925,0,499,69.90725640080174,105.545,0,156,18.64958471522225,383.53,1,413,55.86711710719775,0.9996563037025464,0.9979690673332292,1.0,0.00043374882807958577,0.8917295405532912,0.7001656441363707,1.0,0.06531821093888346
52,10.835,0,499,69.91917641931846,101.405,0,153,17.930938844332612,387.76,1,415,56.38803465506939,0.9997133260428057,0.9979690673332292,1.0,0.0003819600117156977,0.899687053458694,0.7222222222222222,1.0,0.06279327174581623
53,10.75,0,499,69.9306009177929,97.425,0,150,17.380008587237878,391.825,1,420,56.92562700621093,0.99976097484768,0.9981252929229808,1.0,0.0003420257838723465,0.9058264608747683,0.6428571428571429,1.0,0.06621296646185194
54,10.7,0,499,69.93730142529996,93.63,0,145,16.846725521715495,395.67,1,426,57.43994985370356,0.9997805030463991,0.9981252929229808,1.0,0.00033337763810477403,0.909016963791895,0.7142857142857143,1.0,0.06578380485302028
55,10.63,0,499,69.94680749967782,89.925,0,142,16.338116330413698,399.445,1,431,57.939901067212666,0.9998140915481956,0.9982815185127324,1.0,0.0002973219676951117,0.9138898250945975,0.7142857142857143,1.0,0.06361935984076439
56,10.59,0,499,69.9521149927563,86.21,0,134,15.680090118703186,403.2,1,432,58.408111916825746,0.9998406498984533,0.9982815185127324,1.0,0.0002689813659666368,0.9218088052901491,0.7142857142857143,1.0,0.05927006589451913
57,10.555,0,499,69.95674884200034,82.77,0,132,15.105228886001443,406.675,1,437,58.85182291400588,0.9998609592251211,0.9982815185127324,1.0,0.00024554027461164813,0.9275768925165183,0.7142857142857143,1.0,0.05641858331510019
58,10.525,0,499,69.96086037867617,79.59,0,128,14.612650264024436,409.885,1,438,59.27528635834936,0.9998750195281987,0.9982815185127324,1.0,0.00022369471116054357,0.9307928035029112,0.7142857142857143,1.0,0.05601017914311217
59,10.495,0,499,69.96495874551279,76.57,0,122,14.230164719345256,412.935,1,441,59.69655912072547,0.9998898609592252,0.9982815185127324,1.0,0.00021519825828617285,0.9371263267419754,0.7142857142857143,1.0,0.057988895410207256
60,10.455,0,499,69.97025911631327,73.625,0,120,13.914468627508905,415.92,1,444,60.11850608481009,0.9999101702858928,0.9990626464614903,1.0,0.00016900014162167558,0.9432092761712146,0.7777777777777778,1.0,0.05089625112364092
61,10.445,0,499,69.97161646376883,70.575,0,117,13.50467534898218,418.98,1,446,60.533719993747354,0.9999140759256366,0.9990626464614903,1.0,0.000168500476085732,0.9447897245804707,0.7777777777777778,1.0,0.05202030852629648
62,10.42,0,499,69.9751829662187,68.075,0,110,13.017551931582886,421.505,1,448,60.84364982163785,0.9999273551007656,0.9990626464614903,1.0,0.0001517474459543412,0.9515711772194092,0.85,1.0,0.046428464824015185
63,10.385,0,499,69.98001706876559,65.475,0,106,12.496808637834437,424.14,1,451,61.16975637909137,0.9999390720199969,0.9990626464614903,1.0,0.00013989908208113794,0.9564467708833047,0.875,1.0,0.04369110571381026
64,10.365,0,499,69.98242259569047,62.75,0,98,11.962567244340862,426.885,1,452,61.5082768054665,0.9999468832994844,0.999218872051242,1.0,0.00012175950119034663,0.9603629124651405,0.8750702867700216,1.0,0.04067068360257957
65,10.355,0,499,69.98383858660928,60.135,0,95,11.44296650401723,429.51,1,454,61.83573554955721,0.9999507889392283,0.999218872051242,1.0,0.00011986876995127159,0.9625983868955781,0.8750702867700216,1.0,0.04130329576664319
66,10.34,0,499,69.98588802475157,57.7,0,88,11.010730262090823,431.96,1,458,62.1527410182399,0.9999601624746134,0.9993750976409936,1.0,0.00010149680042626377,0.9673779810103724,0.8667963079923323,1.0,0.040274410027089515
67,10.33,0,499,69.98722855495866,55.425,0,82,10.703137895216527,434.245,1,462,62.464743623742635,0.9999640681143572,0.9996875488204968,1.0,8.957378056327036e-05,0.9678952592712737,0.8667750318843814,1.0,0.040996874382177875
68,10.33,0,499,69.98722855495866,53.195,0,78,10.466840437482487,436.475,1,464,62.781741856631875,0.999967973754101,0.9996875488204968,1.0,8.331336325220485e-05,0.9714398520847596,0.8667750318843814,1.0,0.0389000742212018
69,10.31,0,499,69.99004882605361,51.205,0,77,10.215417208500035,438.485,1,467,63.0619044587923,0.9999718793938448,0.9996875488204968,1.0,7.949019489167826e-05,0.9733574766614714,0.8667750318843814,1.0,0.03920623408980486
70,10.29,0,499,69.99286323992334,49.15,0,73,9.925222932068392,440.56,1,469,63.34365392414862,0.9999789095453835,0.9996875488204968,1.0,6.768618006686497e-05,0.9799889867298764,0.8667750318843814,1.0,0.03317058096949477
71,10.285,0,499,69.99356592828218,47.155,0,73,9.752256535678729,442.56,1,469,63.631290302237595,0.9999812529292298,0.9996875488204968,1.0,6.177964789361149e-05,0.981534373135278,0.8667750318843814,1.0,0.032210258604494515
72,10.275,0,499,69.99497020694672,45.315,0,73,9.517810598712543,444.41,1,472,63.885827023467144,0.9999835963130761,0.9996875488204968,1.0,5.942705053616796e-05,0.9831991493316843,0.8667750318843814,1.0,0.032257304497157226
73,10.26,0,499,69.99707387997582,43.59,0,72,9.265047518908801,446.15,1,474,64.12156717427001,0.9999859396969224,0.9996875488204968,1.0,5.688045086733789e-05,0.9848424777965726,0.8667750318843814,1.0,0.0323164416539292
74,10.25,0,499,69.99840270970152,41.955,0,71,8.984239410709446,447.795,1,476,64.33738782668915,0.9999898453366661,0.9996875488204968,1.0,4.7187151468911016e-05,0.9886076566783409,0.8667750318843814,1.0,0.02848008212882145
75,10.24,0,499,69.99973007844585,40.46,0,69,8.790607138835563,449.3,1,478,64.54377969632267,0.9999898453366661,0.9996875488204968,1.0,4.7187151468911016e-05,0.9883885731529245,0.8667750318843814,1.0,0.028712811480295784
76,10.235,0,499,70.00042910851964,39.03,0,67,8.482266455441346,450.735,1,480,64.72442375294469,0.9999914075925637,0.9996875488204968,1.0,4.4841625273380917e-05,0.9897179915423128,0.8667750318843814,1.0,0.028390089235195107
77,10.225,0,499,70.00175428526829,37.67,0,66,8.265755474718521,452.105,1,480,64.90808325129301,0.9999921887205124,0.9996875488204968,1.0,4.360050140581795e-05,0.990512351373159,0.8667750318843814,1.0,0.028099963363299053
78,10.215,0,499,70.00314978555964,36.16,0,64,7.9763721429490815,453.625,1,481,65.1049741825967,0.9999929698484611,0.9996875488204968,1.0,3.930291123515049e-05,0.9915060952314708,0.9,1.0,0.023704089179127533
79,10.2,0,499,70.00524029200749,34.745,0,63,7.787373816298657,455.055,1,482,65.30101906136125,0.9999929698484611,0.9996875488204968,1.0,3.930291123515049e-05,0.9909398349135689,0.9,1.0,0.024391537336875088
80,10.195,0,499,70.00593639580337,33.305,0,59,7.611283279830619,456.5,1,483,65.50123708985585,0.9999953132323074,0.9998437744102484,1.0,2.6716965332469044e-05,0.9941430129797862,0.9334500343370261,1.0,0.0158936726239736
81,10.19,0,499,70.00663213377408,31.87,0,58,7.306161783043135,457.94,1,483,65.68736981158418,0.9999953132323074,0.9998437744102484,1.0,2.6716965332469044e-05,0.9940068039793162,0.9334500343370261,1.0,0.016055764130540624
82,10.185,0,499,70.0073275059305,30.685,0,54,7.062945632314124,459.13,1,484,65.84154192617362,0.9999953132323074,0.9998437744102484,1.0,2.6716965332469044e-05,0.9938641088359665,0.9334500343370261,1.0,0.0162227662957487
83,10.18,0,499,70.00802251228355,29.425,0,53,6.860005347434807,460.395,1,485,66.01316280346354,0.9999953132323074,0.9998437744102484,1.0,2.6716965332469044e-05,0.993714452953917,0.9334500343370261,1.0,0.016394920375808864
84,10.17,0,499,70.00941142762315,28.175,0,51,6.682638948542926,461.655,1,487,66.1860934777786,0.9999953132323074,0.9998437744102484,1.0,2.6716965332469044e-05,0.993392117207964,0.9334500343370261,1.0,0.016755728202645856
85,10.17,0,499,70.00941142762315,26.995,0,50,6.528251322263348,462.835,1,487,66.34921905604267,0.9999953132323074,0.9998437744102484,1.0,2.6716965332469044e-05,0.993392117207964,0.9334500343370261,1.0,0.016755728202645856
86,10.17,0,499,70.00941142762315,25.875,0,50,6.279853325432428,463.955,1,487,66.49564896787075,0.9999953132323074,0.9998437744102484,1.0,2.6716965332469044e-05,0.993392117207964,0.9334500343370261,1.0,0.016755728202645856
87,10.17,0,499,70.00941142762315,24.855,0,49,6.1590294053592896,464.975,1,488,66.63750566163186,0.9999960943602563,0.9998437744102484,1.0,2.445191878328498e-05,0.994417758233605,0.9334500343370261,1.0,0.015858148520699188
88,10.17,0,499,70.00941142762315,23.94,0,46,5.95176592180335,465.89,1,488,66.75725093773575,0.9999960943602563,0.9998437744102484,1.0,2.445191878328498e-05,0.994417758233605,0.9334500343370261,1.0,0.015858148520699188
89,10.17,0,499,70.00941142762315,23.03,0,46,5.884918122330391,466.8,1,489,66.8874401381994,0.9999976566161537,0.9998437744102484,1.0,1.903725719094726e-05,0.995846038176474,0.9334500343370261,1.0,0.014798695779839558
90,10.17,0,499,70.00941142762315,22.2,0,43,5.64885366589483,467.63,1,490,66.99143498843002,0.9999984377441025,0.9998437744102484,1.0,1.5583256877741727e-05,0.997011539341975,0.9334500343370261,1.0,0.013159540208198199
91,10.17,0,499,70.00941142762315,21.34,0,40,5.499602543884742,468.49,1,490,67.10757807562331,0.9999984377441025,0.9998437744102484,1.0,1.5583256877741727e-05,0.997011539341975,0.9334500343370261,1.0,0.013159540208198199
92,10.165,0,499,70.01010533663144,20.455,0,37,5.402211998095022,469.38,1,490,67.23203352315241,0.9999984377441025,0.9998437744102484,1.0,1.5583256877741727e-05,0.996932895640448,0.9334500343370261,1.0,0.013326895202125835
93,10.16,0,499,70.01079887987991,19.57,0,36,5.176784279587756,470.27,1,490,67.34772214701815,0.9999984377441025,0.9998437744102484,1.0,1.5583256877741727e-05,0.9968500009280277,0.9334500343370261,1.0,0.01350078767873504
94,10.155,0,499,70.01149205737943,18.785,0,34,5.05037687035961,471.06,1,491,67.45649184072121,0.9999992188720512,0.9998437744102484,1.0,1.1046817390829901e-05,0.9986111111111112,0.95,1.0,0.008333333333333349
95,10.155,0,499,70.01149205737943,18.035,0,30,4.8612688336859975,471.81,1,491,67.55406470591875,0.9999992188720512,0.9998437744102484,1.0,1.1046817390829901e-05,0.9986111111111112,0.95,1.0,0.008333333333333349
96,10.15,0,499,70.01218486914085,17.13,0,29,4.685388385353773,472.72,1,492,67.67593190192484,1.0,1.0,1.0,0.0,1.0,1.0,1.0,0.0
97,10.15,0,499,70.01218486914085,16.48,0,28,4.639745271122601,473.37,1,492,67.76943693815504,1.0,1.0,1.0,0.0,1.0,1.0,1.0,0.0
98,10.15,0,499,70.01218486914085,15.855,0,28,4.542814194309523,473.995,1,493,67.85496634209194,1.0,1.0,1.0,0.0,1.0,1.0,1.0,0.0
99,10.15,0,499,70.01218486914085,15.15,0,28,4.515467554548578,474.7,1,493,67.95734695399112,1.0,1.0,1.0,0.0,1.0,1.0,1.0,0.0
100,10.15,0,499,70.01218486914085,14.445,0,28,4.359126624063943,475.405,1,493,68.05149524459492,1.0,1.0,1.0,0.0,1.0,1.0,1.0,0.0
101,10.15,0,499,70.01218486914085,13.82,0,28,4.210253098779086,476.03,1,494,68.13406161208059,1.0,1.0,1.0,0.0,1.0,1.0,1.0,0.0
102,10.145,0,499,70.01280554083296,13.27,0,27,4.129450545659219,476.585,1,494,68.21119122284995,1.0,1.0,1.0,0.0,1.0,1.0,1.0,0.0
103,10.14,0,499,70.01349762186027,12.72,0,26,4.0736436840157735,477.14,1,495,68.28921940860934,1.0,1.0,1.0,0.0,1.0,1.0,1.0,0.0
104,10.14,0,499,70.01349762186027,12.15,0,25,3.974478885597494,477.71,1,495,68.36677540954742,1.0,1.0,1.0,0.0,1.0,1.0,1.0,0.0
105,10.14,0,499,70.01349762186027,11.635,0,23,3.882931985500146,478.225,1,496,68.43721676245282,1.0,1.0,1.0,0.0,1.0,1.0,1.0,0.0
106,10.14,0,499,70.01349762186027,11.155,0,23,3.8162539184191155,478.705,1,496,68.50351548034473,1.0,1.0,1.0,0.0,1.0,1.0,1.0,0.0
107,10.14,0,499,70.01349762186027,10.72,0,23,3.7418722640144995,479.14,1,497,68.56336540293866,1.0,1.0,1.0,0.0,1.0,1.0,1.0,0.0
108,10.14,0,499,70.01349762186027,10.285,0,22,3.597008109065563,479.575,1,497,68.61943975698732,1.0,1.0,1.0,0.0,1.0,1.0,1.0,0.0
109,10.14,0,499,70.01349762186027,9.955,0,22,3.529199803961431,479.905,1,498,68.66418152225074,1.0,1.0,1.0,0.0,1.0,1.0,1.0,0.0
110,10.14,0,499,70.01349762186027,9.52,0,18,3.421716046593813,480.34,1,498,68.72276545994285,1.0,1.0,1.0,0.0,1.0,1.0,1.0,0.0
111,10.14,0,499,70.01349762186027,9.085,0,18,3.3472068908045163,480.775,1,498,68.78233364833264,1.0,1.0,1.0,0.0,1.0,1.0,1.0,0.0
112,10.14,0,499,70.01349762186027,8.84,0,18,3.307430343542693,481.02,1,498,68.81611649495515,1.0,1.0,1.0,0.0,1.0,1.0,1.0,0.0
113,10.14,0,499,70.01349762186027,8.56,0,17,3.237096533909554,481.3,1,498,68.85364275478106,1.0,1.0,1.0,0.0,1.0,1.0,1.0,0.0
114,10.14,0,499,70.01349762186027,8.195,0,17,3.1234202036940566,481.665,1,498,68.90152301924726,1.0,1.0,1.0,0.0,1.0,1.0,1.0,0.0
115,10.14,0,499,70.01349762186027,7.91,0,16,3.0542663134651242,481.95,1,498,68.93983612560396,1.0,1.0,1.0,0.0,1.0,1.0,1.0,0.0
116,10.14,0,499,70.01349762186027,7.565,0,16,2.9934224375198437,482.295,1,498,68.98742129172835,1.0,1.0,1.0,0.0,1.0,1.0,1.0,0.0
117,10.14,0,499,70.01349762186027,7.285,0,16,2.98299620040963,482.575,1,498,69.02759170857279,1.0,1.0,1.0,0.0,1.0,1.0,1.0,0.0
118,10.135,0,499,70.01418933718159,7.02,0,16,2.8863915675817498,482.845,1,498,69.06250155187702,1.0,1.0,1.0,0.0,1.0,1.0,1.0,0.0
119,10.135,0,499,70.01418933718159,6.69,0,15,2.7753219741683144,483.175,1,498,69.10573338685202,1.0,1.0,1.0,0.0,1.0,1.0,1.0,0.0
120,10.135,0,499,70.01418933718159,6.395,0,15,2.721397623487907,483.47,1,498,69.14662231001903,1.0,1.0,1.0,0.0,1.0,1.0,1.0,0.0
121,10.13,0,499,70.01488068680784,6.15,0,14,2.625254235116092,483.72,1,498,69.17860941071307,1.0,1.0,1.0,0.0,1.0,1.0,1.0,0.0
122,10.13,0,499,70.01488068680784,5.945,0,14,2.6011159182359602,483.925,1,498,69.20728005828092,1.0,1.0,1.0,0.0,1.0,1.0,1.0,0.0
123,10.13,0,499,70.01488068680784,5.73,0,14,2.5749274273814793,484.14,1,498,69.237704312697,1.0,1.0,1.0,0.0,1.0,1.0,1.0,0.0
124,10.13,0,499,70.01488068680784,5.48,0,14,2.5459791928158517,484.39,1,499,69.27295004574441,1.0,1.0,1.0,0.0,1.0,1.0,1.0,0.0
125,10.13,0,499,70.01488068680784,5.285,0,14,2.490943394574609,484.585,1,499,69.29938527140752,1.0,1.0,1.0,0.0,1.0,1.0,1.0,0.0
126,10.13,0,499,70.01488068680784,5.03,0,14,2.430770087046573,484.84,1,499,69.33397725509514,1.0,1.0,1.0,0.0,1.0,1.0,1.0,0.0
127,10.13,0,499,70.01488068680784,4.875,0,14,2.370118628161424,484.995,1,499,69.3543444962355,1.0,1.0,1.0,0.0,1.0,1.0,1.0,0.0
128,10.13,0,499,70.01488068680784,4.695,0,14,2.3493771226266773,485.175,1,499,69.37983990994536,1.0,1.0,1.0,0.0,1.0,1.0,1.0,0.0
129,10.13,0,499,70.01488068680784,4.485,0,13,2.270584234028567,485.385,1,500,69.4076645225321,1.0,1.0,1.0,0.0,1.0,1.0,1.0,0.0
130,10.13,0,499,70.01488068680784,4.305,0,13,2.242121886241651,485.565,1,500,69.43270321960617,1.0,1.0,1.0,0.0,1.0,1.0,1.0,0.0
131,10.13,0,499,70.01488068680784,4.17,0,13,2.2239220188056597,485.7,1,500,69.45125907378981,1.0,1.0,1.0,0.0,1.0,1.0,1.0,0.0
132,10.13,0,499,70.01488068680784,4.065,0,13,2.187395367203266,485.805,1,500,69.46527258621668,1.0,1.0,1.0,0.0,1.0,1.0,1.0,0.0
133,10.13,0,499,70.01488068680784,3.885,0,11,2.093727171179828,485.985,1,500,69.4882570246341,1.0,1.0,1.0,0.0,1.0,1.0,1.0,0.0
134,10.13,0,499,70.01488068680784,3.745,0,11,2.034865693838245,486.125,1,500,69.50665616512048,1.0,1.0,1.0,0.0,1.0,1.0,1.0,0.0
135,10.13,0,499,70.01488068680784,3.615,0,10,2.0042103922698367,486.255,1,500,69.52451557782807,1.0,1.0,1.0,0.0,1.0,1.0,1.0,0.0
136,10.13,0,499,70.01488068680784,3.485,0,10,1.9797403514846288,486.385,1,500,69.54227068524798,1.0,1.0,1.0,0.0,1.0,1.0,1.0,0.0
137,10.13,0,499,70.01488068680784,3.34,0,10,1.8926995423967703,486.53,1,500,69.56085582651052,1.0,1.0,1.0,0.0,1.0,1.0,1.0,0.0
138,10.13,0,499,70.01488068680784,3.205,0,8,1.7997696670050192,486.665,1,500,69.57778464120491,1.0,1.0,1.0,0.0,1.0,1.0,1.0,0.0
139,10.13,0,499,70.01488068680784,3.115,0,8,1.742687521902585,486.755,1,500,69.58942748065562,1.0,1.0,1.0,0.0,1.0,1.0,1.0,0.0
140,10.13,0,499,70.01488068680784,2.955,0,7,1.6814013657553089,486.915,1,500,69.61103544899622,1.0,1.0,1.0,0.0,1.0,1.0,1.0,0.0
141,10.13,0,499,70.01488068680784,2.825,0,7,1.687784965702758,487.045,1,500,69.62991166151187,1.0,1.0,1.0,0.0,1.0,1.0,1.0,0.0
142,10.13,0,499,70.01488068680784,2.745,0,7,1.6503311682277955,487.125,1,500,69.64056588717115,1.0,1.0,1.0,0.0,1.0,1.0,1.0,0.0
143,10.13,0,499,70.01488068680784,2.595,0,7,1.6475884615684422,487.275,1,500,69.66199352378987,1.0,1.0,1.0,0.0,1.0,1.0,1.0,0.0
144,10.13,0,499,70.01488068680784,2.485,0,7,1.588202422449156,487.385,1,500,69.67640044444369,1.0,1.0,1.0,0.0,1.0,1.0,1.0,0.0
145,10.13,0,499,70.01488068680784,2.405,0,7,1.5598527826425121,487.465,1,500,69.68744849244327,1.0,1.0,1.0,0.0,1.0,1.0,1.0,0.0
146,10.13,0,499,70.01488068680784,2.305,0,6,1.5110896597485515,487.565,1,500,69.70076584079958,1.0,1.0,1.0,0.0,1.0,1.0,1.0,0.0
147,10.13,0,499,70.01488068680784,2.255,0,6,1.500410329136298,487.615,1,500,69.70762180485318,1.0,1.0,1.0,0.0,1.0,1.0,1.0,0.0
148,10.13,0,499,70.01488068680784,2.195,0,6,1.468932884476169,487.675,1,500,69.71564192233488,1.0,1.0,1.0,0.0,1.0,1.0,1.0,0.0
149,10.13,0,499,70.01488068680784,2.12,0,6,1.4408261170236634,487.75,1,500,69.72579099334938,1.0,1.0,1.0,0.0,1.0,1.0,1.0,0.0
150,10.13,0,499,70.01488068680784,2.02,0,6,1.4033699569895692,487.85,1,500,69.73955497160985,1.0,1.0,1.0,0.0,1.0,1.0,1.0,0.0
151,10.13,0,499,70.01488068680784,1.9,0,6,1.3635602232435722,487.97,1,500,69.75584916307959,1.0,1.0,1.0,0.0,1.0,1.0,1.0,0.0
152,10.13,0,499,70.01488068680784,1.815,0,6,1.3302718201848407,488.055,1,500,69.76739512200918,1.0,1.0,1.0,0.0,1.0,1.0,1.0,0.0
153,10.13,0,499,70.01488068680784,1.76,0,6,1.3041873035009446,488.11,1,500,69.77492818351786,1.0,1.0,1.0,0.0,1.0,1.0,1.0,0.0
154,10.13,0,499,70.01488068680784,1.69,0,6,1.3047651360691352,488.18,1,500,69.7851519822514,1.0,1.0,1.0,0.0,1.0,1.0,1.0,0.0
155,10.13,0,499,70.01488068680784,1.625,0,5,1.2498743655456899,488.245,1,500,69.79355757082425,1.0,1.0,1.0,0.0,1.0,1.0,1.0,0.0
156,10.13,0,499,70.01488068680784,1.555,0,5,1.2306696301987252,488.315,1,500,69.80313865313754,1.0,1.0,1.0,0.0,1.0,1.0,1.0,0.0
157,10.13,0,499,70.01488068680784,1.5,0,5,1.2030112970810056,488.37,1,500,69.81024604068737,1.0,1.0,1.0,0.0,1.0,1.0,1.0,0.0
158,10.13,0,499,70.01488068680784,1.435,0,5,1.1886291246557523,488.435,1,500,69.81911859661393,1.0,1.0,1.0,0.0,1.0,1.0,1.0,0.0
159,10.13,0,499,70.01488068680784,1.37,0,5,1.1531473209085614,488.5,1,500,69.82800117963939,1.0,1.0,1.0,0.0,1.0,1.0,1.0,0.0
160,10.13,0,499,70.01488068680784,1.295,0,5,1.133312395116467,488.575,1,500,69.83846670826046,1.0,1.0,1.0,0.0,1.0,1.0,1.0,0.0
161,10.13,0,499,70.01488068680784,1.23,0,5,1.1240182762869717,488.64,1,500,69.84743172510329,1.0,1.0,1.0,0.0,1.0,1.0,1.0,0.0
162,10.13,0,499,70.01488068680784,1.165,0,5,1.0925857946143016,488.705,1,500,69.85640674135817,1.0,1.0,1.0,0.0,1.0,1.0,1.0,0.0
163,10.13,0,499,70.01488068680784,1.11,0,5,1.059961125673814,488.76,1,500,69.86384748873803,1.0,1.0,1.0,0.0,1.0,1.0,1.0,0.0
164,10.13,0,499,70.01488068680784,1.065,0,5,1.0470225792250305,488.805,1,500,69.87020971794884,1.0,1.0,1.0,0.0,1.0,1.0,1.0,0.0
165,10.13,0,499,70.01488068680784,1.04,0,5,1.0506757815758152,488.83,1,500,69.8739072513686,1.0,1.0,1.0,0.0,1.0,1.0,1.0,0.0
166,10.13,0,499,70.01488068680784,0.99,0,5,1.017386542511951,488.88,1,500,69.88062757698133,1.0,1.0,1.0,0.0,1.0,1.0,1.0,0.0
167,10.13,0,499,70.01488068680784,0.955,0,4,0.952634537907413,488.915,1,500,69.88481388009326,1.0,1.0,1.0,0.0,1.0,1.0,1.0,0.0
168,10.13,0,499,70.01488068680784,0.945,0,4,0.9573702465319903,488.925,1,500,69.88633539091785,1.0,1.0,1.0,0.0,1.0,1.0,1.0,0.0
169,10.13,0,499,70.01488068680784,0.91,0,4,0.9573308790905583,488.96,1,500,69.8912176997782,1.0,1.0,1.0,0.0,1.0,1.0,1.0,0.0
170,10.13,0,499,70.01488068680784,0.865,0,4,0.9279441804387004,489.005,1,500,69.89723235187684,1.0,1.0,1.0,0.0,1.0,1.0,1.0,0.0
171,10.13,0,499,70.01488068680784,0.83,0,4,0.9084195785281529,489.04,1,500,69.90200175421465,1.0,1.0,1.0,0.0,1.0,1.0,1.0,0.0
172,10.13,0,499,70.01488068680784,0.82,0,4,0.9120081106930186,489.05,1,500,69.90343303263971,1.0,1.0,1.0,0.0,1.0,1.0,1.0,0.0
173,10.13,0,499,70.01488068680784,0.79,0,4,0.899972082202397,489.08,1,500,69.90757430152773,1.0,1.0,1.0,0.0,1.0,1.0,1.0,0.0
174,10.13,0,499,70.01488068680784,0.765,0,4,0.8852646312468854,489.105,1,500,69.91095538910254,1.0,1.0,1.0,0.0,1.0,1.0,1.0,0.0
175,10.13,0,499,70.01488068680784,0.75,0,4,0.8725288148040249,489.12,1,500,69.9129796505491,1.0,1.0,1.0,0.0,1.0,1.0,1.0,0.0
176,10.13,0,499,70.01488068680784,0.71,0,4,0.8599988313653387,489.16,1,500,69.91850532537632,1.0,1.0,1.0,0.0,1.0,1.0,1.0,0.0
177,10.13,0,499,70.01488068680784,0.685,0,4,0.8241182283333846,489.185,1,500,69.92156966575203,1.0,1.0,1.0,0.0,1.0,1.0,1.0,0.0
178,10.13,0,499,70.01488068680784,0.67,0,4,0.821262663104226,489.2,1,500,69.92372010388056,1.0,1.0,1.0,0.0,1.0,1.0,1.0,0.0
179,10.13,0,499,70.01488068680784,0.635,0,4,0.8155369412310903,489.235,1,500,69.92867705292198,1.0,1.0,1.0,0.0,1.0,1.0,1.0,0.0
180,10.13,0,499,70.01488068680784,0.6,0,4,0.8020075313873366,489.27,1,500,69.93347233452532,1.0,1.0,1.0,0.0,1.0,1.0,1.0,0.0
181,10.13,0,499,70.01488068680784,0.56,0,4,0.7870816269213669,489.31,1,500,69.93912572039105,1.0,1.0,1.0,0.0,1.0,1.0,1.0,0.0
182,10.13,0,499,70.01488068680784,0.53,0,4,0.7888035593710148,489.34,1,500,69.94351202486088,1.0,1.0,1.0,0.0,1.0,1.0,1.0,0.0
183,10.13,0,499,70.01488068680784,0.505,0,4,0.7829688378249963,489.365,1,500,69.94701350659983,1.0,1.0,1.0,0.0,1.0,1.0,1.0,0.0
184,10.13,0,499,70.01488068680784,0.47,0,4,0.7628958318481339,489.4,1,500,69.95181399654362,1.0,1.0,1.0,0.0,1.0,1.0,1.0,0.0
185,10.13,0,499,70.01488068680784,0.45,0,4,0.755216365549615,489.42,1,500,69.9546414421265,1.0,1.0,1.0,0.0,1.0,1.0,1.0,0.0
186,10.13,0,499,70.01488068680784,0.425,0,4,0.7189991648082596,489.445,1,500,69.95782631208291,1.0,1.0,1.0,0.0,1.0,1.0,1.0,0.0
187,10.13,0,499,70.01488068680784,0.41,0,4,0.7031158221064878,489.46,1,500,69.95984778076306,1.0,1.0,1.0,0.0,1.0,1.0,1.0,0.0
188,10.13,0,499,70.01488068680784,0.37,0,3,0.6285502182677388,489.5,1,500,69.96481527799827,1.0,1.0,1.0,0.0,1.0,1.0,1.0,0.0
189,10.13,0,499,70.01488068680784,0.345,0,3,0.6064767681879982,489.525,1,500,69.96825823760386,1.0,1.0,1.0,0.0,1.0,1.0,1.0,0.0
190,10.13,0,499,70.01488068680784,0.33,0,3,0.5940238392590319,489.54,1,500,69.97033398656143,1.0,1.0,1.0,0.0,1.0,1.0,1.0,0.0
191,10.13,0,499,70.01488068680784,0.325,0,3,0.5925627842400598,489.545,1,500,69.97104911009868,1.0,1.0,1.0,0.0,1.0,1.0,1.0,0.0
192,10.13,0,499,70.01488068680784,0.31,0,3,0.5879014719351514,489.56,1,500,69.97312046736016,1.0,1.0,1.0,0.0,1.0,1.0,1.0,0.0
193,10.13,0,499,70.01488068680784,0.29,0,2,0.5453319490671409,489.58,1,500,69.97561384270463,1.0,1.0,1.0,0.0,1.0,1.0,1.0,0.0
194,10.13,0,499,70.01488068680784,0.275,0,2,0.5298857371852556,489.595,1,500,69.97767752475637,1.0,1.0,1.0,0.0,1.0,1.0,1.0,0.0
195,10.13,0,499,70.01488068680784,0.27,0,2,0.5181140907708228,489.6,1,500,69.97831681400035,1.0,1.0,1.0,0.0,1.0,1.0,1.0,0.0
196,10.13,0,499,70.01488068680784,0.26,0,2,0.5135353862829943,489.61,1,500,69.97973791457757,1.0,1.0,1.0,0.0,1.0,1.0,1.0,0.0
197,10.13,0,499,70.01488068680784,0.235,0,2,0.48055140020731,489.635,1,500,69.98306884256446,1.0,1.0,1.0,0.0,1.0,1.0,1.0,0.0
198,10.13,0,499,70.01488068680784,0.225,0,2,0.4641683544863142,489.645,1,500,69.98441301694707,1.0,1.0,1.0,0.0,1.0,1.0,1.0,0.0
199,10.13,0,499,70.01488068680784,0.22,0,2,0.46115433054771865,489.65,1,500,69.98512045733105,1.0,1.0,1.0,0.0,1.0,1.0,1.0,0.0
200,10.13,0,499,70.01488068680784,0.215,0,2,0.4580656291439197,489.655,1,500,69.98582753155371,1.0,1.0,1.0,0.0,1.0,1.0,1.0,0.0
