day_lags,ped
11,0.001
10,0.001
0,0.001
0,0.001
0,0.001
0,0.001
0,0.001
0,0.001
0,0.001
0,0.001
0,0.001
0,0.001
0,0.001
0,0.001
30,0.001
56,0.001
0,0.001
0,0.001
0,0.001
22,0.001
0,0.001
39,0.001
0,0.001
0,0.001
0,0.001
0,0.001
0,0.001
0,0.001
0,0.001
0,0.001
22,0.001
30,0.001
0,0.001
0,0.001
0,0.001
0,0.001
10,0.001
1,0.001
12,0.001
0,0.001
0,0.001
0,0.001
8,0.001
0,0.001
0,0.001
0,0.001
0,0.001
0,0.001
34,0.001
0,0.001
19,0.002
0,0.002
0,0.002
0,0.002
0,0.002
0,0.002
36,0.002
4,0.002
0,0.002
18,0.002
21,0.002
0,0.002
0,0.002
0,0.002
1,0.002
0,0.002
0,0.002
0,0.002
10,0.002
32,0.002
45,0.002
0,0.002
2,0.002
65,0.002
12,0.002
0,0.002
0,0.002
0,0.002
0,0.002
0,0.002
0,0.002
0,0.002
0,0.002
0,0.002
0,0.002
0,0.002
0,0.002
0,0.002
4,0.002
0,0.002
0,0.002
0,0.002
0,0.002
15,0.002
0,0.002
17,0.002
8,0.002
0,0.002
0,0.002
33,0.002
64,0.003
0,0.003
13,0.003
0,0.003
15,0.003
0,0.003
2,0.003
35,0.003
12,0.003
72,0.003
0,0.003
0,0.003
0,0.003
0,0.003
10,0.003
29,0.003
0,0.003
9,0.003
13,0.003
27,0.003
32,0.003
3,0.003
17,0.003
0,0.003
2,0.003
0,0.003
8,0.003
0,0.003
0,0.003
0,0.003
0,0.003
100,0.003
33,0.003
0,0.003
0,0.003
26,0.003
13,0.003
34,0.003
0,0.003
16,0.003
0,0.003
0,0.003
0,0.003
0,0.003
63,0.003
0,0.003
112,0.003
0,0.003
9,0.003
0,0.003
29,0.004
0,0.004
82,0.004
29,0.004
0,0.004
73,0.004
0,0.004
46,0.004
141,0.004
119,0.004
0,0.004
115,0.004
16,0.004
0,0.004
2,0.004
0,0.004
0,0.004
0,0.004
133,0.004
4,0.004
0,0.004
0,0.004
74,0.004
18,0.004
77,0.004
66,0.004
5,0.004
30,0.004
0,0.004
124,0.004
99,0.004
22,0.004
5,0.004
94,0.004
113,0.004
73,0.004
6,0.004
0,0.004
0,0.004
140,0.004
0,0.004
27,0.004
0,0.004
112,0.004
85,0.004
19,0.004
57,0.004
0,0.004
178,0.004
0,0.004
1,0.005
0,0.005
0,0.005
13,0.005
0,0.005
131,0.005
0,0.005
0,0.005
108,0.005
24,0.005
0,0.005
0,0.005
5,0.005
112,0.005
111,0.005
29,0.005
59,0.005
76,0.005
28,0.005
0,0.005
6,0.005
0,0.005
47,0.005
32,0.005
86,0.005
17,0.005
0,0.005
0,0.005
0,0.005
104,0.005
83,0.005
77,0.005
31,0.005
91,0.005
10,0.005
0,0.005
0,0.005
22,0.005
0,0.005
0,0.005
0,0.005
91,0.005
0,0.005
110,0.005
0,0.005
8,0.005
0,0.005
78,0.005
0,0.005
133,0.005
71,0.006
0,0.006
106,0.006
0,0.006
89,0.006
104,0.006
6,0.006
0,0.006
86,0.006
122,0.006
93,0.006
103,0.006
0,0.006
14,0.006
6,0.006
60,0.006
17,0.006
111,0.006
84,0.006
131,0.006
52,0.006
98,0.006
112,0.006
21,0.006
97,0.006
87,0.006
0,0.006
87,0.006
113,0.006
1,0.006
42,0.006
95,0.006
0,0.006
104,0.006
6,0.006
0,0.006
0,0.006
0,0.006
101,0.006
18,0.006
114,0.006
31,0.006
159,0.006
68,0.006
0,0.006
0,0.006
109,0.006
2,0.006
44,0.006
106,0.006
82,0.007
109,0.007
25,0.007
0,0.007
96,0.007
0,0.007
59,0.007
124,0.007
74,0.007
120,0.007
134,0.007
80,0.007
0,0.007
99,0.007
0,0.007
0,0.007
83,0.007
135,0.007
109,0.007
104,0.007
0,0.007
0,0.007
0,0.007
73,0.007
76,0.007
105,0.007
121,0.007
82,0.007
78,0.007
34,0.007
110,0.007
93,0.007
0,0.007
84,0.007
46,0.007
0,0.007
0,0.007
104,0.007
101,0.007
2,0.007
0,0.007
0,0.007
86,0.007
7,0.007
0,0.007
87,0.007
86,0.007
35,0.007
0,0.007
0,0.007
0,0.008
15,0.008
100,0.008
0,0.008
51,0.008
86,0.008
131,0.008
115,0.008
0,0.008
0,0.008
0,0.008
106,0.008
43,0.008
133,0.008
85,0.008
139,0.008
104,0.008
54,0.008
136,0.008
117,0.008
94,0.008
119,0.008
0,0.008
139,0.008
36,0.008
106,0.008
70,0.008
38,0.008
75,0.008
135,0.008
139,0.008
72,0.008
99,0.008
118,0.008
105,0.008
77,0.008
62,0.008
84,0.008
52,0.008
4,0.008
104,0.008
0,0.008
80,0.008
104,0.008
56,0.008
119,0.008
90,0.008
27,0.008
116,0.008
3,0.008
16,0.009
33,0.009
3,0.009
12,0.009
19,0.009
34,0.009
6,0.009
10,0.009
4,0.009
13,0.009
0,0.009
12,0.009
0,0.009
0,0.009
28,0.009
19,0.009
13,0.009
0,0.009
1,0.009
32,0.009
0,0.009
19,0.009
24,0.009
3,0.009
0,0.009
1,0.009
0,0.009
26,0.009
30,0.009
12,0.009
11,0.009
24,0.009
0,0.009
1,0.009
0,0.009
4,0.009
16,0.009
13,0.009
15,0.009
0,0.009
6,0.009
0,0.009
15,0.009
5,0.009
31,0.009
10,0.009
9,0.009
31,0.009
8,0.009
21,0.009
0,0.01
0,0.01
3,0.01
9,0.01
7,0.01
0,0.01
15,0.01
3,0.01
24,0.01
21,0.01
6,0.01
3,0.01
18,0.01
8,0.01
14,0.01
25,0.01
16,0.01
20,0.01
10,0.01
8,0.01
0,0.01
10,0.01
17,0.01
14,0.01
13,0.01
16,0.01
2,0.01
11,0.01
16,0.01
13,0.01
0,0.01
0,0.01
14,0.01
14,0.01
22,0.01
0,0.01
8,0.01
0,0.01
11,0.01
8,0.01
11,0.01
16,0.01
9,0.01
26,0.01
18,0.01
13,0.01
5,0.01
17,0.01
13,0.01
6,0.01
13,0.011
0,0.011
16,0.011
4,0.011
12,0.011
0,0.011
0,0.011
3,0.011
0,0.011
9,0.011
11,0.011
3,0.011
20,0.011
11,0.011
10,0.011
11,0.011
11,0.011
14,0.011
0,0.011
11,0.011
9,0.011
7,0.011
14,0.011
14,0.011
13,0.011
0,0.011
6,0.011
25,0.011
13,0.011
22,0.011
0,0.011
0,0.011
3,0.011
5,0.011
18,0.011
6,0.011
0,0.011
6,0.011
21,0.011
5,0.011
10,0.011
15,0.011
0,0.011
16,0.011
32,0.011
3,0.011
19,0.011
16,0.011
12,0.011
11,0.011
7,0.012
2,0.012
8,0.012
0,0.012
9,0.012
2,0.012
12,0.012
9,0.012
10,0.012
11,0.012
10,0.012
7,0.012
15,0.012
7,0.012
0,0.012
0,0.012
7,0.012
9,0.012
0,0.012
19,0.012
14,0.012
11,0.012
3,0.012
14,0.012
14,0.012
10,0.012
3,0.012
18,0.012
7,0.012
17,0.012
21,0.012
14,0.012
22,0.012
0,0.012
10,0.012
1,0.012
7,0.012
3,0.012
10,0.012
13,0.012
13,0.012
19,0.012
16,0.012
18,0.012
21,0.012
19,0.012
20,0.012
10,0.012
7,0.012
9,0.012
7,0.013
8,0.013
0,0.013
0,0.013
6,0.013
14,0.013
19,0.013
15,0.013
13,0.013
8,0.013
9,0.013
3,0.013
6,0.013
3,0.013
12,0.013
0,0.013
19,0.013
6,0.013
24,0.013
15,0.013
12,0.013
8,0.013
10,0.013
5,0.013
0,0.013
18,0.013
9,0.013
9,0.013
0,0.013
11,0.013
0,0.013
8,0.013
12,0.013
21,0.013
11,0.013
15,0.013
22,0.013
0,0.013
0,0.013
13,0.013
11,0.013
19,0.013
11,0.013
7,0.013
19,0.013
2,0.013
11,0.013
11,0.013
16,0.013
11,0.013
0,0.014
10,0.014
17,0.014
3,0.014
0,0.014
0,0.014
11,0.014
0,0.014
8,0.014
12,0.014
0,0.014
0,0.014
13,0.014
3,0.014
21,0.014
11,0.014
8,0.014
0,0.014
19,0.014
7,0.014
16,0.014
0,0.014
8,0.014
10,0.014
4,0.014
6,0.014
19,0.014
15,0.014
13,0.014
11,0.014
16,0.014
7,0.014
6,0.014
8,0.014
9,0.014
0,0.014
5,0.014
0,0.014
11,0.014
0,0.014
8,0.014
18,0.014
11,0.014
9,0.014
21,0.014
0,0.014
17,0.014
18,0.014
12,0.014
17,0.014
7,0.015
11,0.015
4,0.015
4,0.015
9,0.015
19,0.015
9,0.015
13,0.015
5,0.015
5,0.015
11,0.015
7,0.015
17,0.015
22,0.015
0,0.015
0,0.015
10,0.015
5,0.015
9,0.015
10,0.015
10,0.015
2,0.015
20,0.015
10,0.015
12,0.015
6,0.015
15,0.015
16,0.015
20,0.015
15,0.015
20,0.015
10,0.015
3,0.015
13,0.015
6,0.015
16,0.015
8,0.015
1,0.015
9,0.015
0,0.015
14,0.015
0,0.015
11,0.015
11,0.015
14,0.015
0,0.015
11,0.015
10,0.015
3,0.015
3,0.015
8,0.016
18,0.016
15,0.016
0,0.016
10,0.016
9,0.016
8,0.016
10,0.016
8,0.016
10,0.016
0,0.016
7,0.016
11,0.016
6,0.016
6,0.016
0,0.016
14,0.016
10,0.016
3,0.016
13,0.016
7,0.016
18,0.016
0,0.016
0,0.016
18,0.016
4,0.016
5,0.016
13,0.016
11,0.016
10,0.016
13,0.016
7,0.016
6,0.016
11,0.016
9,0.016
10,0.016
0,0.016
8,0.016
15,0.016
10,0.016
18,0.016
14,0.016
12,0.016
19,0.016
8,0.016
15,0.016
11,0.016
15,0.016
0,0.016
9,0.016
12,0.017
4,0.017
14,0.017
16,0.017
18,0.017
11,0.017
12,0.017
18,0.017
0,0.017
6,0.017
11,0.017
9,0.017
14,0.017
9,0.017
12,0.017
13,0.017
12,0.017
7,0.017
16,0.017
9,0.017
11,0.017
12,0.017
13,0.017
9,0.017
10,0.017
6,0.017
8,0.017
6,0.017
8,0.017
0,0.017
10,0.017
15,0.017
12,0.017
7,0.017
7,0.017
12,0.017
9,0.017
5,0.017
11,0.017
13,0.017
17,0.017
7,0.017
9,0.017
9,0.017
10,0.017
14,0.017
6,0.017
7,0.017
12,0.017
5,0.017
3,0.018
7,0.018
13,0.018
12,0.018
6,0.018
10,0.018
8,0.018
9,0.018
7,0.018
12,0.018
7,0.018
18,0.018
15,0.018
17,0.018
18,0.018
12,0.018
20,0.018
10,0.018
10,0.018
6,0.018
7,0.018
11,0.018
17,0.018
9,0.018
12,0.018
19,0.018
6,0.018
11,0.018
6,0.018
12,0.018
0,0.018
11,0.018
0,0.018
4,0.018
6,0.018
5,0.018
12,0.018
8,0.018
12,0.018
8,0.018
14,0.018
7,0.018
10,0.018
9,0.018
8,0.018
10,0.018
11,0.018
10,0.018
8,0.018
0,0.018
10,0.019
18,0.019
0,0.019
10,0.019
13,0.019
10,0.019
9,0.019
14,0.019
0,0.019
12,0.019
9,0.019
8,0.019
10,0.019
17,0.019
11,0.019
7,0.019
6,0.019
10,0.019
0,0.019
11,0.019
12,0.019
7,0.019
0,0.019
10,0.019
8,0.019
6,0.019
9,0.019
8,0.019
8,0.019
11,0.019
15,0.019
9,0.019
4,0.019
7,0.019
5,0.019
14,0.019
12,0.019
5,0.019
12,0.019
7,0.019
15,0.019
19,0.019
12,0.019
11,0.019
13,0.019
8,0.019
7,0.019
11,0.019
9,0.019
0,0.019
9,0.02
15,0.02
8,0.02
8,0.02
9,0.02
6,0.02
10,0.02
5,0.02
13,0.02
14,0.02
13,0.02
9,0.02
10,0.02
0,0.02
10,0.02
7,0.02
12,0.02
0,0.02
17,0.02
11,0.02
3,0.02
0,0.02
17,0.02
9,0.02
0,0.02
10,0.02
0,0.02
14,0.02
10,0.02
16,0.02
10,0.02
11,0.02
6,0.02
4,0.02
11,0.02
12,0.02
8,0.02
12,0.02
12,0.02
13,0.02
9,0.02
14,0.02
10,0.02
8,0.02
0,0.02
11,0.02
11,0.02
14,0.02
15,0.02
9,0.02
13,0.021
11,0.021
11,0.021
6,0.021
10,0.021
9,0.021
13,0.021
0,0.021
8,0.021
11,0.021
7,0.021
11,0.021
10,0.021
9,0.021
10,0.021
9,0.021
6,0.021
8,0.021
11,0.021
9,0.021
10,0.021
14,0.021
9,0.021
9,0.021
9,0.021
6,0.021
7,0.021
12,0.021
12,0.021
21,0.021
16,0.021
4,0.021
15,0.021
16,0.021
10,0.021
0,0.021
14,0.021
8,0.021
10,0.021
13,0.021
14,0.021
12,0.021
10,0.021
8,0.021
9,0.021
13,0.021
13,0.021
10,0.021
12,0.021
8,0.021
12,0.022
10,0.022
11,0.022
12,0.022
8,0.022
12,0.022
10,0.022
10,0.022
22,0.022
12,0.022
10,0.022
9,0.022
7,0.022
17,0.022
6,0.022
8,0.022
17,0.022
7,0.022
0,0.022
10,0.022
8,0.022
12,0.022
7,0.022
14,0.022
14,0.022
6,0.022
8,0.022
7,0.022
7,0.022
10,0.022
7,0.022
11,0.022
5,0.022
11,0.022
8,0.022
12,0.022
13,0.022
0,0.022
13,0.022
12,0.022
7,0.022
13,0.022
16,0.022
13,0.022
7,0.022
0,0.022
0,0.022
6,0.022
12,0.022
9,0.022
8,0.023
13,0.023
6,0.023
15,0.023
0,0.023
8,0.023
16,0.023
10,0.023
0,0.023
8,0.023
7,0.023
13,0.023
12,0.023
12,0.023
8,0.023
9,0.023
7,0.023
7,0.023
6,0.023
13,0.023
10,0.023
7,0.023
12,0.023
6,0.023
15,0.023
9,0.023
9,0.023
8,0.023
6,0.023
4,0.023
6,0.023
10,0.023
11,0.023
8,0.023
10,0.023
11,0.023
0,0.023
10,0.023
11,0.023
5,0.023
16,0.023
5,0.023
6,0.023
7,0.023
12,0.023
17,0.023
12,0.023
15,0.023
8,0.023
4,0.023
10,0.024
4,0.024
11,0.024
15,0.024
10,0.024
5,0.024
13,0.024
5,0.024
6,0.024
0,0.024
14,0.024
6,0.024
20,0.024
10,0.024
7,0.024
8,0.024
9,0.024
18,0.024
16,0.024
11,0.024
15,0.024
10,0.024
7,0.024
11,0.024
6,0.024
10,0.024
13,0.024
0,0.024
13,0.024
6,0.024
9,0.024
14,0.024
10,0.024
9,0.024
10,0.024
14,0.024
9,0.024
0,0.024
10,0.024
16,0.024
12,0.024
5,0.024
4,0.024
6,0.024
8,0.024
12,0.024
10,0.024
9,0.024
11,0.024
8,0.024
6,0.025
10,0.025
11,0.025
10,0.025
5,0.025
10,0.025
14,0.025
16,0.025
12,0.025
10,0.025
9,0.025
15,0.025
7,0.025
8,0.025
16,0.025
13,0.025
7,0.025
13,0.025
7,0.025
5,0.025
4,0.025
8,0.025
12,0.025
9,0.025
6,0.025
9,0.025
8,0.025
10,0.025
12,0.025
14,0.025
13,0.025
11,0.025
5,0.025
7,0.025
0,0.025
8,0.025
8,0.025
9,0.025
10,0.025
5,0.025
6,0.025
9,0.025
8,0.025
12,0.025
7,0.025
6,0.025
8,0.025
7,0.025
7,0.025
3,0.025
8,0.026
7,0.026
14,0.026
6,0.026
13,0.026
14,0.026
15,0.026
11,0.026
11,0.026
8,0.026
12,0.026
11,0.026
8,0.026
0,0.026
6,0.026
10,0.026
15,0.026
7,0.026
6,0.026
8,0.026
10,0.026
11,0.026
7,0.026
11,0.026
5,0.026
7,0.026
16,0.026
9,0.026
10,0.026
7,0.026
10,0.026
10,0.026
11,0.026
13,0.026
14,0.026
9,0.026
7,0.026
5,0.026
10,0.026
9,0.026
9,0.026
8,0.026
14,0.026
10,0.026
11,0.026
11,0.026
12,0.026
10,0.026
10,0.026
8,0.026
5,0.027
12,0.027
7,0.027
6,0.027
8,0.027
14,0.027
15,0.027
10,0.027
12,0.027
9,0.027
10,0.027
14,0.027
0,0.027
8,0.027
5,0.027
7,0.027
7,0.027
13,0.027
8,0.027
8,0.027
13,0.027
11,0.027
13,0.027
11,0.027
8,0.027
11,0.027
10,0.027
7,0.027
0,0.027
10,0.027
5,0.027
9,0.027
11,0.027
6,0.027
0,0.027
8,0.027
8,0.027
6,0.027
8,0.027
12,0.027
15,0.027
14,0.027
4,0.027
8,0.027
13,0.027
8,0.027
15,0.027
10,0.027
8,0.027
9,0.027
10,0.028
11,0.028
15,0.028
6,0.028
9,0.028
7,0.028
13,0.028
8,0.028
10,0.028
9,0.028
12,0.028
8,0.028
11,0.028
9,0.028
9,0.028
6,0.028
10,0.028
8,0.028
13,0.028
11,0.028
9,0.028
11,0.028
9,0.028
7,0.028
7,0.028
5,0.028
7,0.028
11,0.028
8,0.028
10,0.028
11,0.028
8,0.028
6,0.028
16,0.028
11,0.028
8,0.028
8,0.028
13,0.028
14,0.028
7,0.028
8,0.028
5,0.028
6,0.028
10,0.028
11,0.028
6,0.028
6,0.028
7,0.028
11,0.028
6,0.028
7,0.029
10,0.029
9,0.029
9,0.029
8,0.029
11,0.029
10,0.029
7,0.029
8,0.029
7,0.029
8,0.029
7,0.029
12,0.029
11,0.029
12,0.029
8,0.029
8,0.029
7,0.029
6,0.029
9,0.029
13,0.029
9,0.029
12,0.029
0,0.029
6,0.029
9,0.029
7,0.029
8,0.029
5,0.029
17,0.029
6,0.029
8,0.029
12,0.029
10,0.029
8,0.029
16,0.029
6,0.029
5,0.029
11,0.029
8,0.029
0,0.029
7,0.029
14,0.029
8,0.029
7,0.029
6,0.029
7,0.029
0,0.029
12,0.029
9,0.029
7,0.03
9,0.03
7,0.03
0,0.03
9,0.03
8,0.03
9,0.03
13,0.03
6,0.03
8,0.03
9,0.03
10,0.03
7,0.03
8,0.03
12,0.03
5,0.03
10,0.03
10,0.03
9,0.03
5,0.03
8,0.03
9,0.03
8,0.03
6,0.03
12,0.03
7,0.03
10,0.03
7,0.03
6,0.03
8,0.03
8,0.03
11,0.03
11,0.03
5,0.03
7,0.03
0,0.03
9,0.03
9,0.03
11,0.03
9,0.03
12,0.03
9,0.03
10,0.03
11,0.03
10,0.03
13,0.03
9,0.03
11,0.03
7,0.03
9,0.03
7,0.031
15,0.031
5,0.031
6,0.031
10,0.031
9,0.031
9,0.031
12,0.031
0,0.031
8,0.031
7,0.031
10,0.031
8,0.031
10,0.031
10,0.031
5,0.031
8,0.031
11,0.031
10,0.031
5,0.031
15,0.031
9,0.031
7,0.031
10,0.031
13,0.031
11,0.031
8,0.031
0,0.031
9,0.031
15,0.031
11,0.031
12,0.031
9,0.031
9,0.031
11,0.031
11,0.031
10,0.031
9,0.031
13,0.031
8,0.031
11,0.031
4,0.031
7,0.031
10,0.031
6,0.031
7,0.031
8,0.031
6,0.031
8,0.031
12,0.031
12,0.032
12,0.032
7,0.032
11,0.032
11,0.032
6,0.032
9,0.032
10,0.032
11,0.032
9,0.032
7,0.032
7,0.032
6,0.032
10,0.032
5,0.032
7,0.032
7,0.032
7,0.032
11,0.032
0,0.032
10,0.032
10,0.032
6,0.032
7,0.032
9,0.032
18,0.032
8,0.032
12,0.032
9,0.032
11,0.032
11,0.032
8,0.032
9,0.032
0,0.032
4,0.032
10,0.032
10,0.032
13,0.032
10,0.032
5,0.032
10,0.032
10,0.032
9,0.032
8,0.032
13,0.032
12,0.032
11,0.032
11,0.032
10,0.032
12,0.032
7,0.033
10,0.033
6,0.033
10,0.033
0,0.033
9,0.033
12,0.033
10,0.033
11,0.033
0,0.033
9,0.033
6,0.033
7,0.033
9,0.033
10,0.033
13,0.033
6,0.033
8,0.033
6,0.033
8,0.033
13,0.033
9,0.033
0,0.033
6,0.033
10,0.033
3,0.033
10,0.033
10,0.033
8,0.033
9,0.033
7,0.033
8,0.033
8,0.033
8,0.033
6,0.033
9,0.033
5,0.033
11,0.033
6,0.033
11,0.033
11,0.033
9,0.033
8,0.033
9,0.033
8,0.033
8,0.033
9,0.033
7,0.033
4,0.033
10,0.033
0,0.034
9,0.034
8,0.034
10,0.034
6,0.034
8,0.034
10,0.034
10,0.034
7,0.034
3,0.034
8,0.034
6,0.034
7,0.034
7,0.034
11,0.034
15,0.034
10,0.034
12,0.034
6,0.034
8,0.034
14,0.034
9,0.034
0,0.034
7,0.034
7,0.034
10,0.034
9,0.034
7,0.034
10,0.034
10,0.034
9,0.034
14,0.034
9,0.034
8,0.034
8,0.034
8,0.034
12,0.034
10,0.034
9,0.034
9,0.034
8,0.034
6,0.034
10,0.034
8,0.034
10,0.034
11,0.034
9,0.034
11,0.034
7,0.034
13,0.034
10,0.035
0,0.035
13,0.035
8,0.035
6,0.035
12,0.035
8,0.035
0,0.035
6,0.035
7,0.035
16,0.035
10,0.035
9,0.035
11,0.035
13,0.035
8,0.035
10,0.035
10,0.035
4,0.035
7,0.035
8,0.035
8,0.035
12,0.035
7,0.035
10,0.035
7,0.035
11,0.035
12,0.035
6,0.035
10,0.035
10,0.035
7,0.035
10,0.035
10,0.035
7,0.035
12,0.035
7,0.035
6,0.035
9,0.035
8,0.035
9,0.035
6,0.035
12,0.035
10,0.035
9,0.035
8,0.035
11,0.035
10,0.035
10,0.035
9,0.035
7,0.036
10,0.036
11,0.036
9,0.036
7,0.036
7,0.036
9,0.036
11,0.036
8,0.036
10,0.036
7,0.036
7,0.036
10,0.036
9,0.036
9,0.036
10,0.036
7,0.036
8,0.036
6,0.036
9,0.036
11,0.036
7,0.036
8,0.036
8,0.036
7,0.036
9,0.036
7,0.036
6,0.036
7,0.036
9,0.036
11,0.036
9,0.036
12,0.036
12,0.036
9,0.036
7,0.036
10,0.036
16,0.036
6,0.036
12,0.036
8,0.036
4,0.036
6,0.036
9,0.036
7,0.036
9,0.036
8,0.036
11,0.036
7,0.036
8,0.036
5,0.037
9,0.037
5,0.037
7,0.037
7,0.037
8,0.037
8,0.037
10,0.037
10,0.037
7,0.037
9,0.037
8,0.037
7,0.037
8,0.037
9,0.037
8,0.037
9,0.037
8,0.037
11,0.037
7,0.037
8,0.037
0,0.037
6,0.037
10,0.037
6,0.037
9,0.037
8,0.037
9,0.037
6,0.037
9,0.037
9,0.037
4,0.037
7,0.037
7,0.037
7,0.037
7,0.037
8,0.037
12,0.037
8,0.037
9,0.037
10,0.037
8,0.037
12,0.037
7,0.037
12,0.037
8,0.037
10,0.037
11,0.037
9,0.037
8,0.037
11,0.038
8,0.038
10,0.038
9,0.038
4,0.038
9,0.038
8,0.038
8,0.038
9,0.038
8,0.038
7,0.038
9,0.038
10,0.038
8,0.038
10,0.038
9,0.038
9,0.038
6,0.038
9,0.038
11,0.038
12,0.038
11,0.038
10,0.038
6,0.038
8,0.038
8,0.038
8,0.038
10,0.038
6,0.038
6,0.038
9,0.038
9,0.038
10,0.038
7,0.038
8,0.038
10,0.038
9,0.038
9,0.038
10,0.038
9,0.038
10,0.038
8,0.038
6,0.038
7,0.038
10,0.038
6,0.038
10,0.038
7,0.038
7,0.038
7,0.038
6,0.039
7,0.039
5,0.039
7,0.039
5,0.039
9,0.039
10,0.039
9,0.039
7,0.039
8,0.039
7,0.039
5,0.039
8,0.039
7,0.039
8,0.039
11,0.039
8,0.039
8,0.039
7,0.039
8,0.039
9,0.039
7,0.039
5,0.039
7,0.039
11,0.039
8,0.039
8,0.039
10,0.039
11,0.039
14,0.039
13,0.039
0,0.039
10,0.039
8,0.039
10,0.039
12,0.039
10,0.039
5,0.039
11,0.039
7,0.039
11,0.039
10,0.039
10,0.039
8,0.039
9,0.039
10,0.039
9,0.039
8,0.039
11,0.039
12,0.039
8,0.04
8,0.04
11,0.04
9,0.04
8,0.04
9,0.04
7,0.04
6,0.04
9,0.04
10,0.04
8,0.04
10,0.04
6,0.04
11,0.04
8,0.04
8,0.04
9,0.04
10,0.04
8,0.04
9,0.04
8,0.04
8,0.04
9,0.04
15,0.04
8,0.04
10,0.04
5,0.04
9,0.04
7,0.04
10,0.04
9,0.04
9,0.04
9,0.04
12,0.04
8,0.04
9,0.04
14,0.04
13,0.04
10,0.04
7,0.04
9,0.04
12,0.04
10,0.04
15,0.04
7,0.04
10,0.04
5,0.04
8,0.04
7,0.04
10,0.04
8,0.041
8,0.041
10,0.041
12,0.041
8,0.041
10,0.041
10,0.041
10,0.041
7,0.041
10,0.041
11,0.041
8,0.041
12,0.041
8,0.041
8,0.041
7,0.041
5,0.041
7,0.041
8,0.041
7,0.041
8,0.041
9,0.041
5,0.041
7,0.041
7,0.041
9,0.041
12,0.041
6,0.041
7,0.041
7,0.041
7,0.041
8,0.041
7,0.041
10,0.041
14,0.041
4,0.041
10,0.041
7,0.041
8,0.041
6,0.041
10,0.041
0,0.041
7,0.041
10,0.041
9,0.041
8,0.041
8,0.041
9,0.041
9,0.041
8,0.041
10,0.042
9,0.042
10,0.042
6,0.042
10,0.042
7,0.042
9,0.042
7,0.042
8,0.042
5,0.042
9,0.042
7,0.042
9,0.042
9,0.042
8,0.042
11,0.042
5,0.042
9,0.042
9,0.042
0,0.042
8,0.042
6,0.042
8,0.042
10,0.042
9,0.042
12,0.042
7,0.042
7,0.042
8,0.042
8,0.042
7,0.042
6,0.042
10,0.042
8,0.042
8,0.042
9,0.042
9,0.042
9,0.042
11,0.042
9,0.042
7,0.042
11,0.042
7,0.042
9,0.042
8,0.042
11,0.042
9,0.042
8,0.042
12,0.042
6,0.042
12,0.043
0,0.043
11,0.043
10,0.043
8,0.043
8,0.043
7,0.043
9,0.043
9,0.043
5,0.043
10,0.043
8,0.043
9,0.043
6,0.043
8,0.043
8,0.043
8,0.043
8,0.043
12,0.043
7,0.043
11,0.043
6,0.043
10,0.043
8,0.043
11,0.043
6,0.043
11,0.043
8,0.043
8,0.043
9,0.043
7,0.043
7,0.043
9,0.043
9,0.043
8,0.043
14,0.043
8,0.043
11,0.043
10,0.043
12,0.043
7,0.043
9,0.043
8,0.043
7,0.043
8,0.043
8,0.043
5,0.043
10,0.043
11,0.043
9,0.043
7,0.044
6,0.044
11,0.044
10,0.044
6,0.044
9,0.044
11,0.044
8,0.044
10,0.044
5,0.044
6,0.044
7,0.044
9,0.044
7,0.044
8,0.044
8,0.044
11,0.044
9,0.044
7,0.044
9,0.044
10,0.044
10,0.044
12,0.044
10,0.044
8,0.044
6,0.044
10,0.044
8,0.044
9,0.044
6,0.044
7,0.044
8,0.044
8,0.044
6,0.044
9,0.044
8,0.044
8,0.044
7,0.044
8,0.044
10,0.044
7,0.044
8,0.044
7,0.044
8,0.044
9,0.044
7,0.044
7,0.044
7,0.044
7,0.044
8,0.044
10,0.045
7,0.045
7,0.045
5,0.045
7,0.045
7,0.045
0,0.045
7,0.045
9,0.045
8,0.045
7,0.045
21,0.045
7,0.045
6,0.045
9,0.045
5,0.045
7,0.045
8,0.045
9,0.045
10,0.045
11,0.045
8,0.045
12,0.045
9,0.045
6,0.045
12,0.045
10,0.045
11,0.045
9,0.045
9,0.045
11,0.045
10,0.045
8,0.045
9,0.045
9,0.045
8,0.045
10,0.045
7,0.045
8,0.045
8,0.045
8,0.045
10,0.045
6,0.045
11,0.045
9,0.045
12,0.045
9,0.045
9,0.045
10,0.045
9,0.045
6,0.046
9,0.046
10,0.046
9,0.046
10,0.046
7,0.046
9,0.046
8,0.046
7,0.046
7,0.046
6,0.046
7,0.046
8,0.046
9,0.046
8,0.046
7,0.046
9,0.046
8,0.046
9,0.046
8,0.046
7,0.046
10,0.046
7,0.046
9,0.046
11,0.046
6,0.046
8,0.046
9,0.046
9,0.046
8,0.046
6,0.046
10,0.046
9,0.046
8,0.046
10,0.046
11,0.046
6,0.046
9,0.046
10,0.046
7,0.046
8,0.046
9,0.046
8,0.046
9,0.046
8,0.046
13,0.046
8,0.046
7,0.046
6,0.046
8,0.046
8,0.047
9,0.047
6,0.047
7,0.047
11,0.047
5,0.047
7,0.047
7,0.047
7,0.047
6,0.047
6,0.047
6,0.047
6,0.047
11,0.047
12,0.047
7,0.047
6,0.047
11,0.047
8,0.047
8,0.047
10,0.047
7,0.047
12,0.047
6,0.047
9,0.047
8,0.047
11,0.047
9,0.047
10,0.047
8,0.047
10,0.047
12,0.047
10,0.047
11,0.047
7,0.047
6,0.047
9,0.047
10,0.047
8,0.047
7,0.047
10,0.047
11,0.047
8,0.047
8,0.047
7,0.047
7,0.047
10,0.047
6,0.047
11,0.047
10,0.047
9,0.048
7,0.048
9,0.048
7,0.048
9,0.048
6,0.048
6,0.048
9,0.048
8,0.048
7,0.048
7,0.048
12,0.048
8,0.048
8,0.048
7,0.048
7,0.048
11,0.048
9,0.048
10,0.048
8,0.048
8,0.048
9,0.048
9,0.048
12,0.048
9,0.048
9,0.048
8,0.048
6,0.048
5,0.048
7,0.048
8,0.048
10,0.048
10,0.048
7,0.048
7,0.048
6,0.048
8,0.048
8,0.048
9,0.048
7,0.048
10,0.048
9,0.048
7,0.048
8,0.048
9,0.048
7,0.048
9,0.048
5,0.048
7,0.048
10,0.048
10,0.049
19,0.049
8,0.049
9,0.049
8,0.049
12,0.049
8,0.049
9,0.049
8,0.049
5,0.049
5,0.049
6,0.049
6,0.049
11,0.049
9,0.049
8,0.049
9,0.049
8,0.049
9,0.049
10,0.049
6,0.049
7,0.049
10,0.049
9,0.049
8,0.049
10,0.049
10,0.049
7,0.049
7,0.049
5,0.049
5,0.049
10,0.049
7,0.049
10,0.049
9,0.049
11,0.049
9,0.049
8,0.049
8,0.049
8,0.049
7,0.049
9,0.049
8,0.049
8,0.049
9,0.049
13,0.049
7,0.049
13,0.049
9,0.049
8,0.049
9,0.05
9,0.05
6,0.05
9,0.05
11,0.05
10,0.05
6,0.05
8,0.05
8,0.05
7,0.05
7,0.05
9,0.05
10,0.05
7,0.05
8,0.05
10,0.05
10,0.05
9,0.05
7,0.05
0,0.05
7,0.05
12,0.05
10,0.05
8,0.05
9,0.05
9,0.05
9,0.05
12,0.05
7,0.05
5,0.05
7,0.05
7,0.05
7,0.05
7,0.05
7,0.05
7,0.05
10,0.05
8,0.05
0,0.05
9,0.05
8,0.05
5,0.05
13,0.05
7,0.05
8,0.05
9,0.05
9,0.05
7,0.05
6,0.05
9,0.05
12,0.051
9,0.051
6,0.051
6,0.051
9,0.051
7,0.051
7,0.051
8,0.051
11,0.051
9,0.051
7,0.051
7,0.051
7,0.051
8,0.051
12,0.051
11,0.051
6,0.051
9,0.051
7,0.051
10,0.051
9,0.051
7,0.051
7,0.051
11,0.051
8,0.051
9,0.051
8,0.051
8,0.051
5,0.051
6,0.051
11,0.051
10,0.051
7,0.051
8,0.051
7,0.051
7,0.051
11,0.051
6,0.051
6,0.051
8,0.051
10,0.051
7,0.051
7,0.051
6,0.051
6,0.051
0,0.051
9,0.051
9,0.051
5,0.051
7,0.051
7,0.052
11,0.052
5,0.052
6,0.052
11,0.052
8,0.052
8,0.052
9,0.052
6,0.052
9,0.052
8,0.052
8,0.052
10,0.052
7,0.052
9,0.052
9,0.052
9,0.052
9,0.052
7,0.052
8,0.052
6,0.052
10,0.052
8,0.052
11,0.052
6,0.052
9,0.052
7,0.052
7,0.052
8,0.052
7,0.052
8,0.052
6,0.052
7,0.052
10,0.052
8,0.052
9,0.052
7,0.052
7,0.052
8,0.052
6,0.052
8,0.052
7,0.052
8,0.052
8,0.052
8,0.052
7,0.052
6,0.052
8,0.052
13,0.052
9,0.052
8,0.053
7,0.053
7,0.053
9,0.053
10,0.053
8,0.053
9,0.053
7,0.053
7,0.053
6,0.053
7,0.053
9,0.053
9,0.053
7,0.053
7,0.053
8,0.053
7,0.053
9,0.053
7,0.053
9,0.053
8,0.053
8,0.053
7,0.053
8,0.053
11,0.053
8,0.053
8,0.053
7,0.053
7,0.053
0,0.053
8,0.053
9,0.053
10,0.053
8,0.053
7,0.053
0,0.053
7,0.053
7,0.053
9,0.053
10,0.053
5,0.053
8,0.053
12,0.053
6,0.053
9,0.053
10,0.053
0,0.053
8,0.053
8,0.053
6,0.053
9,0.054
10,0.054
7,0.054
7,0.054
7,0.054
7,0.054
8,0.054
12,0.054
8,0.054
10,0.054
9,0.054
13,0.054
9,0.054
8,0.054
10,0.054
9,0.054
8,0.054
7,0.054
8,0.054
9,0.054
8,0.054
9,0.054
9,0.054
7,0.054
7,0.054
8,0.054
10,0.054
9,0.054
8,0.054
8,0.054
8,0.054
9,0.054
6,0.054
7,0.054
12,0.054
8,0.054
7,0.054
9,0.054
6,0.054
6,0.054
10,0.054
7,0.054
8,0.054
8,0.054
7,0.054
5,0.054
9,0.054
7,0.054
9,0.054
8,0.054
8,0.055
16,0.055
6,0.055
10,0.055
9,0.055
17,0.055
6,0.055
8,0.055
7,0.055
9,0.055
9,0.055
7,0.055
11,0.055
7,0.055
9,0.055
7,0.055
12,0.055
8,0.055
7,0.055
5,0.055
7,0.055
9,0.055
9,0.055
10,0.055
7,0.055
6,0.055
11,0.055
7,0.055
0,0.055
6,0.055
7,0.055
9,0.055
9,0.055
9,0.055
8,0.055
11,0.055
8,0.055
6,0.055
8,0.055
7,0.055
8,0.055
6,0.055
0,0.055
7,0.055
7,0.055
6,0.055
7,0.055
15,0.055
0,0.055
9,0.055
11,0.056
11,0.056
8,0.056
11,0.056
9,0.056
7,0.056
9,0.056
7,0.056
7,0.056
6,0.056
9,0.056
10,0.056
11,0.056
0,0.056
6,0.056
6,0.056
7,0.056
11,0.056
9,0.056
10,0.056
8,0.056
10,0.056
6,0.056
8,0.056
7,0.056
10,0.056
8,0.056
8,0.056
7,0.056
10,0.056
9,0.056
9,0.056
8,0.056
6,0.056
9,0.056
7,0.056
9,0.056
7,0.056
7,0.056
8,0.056
8,0.056
13,0.056
7,0.056
9,0.056
11,0.056
12,0.056
7,0.056
6,0.056
9,0.056
9,0.056
7,0.057
6,0.057
11,0.057
8,0.057
8,0.057
8,0.057
8,0.057
6,0.057
6,0.057
6,0.057
15,0.057
8,0.057
7,0.057
9,0.057
7,0.057
6,0.057
8,0.057
7,0.057
8,0.057
6,0.057
8,0.057
0,0.057
7,0.057
7,0.057
6,0.057
6,0.057
7,0.057
6,0.057
6,0.057
10,0.057
6,0.057
10,0.057
9,0.057
12,0.057
6,0.057
7,0.057
8,0.057
7,0.057
8,0.057
7,0.057
8,0.057
8,0.057
13,0.057
12,0.057
9,0.057
23,0.057
8,0.057
6,0.057
9,0.057
8,0.057
9,0.058
8,0.058
8,0.058
7,0.058
5,0.058
10,0.058
6,0.058
7,0.058
9,0.058
7,0.058
7,0.058
6,0.058
6,0.058
8,0.058
10,0.058
10,0.058
6,0.058
7,0.058
11,0.058
8,0.058
7,0.058
7,0.058
7,0.058
10,0.058
7,0.058
9,0.058
9,0.058
15,0.058
7,0.058
7,0.058
7,0.058
9,0.058
7,0.058
8,0.058
7,0.058
8,0.058
8,0.058
11,0.058
6,0.058
11,0.058
10,0.058
8,0.058
7,0.058
9,0.058
7,0.058
5,0.058
8,0.058
6,0.058
8,0.058
6,0.058
10,0.059
9,0.059
7,0.059
7,0.059
9,0.059
13,0.059
6,0.059
8,0.059
11,0.059
15,0.059
7,0.059
10,0.059
8,0.059
7,0.059
5,0.059
6,0.059
10,0.059
7,0.059
8,0.059
11,0.059
8,0.059
7,0.059
6,0.059
10,0.059
5,0.059
6,0.059
12,0.059
8,0.059
8,0.059
7,0.059
13,0.059
8,0.059
8,0.059
7,0.059
7,0.059
9,0.059
8,0.059
9,0.059
7,0.059
11,0.059
9,0.059
8,0.059
7,0.059
7,0.059
6,0.059
8,0.059
9,0.059
7,0.059
10,0.059
10,0.059
9,0.06
13,0.06
7,0.06
12,0.06
7,0.06
6,0.06
7,0.06
10,0.06
10,0.06
6,0.06
7,0.06
13,0.06
17,0.06
7,0.06
11,0.06
5,0.06
7,0.06
9,0.06
5,0.06
9,0.06
10,0.06
6,0.06
7,0.06
8,0.06
6,0.06
8,0.06
8,0.06
8,0.06
11,0.06
6,0.06
6,0.06
15,0.06
7,0.06
8,0.06
7,0.06
7,0.06
10,0.06
7,0.06
10,0.06
8,0.06
8,0.06
8,0.06
6,0.06
12,0.06
8,0.06
7,0.06
6,0.06
8,0.06
9,0.06
8,0.06
8,0.061
10,0.061
12,0.061
9,0.061
8,0.061
9,0.061
9,0.061
6,0.061
7,0.061
12,0.061
9,0.061
10,0.061
5,0.061
9,0.061
8,0.061
0,0.061
9,0.061
7,0.061
7,0.061
6,0.061
8,0.061
7,0.061
8,0.061
7,0.061
13,0.061
8,0.061
11,0.061
9,0.061
9,0.061
10,0.061
6,0.061
8,0.061
10,0.061
8,0.061
9,0.061
9,0.061
10,0.061
9,0.061
6,0.061
9,0.061
9,0.061
13,0.061
9,0.061
7,0.061
6,0.061
10,0.061
7,0.061
13,0.061
8,0.061
6,0.061
6,0.062
9,0.062
9,0.062
6,0.062
7,0.062
7,0.062
8,0.062
11,0.062
16,0.062
7,0.062
7,0.062
10,0.062
8,0.062
8,0.062
9,0.062
7,0.062
5,0.062
8,0.062
8,0.062
10,0.062
9,0.062
8,0.062
8,0.062
8,0.062
7,0.062
9,0.062
7,0.062
9,0.062
9,0.062
7,0.062
8,0.062
8,0.062
9,0.062
9,0.062
0,0.062
10,0.062
7,0.062
7,0.062
7,0.062
16,0.062
7,0.062
7,0.062
5,0.062
9,0.062
20,0.062
9,0.062
6,0.062
8,0.062
9,0.062
8,0.062
6,0.063
11,0.063
7,0.063
9,0.063
6,0.063
7,0.063
7,0.063
8,0.063
6,0.063
7,0.063
13,0.063
8,0.063
8,0.063
7,0.063
11,0.063
6,0.063
7,0.063
7,0.063
7,0.063
10,0.063
9,0.063
8,0.063
10,0.063
6,0.063
8,0.063
8,0.063
8,0.063
9,0.063
8,0.063
9,0.063
9,0.063
9,0.063
8,0.063
9,0.063
8,0.063
12,0.063
7,0.063
9,0.063
7,0.063
7,0.063
7,0.063
8,0.063
10,0.063
7,0.063
7,0.063
7,0.063
8,0.063
10,0.063
8,0.063
6,0.063
8,0.064
8,0.064
8,0.064
10,0.064
8,0.064
9,0.064
7,0.064
7,0.064
6,0.064
9,0.064
11,0.064
9,0.064
17,0.064
8,0.064
9,0.064
7,0.064
8,0.064
7,0.064
11,0.064
11,0.064
10,0.064
9,0.064
8,0.064
8,0.064
7,0.064
7,0.064
10,0.064
7,0.064
8,0.064
8,0.064
11,0.064
11,0.064
7,0.064
11,0.064
9,0.064
8,0.064
16,0.064
13,0.064
6,0.064
8,0.064
9,0.064
6,0.064
7,0.064
8,0.064
11,0.064
13,0.064
5,0.064
8,0.064
9,0.064
7,0.064
8,0.065
8,0.065
8,0.065
8,0.065
8,0.065
10,0.065
6,0.065
9,0.065
8,0.065
8,0.065
7,0.065
9,0.065
9,0.065
10,0.065
10,0.065
9,0.065
9,0.065
10,0.065
6,0.065
10,0.065
9,0.065
7,0.065
10,0.065
7,0.065
8,0.065
8,0.065
17,0.065
7,0.065
9,0.065
10,0.065
8,0.065
8,0.065
11,0.065
7,0.065
6,0.065
12,0.065
9,0.065
7,0.065
7,0.065
16,0.065
8,0.065
7,0.065
10,0.065
8,0.065
8,0.065
8,0.065
10,0.065
9,0.065
8,0.065
7,0.065
8,0.066
6,0.066
7,0.066
14,0.066
5,0.066
10,0.066
9,0.066
13,0.066
7,0.066
10,0.066
9,0.066
8,0.066
7,0.066
11,0.066
8,0.066
8,0.066
7,0.066
10,0.066
7,0.066
9,0.066
9,0.066
8,0.066
10,0.066
7,0.066
18,0.066
7,0.066
8,0.066
9,0.066
7,0.066
17,0.066
0,0.066
7,0.066
13,0.066
7,0.066
9,0.066
9,0.066
11,0.066
18,0.066
13,0.066
10,0.066
7,0.066
14,0.066
12,0.066
7,0.066
9,0.066
7,0.066
8,0.066
8,0.066
17,0.066
14,0.066
7,0.067
7,0.067
10,0.067
6,0.067
7,0.067
12,0.067
7,0.067
9,0.067
6,0.067
9,0.067
10,0.067
17,0.067
9,0.067
7,0.067
8,0.067
8,0.067
9,0.067
17,0.067
12,0.067
10,0.067
9,0.067
14,0.067
10,0.067
8,0.067
9,0.067
9,0.067
10,0.067
12,0.067
10,0.067
6,0.067
11,0.067
7,0.067
5,0.067
8,0.067
18,0.067
11,0.067
7,0.067
8,0.067
14,0.067
8,0.067
13,0.067
10,0.067
7,0.067
10,0.067
11,0.067
13,0.067
9,0.067
9,0.067
8,0.067
13,0.067
7,0.068
11,0.068
9,0.068
7,0.068
9,0.068
10,0.068
8,0.068
8,0.068
7,0.068
12,0.068
10,0.068
7,0.068
7,0.068
7,0.068
8,0.068
7,0.068
9,0.068
10,0.068
10,0.068
9,0.068
9,0.068
8,0.068
9,0.068
7,0.068
12,0.068
9,0.068
7,0.068
10,0.068
9,0.068
7,0.068
9,0.068
10,0.068
7,0.068
7,0.068
7,0.068
11,0.068
8,0.068
9,0.068
12,0.068
10,0.068
6,0.068
7,0.068
10,0.068
16,0.068
11,0.068
6,0.068
13,0.068
9,0.068
12,0.068
8,0.068
9,0.069
0,0.069
9,0.069
12,0.069
9,0.069
8,0.069
10,0.069
6,0.069
5,0.069
7,0.069
7,0.069
6,0.069
11,0.069
6,0.069
7,0.069
10,0.069
9,0.069
10,0.069
9,0.069
7,0.069
10,0.069
7,0.069
7,0.069
8,0.069
11,0.069
12,0.069
6,0.069
8,0.069
8,0.069
13,0.069
8,0.069
9,0.069
8,0.069
9,0.069
8,0.069
9,0.069
7,0.069
8,0.069
8,0.069
9,0.069
14,0.069
12,0.069
10,0.069
7,0.069
8,0.069
8,0.069
9,0.069
8,0.069
8,0.069
11,0.069
6,0.07
8,0.07
7,0.07
8,0.07
10,0.07
10,0.07
11,0.07
12,0.07
7,0.07
9,0.07
10,0.07
7,0.07
10,0.07
13,0.07
8,0.07
8,0.07
8,0.07
11,0.07
8,0.07
9,0.07
7,0.07
9,0.07
8,0.07
9,0.07
9,0.07
10,0.07
8,0.07
8,0.07
10,0.07
12,0.07
8,0.07
9,0.07
8,0.07
10,0.07
8,0.07
16,0.07
8,0.07
11,0.07
8,0.07
8,0.07
6,0.07
7,0.07
10,0.07
9,0.07
8,0.07
11,0.07
8,0.07
7,0.07
7,0.07
13,0.07
9,0.071
10,0.071
8,0.071
8,0.071
11,0.071
13,0.071
8,0.071
7,0.071
6,0.071
7,0.071
10,0.071
7,0.071
9,0.071
9,0.071
11,0.071
7,0.071
12,0.071
8,0.071
8,0.071
11,0.071
10,0.071
11,0.071
10,0.071
12,0.071
11,0.071
9,0.071
9,0.071
10,0.071
8,0.071
11,0.071
11,0.071
11,0.071
9,0.071
7,0.071
11,0.071
10,0.071
7,0.071
7,0.071
10,0.071
0,0.071
9,0.071
9,0.071
0,0.071
10,0.071
9,0.071
10,0.071
9,0.071
15,0.071
13,0.071
9,0.071
11,0.072
8,0.072
8,0.072
6,0.072
7,0.072
8,0.072
8,0.072
10,0.072
6,0.072
8,0.072
12,0.072
11,0.072
15,0.072
7,0.072
15,0.072
8,0.072
9,0.072
7,0.072
12,0.072
7,0.072
10,0.072
9,0.072
8,0.072
9,0.072
8,0.072
8,0.072
10,0.072
7,0.072
7,0.072
8,0.072
10,0.072
11,0.072
12,0.072
9,0.072
10,0.072
14,0.072
7,0.072
8,0.072
7,0.072
6,0.072
11,0.072
9,0.072
9,0.072
8,0.072
10,0.072
7,0.072
7,0.072
7,0.072
8,0.072
7,0.072
12,0.073
12,0.073
7,0.073
16,0.073
8,0.073
8,0.073
8,0.073
9,0.073
8,0.073
7,0.073
13,0.073
12,0.073
9,0.073
11,0.073
7,0.073
9,0.073
8,0.073
9,0.073
9,0.073
12,0.073
9,0.073
8,0.073
9,0.073
10,0.073
6,0.073
7,0.073
10,0.073
8,0.073
7,0.073
10,0.073
7,0.073
9,0.073
8,0.073
11,0.073
11,0.073
12,0.073
7,0.073
7,0.073
9,0.073
11,0.073
16,0.073
12,0.073
7,0.073
7,0.073
8,0.073
9,0.073
11,0.073
9,0.073
8,0.073
8,0.073
8,0.074
9,0.074
7,0.074
9,0.074
8,0.074
7,0.074
7,0.074
9,0.074
10,0.074
10,0.074
16,0.074
10,0.074
10,0.074
13,0.074
7,0.074
9,0.074
9,0.074
7,0.074
10,0.074
9,0.074
7,0.074
12,0.074
8,0.074
10,0.074
6,0.074
8,0.074
9,0.074
12,0.074
9,0.074
7,0.074
7,0.074
10,0.074
7,0.074
8,0.074
11,0.074
7,0.074
7,0.074
7,0.074
7,0.074
9,0.074
8,0.074
10,0.074
14,0.074
8,0.074
7,0.074
9,0.074
9,0.074
9,0.074
9,0.074
10,0.074
9,0.075
7,0.075
10,0.075
11,0.075
8,0.075
8,0.075
14,0.075
9,0.075
11,0.075
8,0.075
9,0.075
8,0.075
12,0.075
10,0.075
8,0.075
6,0.075
10,0.075
12,0.075
10,0.075
8,0.075
10,0.075
8,0.075
9,0.075
6,0.075
11,0.075
11,0.075
8,0.075
14,0.075
12,0.075
7,0.075
8,0.075
10,0.075
8,0.075
9,0.075
13,0.075
9,0.075
11,0.075
11,0.075
8,0.075
8,0.075
10,0.075
13,0.075
8,0.075
8,0.075
10,0.075
7,0.075
6,0.075
17,0.075
9,0.075
10,0.075
8,0.076
12,0.076
9,0.076
12,0.076
9,0.076
10,0.076
9,0.076
10,0.076
11,0.076
10,0.076
9,0.076
10,0.076
9,0.076
11,0.076
9,0.076
8,0.076
9,0.076
6,0.076
7,0.076
8,0.076
8,0.076
9,0.076
7,0.076
10,0.076
11,0.076
9,0.076
8,0.076
13,0.076
9,0.076
10,0.076
6,0.076
10,0.076
7,0.076
11,0.076
11,0.076
8,0.076
14,0.076
11,0.076
8,0.076
9,0.076
8,0.076
11,0.076
9,0.076
8,0.076
11,0.076
13,0.076
8,0.076
8,0.076
10,0.076
9,0.076
10,0.077
8,0.077
8,0.077
10,0.077
10,0.077
8,0.077
12,0.077
10,0.077
11,0.077
7,0.077
10,0.077
9,0.077
9,0.077
8,0.077
10,0.077
9,0.077
8,0.077
8,0.077
9,0.077
8,0.077
6,0.077
11,0.077
10,0.077
9,0.077
7,0.077
10,0.077
7,0.077
9,0.077
7,0.077
6,0.077
9,0.077
9,0.077
8,0.077
9,0.077
9,0.077
13,0.077
7,0.077
7,0.077
12,0.077
11,0.077
8,0.077
6,0.077
7,0.077
10,0.077
10,0.077
11,0.077
11,0.077
10,0.077
8,0.077
12,0.077
8,0.078
9,0.078
8,0.078
9,0.078
9,0.078
6,0.078
8,0.078
7,0.078
7,0.078
10,0.078
10,0.078
10,0.078
7,0.078
7,0.078
8,0.078
9,0.078
11,0.078
8,0.078
8,0.078
12,0.078
9,0.078
7,0.078
11,0.078
6,0.078
9,0.078
7,0.078
12,0.078
9,0.078
9,0.078
7,0.078
8,0.078
11,0.078
8,0.078
10,0.078
7,0.078
9,0.078
9,0.078
8,0.078
10,0.078
7,0.078
9,0.078
13,0.078
8,0.078
8,0.078
9,0.078
8,0.078
9,0.078
8,0.078
8,0.078
8,0.078
7,0.079
9,0.079
10,0.079
8,0.079
10,0.079
9,0.079
15,0.079
15,0.079
10,0.079
8,0.079
8,0.079
10,0.079
7,0.079
9,0.079
9,0.079
9,0.079
10,0.079
9,0.079
10,0.079
8,0.079
9,0.079
0,0.079
9,0.079
9,0.079
6,0.079
12,0.079
8,0.079
8,0.079
9,0.079
8,0.079
10,0.079
9,0.079
10,0.079
9,0.079
8,0.079
8,0.079
11,0.079
9,0.079
8,0.079
8,0.079
10,0.079
7,0.079
0,0.079
9,0.079
7,0.079
8,0.079
6,0.079
8,0.079
9,0.079
8,0.079
10,0.08
9,0.08
8,0.08
7,0.08
8,0.08
8,0.08
14,0.08
9,0.08
10,0.08
7,0.08
9,0.08
6,0.08
9,0.08
8,0.08
8,0.08
8,0.08
9,0.08
10,0.08
9,0.08
9,0.08
9,0.08
8,0.08
6,0.08
9,0.08
0,0.08
7,0.08
11,0.08
7,0.08
7,0.08
10,0.08
9,0.08
9,0.08
8,0.08
9,0.08
9,0.08
8,0.08
9,0.08
8,0.08
9,0.08
9,0.08
9,0.08
10,0.08
7,0.08
8,0.08
10,0.08
8,0.08
9,0.08
7,0.08
1,0.08
7,0.08
9,0.081
2,0.081
8,0.081
9,0.081
7,0.081
9,0.081
7,0.081
9,0.081
11,0.081
12,0.081
8,0.081
8,0.081
10,0.081
8,0.081
7,0.081
1,0.081
9,0.081
8,0.081
7,0.081
7,0.081
7,0.081
8,0.081
9,0.081
7,0.081
8,0.081
8,0.081
8,0.081
9,0.081
9,0.081
9,0.081
9,0.081
10,0.081
8,0.081
8,0.081
7,0.081
7,0.081
8,0.081
11,0.081
7,0.081
10,0.081
9,0.081
8,0.081
7,0.081
8,0.081
7,0.081
9,0.081
8,0.081
7,0.081
6,0.081
8,0.081
8,0.082
7,0.082
10,0.082
7,0.082
8,0.082
8,0.082
7,0.082
10,0.082
9,0.082
6,0.082
8,0.082
7,0.082
8,0.082
10,0.082
7,0.082
8,0.082
9,0.082
8,0.082
2,0.082
9,0.082
6,0.082
8,0.082
10,0.082
7,0.082
7,0.082
5,0.082
9,0.082
7,0.082
7,0.082
8,0.082
8,0.082
7,0.082
9,0.082
11,0.082
10,0.082
8,0.082
12,0.082
9,0.082
8,0.082
9,0.082
8,0.082
8,0.082
7,0.082
9,0.082
10,0.082
9,0.082
8,0.082
9,0.082
8,0.082
8,0.082
10,0.083
6,0.083
6,0.083
9,0.083
9,0.083
9,0.083
10,0.083
8,0.083
10,0.083
9,0.083
8,0.083
7,0.083
8,0.083
8,0.083
8,0.083
8,0.083
9,0.083
8,0.083
8,0.083
7,0.083
9,0.083
8,0.083
7,0.083
9,0.083
8,0.083
8,0.083
8,0.083
10,0.083
5,0.083
7,0.083
6,0.083
8,0.083
7,0.083
9,0.083
6,0.083
8,0.083
8,0.083
7,0.083
11,0.083
10,0.083
11,0.083
7,0.083
8,0.083
9,0.083
8,0.083
7,0.083
6,0.083
10,0.083
6,0.083
9,0.083
7,0.084
9,0.084
9,0.084
8,0.084
8,0.084
7,0.084
8,0.084
9,0.084
8,0.084
8,0.084
8,0.084
2,0.084
6,0.084
9,0.084
6,0.084
6,0.084
12,0.084
8,0.084
8,0.084
2,0.084
7,0.084
8,0.084
8,0.084
9,0.084
6,0.084
8,0.084
9,0.084
7,0.084
8,0.084
7,0.084
9,0.084
8,0.084
8,0.084
8,0.084
6,0.084
9,0.084
9,0.084
9,0.084
6,0.084
8,0.084
8,0.084
7,0.084
8,0.084
10,0.084
8,0.084
2,0.084
6,0.084
2,0.084
8,0.084
8,0.084
9,0.085
6,0.085
6,0.085
8,0.085
9,0.085
1,0.085
9,0.085
7,0.085
10,0.085
7,0.085
8,0.085
1,0.085
9,0.085
7,0.085
6,0.085
8,0.085
8,0.085
8,0.085
9,0.085
6,0.085
7,0.085
7,0.085
1,0.085
9,0.085
6,0.085
2,0.085
9,0.085
2,0.085
7,0.085
6,0.085
8,0.085
10,0.085
8,0.085
7,0.085
7,0.085
7,0.085
7,0.085
8,0.085
9,0.085
7,0.085
2,0.085
7,0.085
7,0.085
6,0.085
8,0.085
7,0.085
7,0.085
2,0.085
2,0.085
9,0.085
8,0.086
8,0.086
8,0.086
7,0.086
8,0.086
7,0.086
9,0.086
7,0.086
7,0.086
8,0.086
8,0.086
7,0.086
8,0.086
8,0.086
8,0.086
7,0.086
7,0.086
12,0.086
6,0.086
9,0.086
7,0.086
7,0.086
7,0.086
7,0.086
7,0.086
8,0.086
7,0.086
9,0.086
8,0.086
7,0.086
7,0.086
8,0.086
0,0.086
6,0.086
6,0.086
5,0.086
7,0.086
8,0.086
9,0.086
10,0.086
9,0.086
9,0.086
8,0.086
9,0.086
9,0.086
7,0.086
6,0.086
8,0.086
6,0.086
9,0.086
9,0.087
7,0.087
6,0.087
13,0.087
9,0.087
8,0.087
1,0.087
8,0.087
7,0.087
9,0.087
7,0.087
7,0.087
2,0.087
7,0.087
8,0.087
7,0.087
1,0.087
8,0.087
6,0.087
7,0.087
7,0.087
6,0.087
7,0.087
8,0.087
8,0.087
7,0.087
6,0.087
8,0.087
8,0.087
8,0.087
9,0.087
8,0.087
5,0.087
7,0.087
6,0.087
8,0.087
7,0.087
6,0.087
7,0.087
6,0.087
5,0.087
8,0.087
1,0.087
10,0.087
2,0.087
7,0.087
7,0.087
6,0.087
7,0.087
7,0.087
6,0.088
7,0.088
1,0.088
9,0.088
6,0.088
7,0.088
1,0.088
8,0.088
6,0.088
2,0.088
2,0.088
8,0.088
1,0.088
8,0.088
7,0.088
6,0.088
7,0.088
10,0.088
8,0.088
7,0.088
7,0.088
9,0.088
7,0.088
7,0.088
7,0.088
2,0.088
6,0.088
6,0.088
1,0.088
6,0.088
9,0.088
1,0.088
7,0.088
1,0.088
9,0.088
1,0.088
5,0.088
7,0.088
6,0.088
8,0.088
2,0.088
1,0.088
9,0.088
7,0.088
7,0.088
7,0.088
1,0.088
6,0.088
7,0.088
7,0.088
9,0.089
8,0.089
7,0.089
7,0.089
10,0.089
7,0.089
1,0.089
7,0.089
10,0.089
7,0.089
8,0.089
6,0.089
7,0.089
6,0.089
8,0.089
6,0.089
7,0.089
8,0.089
7,0.089
7,0.089
7,0.089
7,0.089
5,0.089
9,0.089
9,0.089
9,0.089
7,0.089
11,0.089
8,0.089
7,0.089
8,0.089
7,0.089
7,0.089
6,0.089
1,0.089
8,0.089
7,0.089
7,0.089
8,0.089
8,0.089
7,0.089
8,0.089
8,0.089
9,0.089
7,0.089
9,0.089
7,0.089
5,0.089
8,0.089
7,0.089
6,0.09
1,0.09
8,0.09
8,0.09
6,0.09
7,0.09
8,0.09
9,0.09
7,0.09
7,0.09
1,0.09
7,0.09
8,0.09
6,0.09
6,0.09
8,0.09
7,0.09
1,0.09
8,0.09
6,0.09
7,0.09
1,0.09
7,0.09
2,0.09
7,0.09
9,0.09
9,0.09
6,0.09
8,0.09
7,0.09
6,0.09
9,0.09
10,0.09
8,0.09
10,0.09
7,0.09
8,0.09
8,0.09
1,0.09
5,0.09
8,0.09
8,0.09
8,0.09
9,0.09
1,0.09
7,0.09
8,0.09
6,0.09
7,0.09
7,0.09
6,0.091
7,0.091
7,0.091
2,0.091
8,0.091
8,0.091
8,0.091
8,0.091
1,0.091
6,0.091
8,0.091
9,0.091
6,0.091
6,0.091
8,0.091
7,0.091
7,0.091
7,0.091
9,0.091
8,0.091
2,0.091
9,0.091
7,0.091
8,0.091
8,0.091
6,0.091
8,0.091
8,0.091
2,0.091
7,0.091
7,0.091
7,0.091
1,0.091
7,0.091
6,0.091
8,0.091
7,0.091
7,0.091
8,0.091
7,0.091
9,0.091
1,0.091
8,0.091
7,0.091
1,0.091
1,0.091
9,0.091
0,0.091
1,0.091
1,0.091
6,0.092
5,0.092
8,0.092
1,0.092
6,0.092
7,0.092
6,0.092
7,0.092
7,0.092
5,0.092
9,0.092
1,0.092
1,0.092
8,0.092
2,0.092
1,0.092
1,0.092
1,0.092
7,0.092
1,0.092
9,0.092
6,0.092
6,0.092
1,0.092
6,0.092
9,0.092
7,0.092
7,0.092
7,0.092
7,0.092
6,0.092
9,0.092
6,0.092
7,0.092
7,0.092
8,0.092
8,0.092
8,0.092
6,0.092
1,0.092
5,0.092
8,0.092
0,0.092
9,0.092
1,0.092
1,0.092
8,0.092
1,0.092
5,0.092
7,0.092
2,0.093
8,0.093
1,0.093
1,0.093
7,0.093
1,0.093
7,0.093
8,0.093
1,0.093
7,0.093
9,0.093
8,0.093
1,0.093
8,0.093
7,0.093
1,0.093
1,0.093
6,0.093
6,0.093
8,0.093
6,0.093
6,0.093
1,0.093
8,0.093
1,0.093
9,0.093
9,0.093
7,0.093
0,0.093
10,0.093
8,0.093
1,0.093
5,0.093
9,0.093
1,0.093
2,0.093
7,0.093
8,0.093
6,0.093
2,0.093
6,0.093
7,0.093
8,0.093
7,0.093
6,0.093
7,0.093
1,0.093
6,0.093
7,0.093
7,0.093
7,0.094
0,0.094
1,0.094
1,0.094
1,0.094
6,0.094
1,0.094
1,0.094
6,0.094
1,0.094
0,0.094
8,0.094
9,0.094
1,0.094
6,0.094
1,0.094
2,0.094
8,0.094
1,0.094
6,0.094
8,0.094
6,0.094
11,0.094
1,0.094
8,0.094
8,0.094
7,0.094
0,0.094
7,0.094
8,0.094
6,0.094
2,0.094
0,0.094
7,0.094
1,0.094
1,0.094
10,0.094
1,0.094
5,0.094
7,0.094
6,0.094
1,0.094
7,0.094
10,0.094
8,0.094
6,0.094
1,0.094
1,0.094
5,0.094
6,0.094
7,0.095
1,0.095
7,0.095
5,0.095
1,0.095
7,0.095
1,0.095
6,0.095
1,0.095
8,0.095
0,0.095
7,0.095
6,0.095
6,0.095
6,0.095
5,0.095
1,0.095
6,0.095
7,0.095
5,0.095
5,0.095
6,0.095
1,0.095
7,0.095
8,0.095
1,0.095
1,0.095
6,0.095
7,0.095
2,0.095
1,0.095
2,0.095
5,0.095
11,0.095
1,0.095
7,0.095
7,0.095
7,0.095
1,0.095
10,0.095
6,0.095
8,0.095
9,0.095
7,0.095
5,0.095
1,0.095
1,0.095
7,0.095
7,0.095
7,0.095
7,0.096
1,0.096
6,0.096
1,0.096
6,0.096
1,0.096
5,0.096
1,0.096
1,0.096
1,0.096
6,0.096
1,0.096
5,0.096
1,0.096
6,0.096
8,0.096
1,0.096
1,0.096
8,0.096
8,0.096
6,0.096
8,0.096
1,0.096
1,0.096
7,0.096
1,0.096
9,0.096
8,0.096
6,0.096
5,0.096
8,0.096
1,0.096
1,0.096
1,0.096
7,0.096
2,0.096
1,0.096
1,0.096
1,0.096
5,0.096
1,0.096
1,0.096
1,0.096
1,0.096
1,0.096
6,0.096
0,0.096
7,0.096
9,0.096
6,0.096
5,0.097
1,0.097
7,0.097
1,0.097
5,0.097
1,0.097
1,0.097
0,0.097
7,0.097
1,0.097
6,0.097
5,0.097
1,0.097
6,0.097
7,0.097
6,0.097
6,0.097
6,0.097
6,0.097
8,0.097
1,0.097
0,0.097
7,0.097
1,0.097
1,0.097
0,0.097
5,0.097
6,0.097
1,0.097
6,0.097
1,0.097
1,0.097
8,0.097
6,0.097
7,0.097
6,0.097
1,0.097
1,0.097
1,0.097
6,0.097
1,0.097
1,0.097
7,0.097
6,0.097
1,0.097
7,0.097
5,0.097
1,0.097
5,0.097
0,0.097
7,0.098
6,0.098
6,0.098
9,0.098
6,0.098
1,0.098
1,0.098
7,0.098
6,0.098
6,0.098
1,0.098
7,0.098
1,0.098
1,0.098
1,0.098
6,0.098
6,0.098
1,0.098
6,0.098
6,0.098
6,0.098
7,0.098
1,0.098
6,0.098
6,0.098
1,0.098
8,0.098
6,0.098
7,0.098
1,0.098
1,0.098
7,0.098
8,0.098
6,0.098
1,0.098
1,0.098
6,0.098
8,0.098
1,0.098
8,0.098
7,0.098
0,0.098
6,0.098
6,0.098
1,0.098
1,0.098
1,0.098
1,0.098
1,0.098
1,0.098
7,0.099
1,0.099
6,0.099
5,0.099
6,0.099
5,0.099
1,0.099
1,0.099
1,0.099
7,0.099
7,0.099
0,0.099
7,0.099
6,0.099
1,0.099
1,0.099
1,0.099
7,0.099
7,0.099
1,0.099
7,0.099
6,0.099
5,0.099
8,0.099
7,0.099
7,0.099
6,0.099
6,0.099
5,0.099
1,0.099
1,0.099
1,0.099
6,0.099
5,0.099
6,0.099
6,0.099
1,0.099
0,0.099
1,0.099
5,0.099
1,0.099
6,0.099
7,0.099
1,0.099
1,0.099
7,0.099
1,0.099
1,0.099
1,0.099
5,0.099
1,0.1
1,0.1
6,0.1
6,0.1
1,0.1
5,0.1
1,0.1
7,0.1
1,0.1
0,0.1
1,0.1
0,0.1
7,0.1
5,0.1
1,0.1
1,0.1
1,0.1
7,0.1
0,0.1
8,0.1
0,0.1
5,0.1
7,0.1
5,0.1
8,0.1
1,0.1
1,0.1
5,0.1
7,0.1
1,0.1
2,0.1
1,0.1
1,0.1
1,0.1
1,0.1
1,0.1
1,0.1
1,0.1
5,0.1
8,0.1
5,0.1
1,0.1
7,0.1
0,0.1
1,0.1
7,0.1
1,0.1
6,0.1
1,0.1
6,0.1
