day_lags,m
13,5
8,5
6,5
10,5
7,5
6,5
0,5
8,5
9,5
11,5
4,5
13,5
3,5
5,5
9,5
7,5
12,5
6,5
0,5
7,5
9,5
8,5
10,5
8,5
6,5
8,5
0,5
8,5
10,5
7,5
7,5
12,5
7,5
9,5
6,5
10,5
11,5
0,5
8,5
11,5
0,5
9,5
10,5
13,5
5,5
7,5
8,5
10,5
10,5
7,5
9,6
8,6
8,6
6,6
11,6
5,6
0,6
6,6
5,6
7,6
7,6
8,6
7,6
5,6
10,6
0,6
4,6
8,6
11,6
6,6
8,6
9,6
4,6
12,6
9,6
7,6
0,6
0,6
6,6
4,6
9,6
0,6
6,6
7,6
5,6
12,6
7,6
8,6
0,6
9,6
11,6
0,6
4,6
5,6
9,6
6,6
5,6
8,6
7,6
10,6
6,7
7,7
10,7
0,7
11,7
9,7
10,7
12,7
11,7
8,7
0,7
9,7
8,7
6,7
7,7
9,7
5,7
12,7
10,7
7,7
9,7
6,7
5,7
8,7
5,7
4,7
9,7
5,7
7,7
8,7
5,7
8,7
8,7
10,7
9,7
7,7
6,7
10,7
5,7
7,7
10,7
13,7
6,7
7,7
12,7
6,7
6,7
8,7
6,7
4,7
10,8
7,8
0,8
10,8
5,8
4,8
6,8
6,8
7,8
6,8
7,8
8,8
6,8
9,8
8,8
7,8
8,8
0,8
8,8
9,8
0,8
9,8
10,8
5,8
6,8
9,8
11,8
7,8
0,8
8,8
6,8
7,8
8,8
6,8
7,8
5,8
10,8
7,8
8,8
8,8
6,8
7,8
7,8
4,8
6,8
5,8
12,8
6,8
6,8
9,8
8,9
9,9
5,9
6,9
7,9
9,9
7,9
10,9
9,9
7,9
9,9
11,9
10,9
7,9
5,9
5,9
6,9
11,9
7,9
8,9
5,9
6,9
9,9
8,9
7,9
7,9
8,9
6,9
7,9
10,9
8,9
8,9
6,9
8,9
6,9
9,9
5,9
12,9
13,9
4,9
6,9
8,9
8,9
9,9
7,9
7,9
8,9
8,9
7,9
0,9
8,10
9,10
6,10
10,10
0,10
10,10
6,10
6,10
5,10
8,10
7,10
6,10
8,10
9,10
8,10
7,10
6,10
8,10
5,10
6,10
8,10
9,10
7,10
7,10
5,10
9,10
6,10
7,10
8,10
5,10
7,10
7,10
4,10
8,10
7,10
6,10
8,10
5,10
8,10
6,10
10,10
8,10
9,10
3,10
8,10
9,10
8,10
8,10
8,10
7,10
7,11
5,11
6,11
8,11
9,11
6,11
8,11
7,11
7,11
7,11
10,11
6,11
8,11
5,11
9,11
8,11
7,11
8,11
6,11
4,11
6,11
8,11
7,11
8,11
6,11
6,11
0,11
7,11
9,11
8,11
7,11
7,11
7,11
0,11
8,11
6,11
5,11
6,11
10,11
0,11
6,11
9,11
8,11
0,11
7,11
5,11
4,11
6,11
8,11
6,11
7,12
6,12
7,12
5,12
6,12
5,12
6,12
6,12
9,12
5,12
7,12
6,12
6,12
5,12
7,12
6,12
5,12
9,12
6,12
7,12
7,12
5,12
8,12
6,12
5,12
6,12
7,12
6,12
6,12
5,12
7,12
5,12
6,12
7,12
5,12
6,12
7,12
6,12
7,12
6,12
10,12
7,12
7,12
5,12
6,12
6,12
6,12
8,12
5,12
6,12
6,13
6,13
6,13
0,13
6,13
7,13
8,13
6,13
8,13
6,13
6,13
6,13
0,13
5,13
7,13
7,13
5,13
8,13
5,13
5,13
5,13
7,13
6,13
7,13
6,13
9,13
0,13
5,13
6,13
6,13
6,13
5,13
6,13
5,13
5,13
8,13
7,13
6,13
7,13
7,13
7,13
6,13
0,13
8,13
6,13
6,13
7,13
7,13
9,13
5,13
8,14
8,14
6,14
5,14
0,14
6,14
8,14
7,14
6,14
6,14
9,14
8,14
6,14
9,14
4,14
7,14
7,14
5,14
0,14
7,14
6,14
8,14
8,14
0,14
6,14
6,14
8,14
8,14
6,14
6,14
11,14
7,14
6,14
6,14
7,14
5,14
5,14
7,14
7,14
8,14
6,14
5,14
6,14
5,14
6,14
8,14
7,14
6,14
7,14
6,14
4,15
6,15
0,15
6,15
5,15
6,15
8,15
6,15
0,15
4,15
8,15
7,15
6,15
5,15
7,15
6,15
9,15
7,15
6,15
5,15
6,15
5,15
7,15
6,15
7,15
6,15
5,15
6,15
6,15
6,15
7,15
7,15
6,15
6,15
7,15
6,15
8,15
7,15
4,15
5,15
6,15
7,15
6,15
6,15
9,15
6,15
7,15
6,15
4,15
6,15
6,16
5,16
5,16
6,16
7,16
7,16
7,16
5,16
6,16
8,16
5,16
5,16
7,16
9,16
7,16
7,16
6,16
7,16
5,16
6,16
7,16
4,16
6,16
6,16
5,16
7,16
6,16
6,16
5,16
5,16
7,16
8,16
7,16
6,16
5,16
6,16
6,16
4,16
5,16
7,16
5,16
6,16
4,16
7,16
6,16
8,16
5,16
8,16
6,16
5,16
6,17
5,17
5,17
0,17
8,17
5,17
5,17
6,17
6,17
4,17
5,17
7,17
7,17
4,17
6,17
5,17
6,17
6,17
8,17
5,17
6,17
6,17
6,17
7,17
5,17
6,17
6,17
4,17
6,17
7,17
6,17
7,17
5,17
7,17
7,17
7,17
5,17
6,17
6,17
8,17
7,17
6,17
8,17
6,17
7,17
5,17
8,17
6,17
6,17
8,17
5,18
4,18
7,18
6,18
5,18
6,18
8,18
6,18
5,18
6,18
6,18
6,18
7,18
6,18
5,18
6,18
9,18
7,18
5,18
6,18
6,18
5,18
6,18
3,18
6,18
6,18
6,18
6,18
7,18
8,18
9,18
5,18
7,18
7,18
6,18
5,18
6,18
6,18
6,18
7,18
7,18
5,18
6,18
6,18
5,18
7,18
5,18
4,18
8,18
7,18
8,19
4,19
6,19
6,19
8,19
5,19
5,19
6,19
0,19
7,19
5,19
6,19
6,19
5,19
6,19
5,19
7,19
6,19
5,19
6,19
5,19
6,19
4,19
4,19
6,19
6,19
7,19
5,19
5,19
7,19
5,19
7,19
5,19
6,19
6,19
5,19
6,19
6,19
5,19
7,19
5,19
6,19
0,19
5,19
4,19
5,19
7,19
5,19
6,19
5,19
8,20
6,20
6,20
7,20
5,20
8,20
6,20
7,20
6,20
6,20
6,20
6,20
6,20
5,20
5,20
5,20
6,20
7,20
6,20
5,20
6,20
7,20
6,20
7,20
4,20
6,20
6,20
7,20
6,20
6,20
5,20
7,20
10,20
7,20
6,20
5,20
9,20
6,20
5,20
5,20
5,20
6,20
6,20
6,20
5,20
6,20
5,20
7,20
5,20
5,20
5,21
5,21
7,21
6,21
6,21
6,21
6,21
0,21
4,21
5,21
6,21
5,21
5,21
5,21
5,21
8,21
7,21
4,21
7,21
5,21
6,21
8,21
6,21
6,21
7,21
5,21
5,21
6,21
5,21
6,21
6,21
5,21
6,21
7,21
7,21
8,21
6,21
5,21
6,21
5,21
6,21
5,21
6,21
7,21
6,21
0,21
7,21
8,21
5,21
5,21
5,22
7,22
4,22
6,22
7,22
7,22
6,22
6,22
6,22
7,22
5,22
7,22
6,22
7,22
5,22
6,22
7,22
6,22
5,22
8,22
6,22
7,22
6,22
5,22
5,22
7,22
5,22
5,22
7,22
6,22
4,22
8,22
6,22
6,22
6,22
7,22
8,22
7,22
5,22
6,22
6,22
6,22
7,22
6,22
6,22
8,22
6,22
6,22
6,22
3,22
7,23
5,23
7,23
6,23
9,23
6,23
6,23
7,23
6,23
7,23
6,23
5,23
6,23
7,23
6,23
5,23
7,23
6,23
6,23
5,23
6,23
6,23
7,23
6,23
8,23
5,23
5,23
8,23
6,23
6,23
6,23
6,23
6,23
5,23
6,23
5,23
7,23
6,23
6,23
6,23
6,23
6,23
6,23
5,23
7,23
6,23
8,23
9,23
6,23
7,23
5,24
6,24
5,24
7,24
5,24
17,24
6,24
6,24
6,24
7,24
6,24
5,24
6,24
5,24
6,24
5,24
5,24
6,24
6,24
6,24
6,24
7,24
7,24
6,24
5,24
9,24
8,24
8,24
7,24
7,24
6,24
6,24
5,24
8,24
6,24
7,24
7,24
6,24
6,24
7,24
5,24
8,24
5,24
7,24
7,24
6,24
5,24
7,24
5,24
8,24
7,25
8,25
7,25
14,25
7,25
6,25
6,25
6,25
5,25
6,25
7,25
7,25
7,25
8,25
7,25
7,25
11,25
8,25
6,25
17,25
7,25
5,25
8,25
6,25
5,25
6,25
7,25
6,25
6,25
7,25
7,25
14,25
7,25
6,25
9,25
6,25
8,25
5,25
6,25
5,25
9,25
8,25
8,25
5,25
6,25
7,25
7,25
5,25
9,25
9,25
8,26
7,26
0,26
6,26
8,26
5,26
7,26
7,26
6,26
7,26
5,26
9,26
8,26
7,26
8,26
7,26
6,26
6,26
6,26
6,26
7,26
7,26
9,26
6,26
6,26
8,26
6,26
8,26
6,26
0,26
6,26
6,26
7,26
7,26
6,26
6,26
7,26
6,26
7,26
5,26
7,26
9,26
6,26
12,26
6,26
6,26
9,26
8,26
7,26
6,26
9,27
7,27
9,27
9,27
10,27
8,27
7,27
8,27
8,27
7,27
11,27
7,27
7,27
0,27
10,27
7,27
7,27
9,27
6,27
8,27
6,27
8,27
6,27
7,27
7,27
9,27
7,27
8,27
8,27
7,27
8,27
7,27
7,27
8,27
8,27
7,27
10,27
7,27
6,27
10,27
7,27
8,27
6,27
9,27
8,27
7,27
8,27
8,27
6,27
8,27
5,28
9,28
6,28
8,28
6,28
7,28
8,28
5,28
11,28
7,28
9,28
8,28
6,28
9,28
6,28
8,28
6,28
7,28
9,28
7,28
0,28
9,28
6,28
11,28
8,28
7,28
11,28
7,28
7,28
10,28
8,28
8,28
8,28
7,28
9,28
8,28
8,28
11,28
6,28
7,28
7,28
6,28
7,28
7,28
8,28
8,28
9,28
8,28
7,28
9,28
7,29
7,29
10,29
8,29
11,29
7,29
8,29
7,29
6,29
10,29
7,29
7,29
7,29
7,29
9,29
7,29
9,29
8,29
8,29
6,29
8,29
9,29
9,29
7,29
9,29
6,29
7,29
7,29
7,29
10,29
11,29
7,29
8,29
8,29
8,29
9,29
6,29
8,29
7,29
8,29
9,29
5,29
5,29
7,29
7,29
6,29
8,29
8,29
11,29
9,29
9,30
7,30
11,30
7,30
9,30
6,30
9,30
10,30
9,30
7,30
8,30
7,30
10,30
7,30
7,30
6,30
7,30
8,30
8,30
6,30
7,30
9,30
8,30
8,30
11,30
7,30
11,30
9,30
6,30
8,30
9,30
8,30
14,30
8,30
10,30
13,30
6,30
8,30
11,30
6,30
7,30
8,30
9,30
11,30
5,30
8,30
7,30
7,30
6,30
7,30
10,31
9,31
8,31
8,31
7,31
7,31
11,31
6,31
9,31
7,31
7,31
8,31
12,31
8,31
8,31
8,31
9,31
8,31
9,31
8,31
8,31
7,31
8,31
8,31
8,31
8,31
7,31
10,31
7,31
8,31
8,31
7,31
9,31
11,31
9,31
8,31
8,31
9,31
8,31
6,31
7,31
9,31
8,31
7,31
7,31
7,31
9,31
8,31
6,31
7,31
7,32
9,32
9,32
7,32
9,32
7,32
8,32
10,32
7,32
8,32
11,32
8,32
8,32
7,32
6,32
0,32
8,32
7,32
8,32
7,32
0,32
8,32
6,32
7,32
10,32
8,32
7,32
9,32
7,32
8,32
9,32
7,32
7,32
7,32
7,32
10,32
7,32
8,32
9,32
8,32
7,32
7,32
8,32
7,32
7,32
8,32
8,32
9,32
8,32
8,32
5,33
6,33
8,33
6,33
9,33
7,33
7,33
8,33
7,33
5,33
9,33
6,33
9,33
10,33
6,33
9,33
8,33
7,33
8,33
12,33
8,33
7,33
9,33
9,33
6,33
5,33
9,33
6,33
8,33
6,33
8,33
8,33
9,33
7,33
8,33
6,33
9,33
7,33
7,33
9,33
6,33
6,33
7,33
6,33
7,33
7,33
8,33
7,33
8,33
6,33
8,34
7,34
9,34
7,34
6,34
6,34
6,34
1,34
6,34
6,34
5,34
7,34
7,34
8,34
6,34
5,34
5,34
7,34
7,34
7,34
4,34
7,34
8,34
7,34
6,34
7,34
8,34
7,34
7,34
8,34
1,34
7,34
7,34
8,34
8,34
6,34
8,34
6,34
9,34
6,34
7,34
7,34
10,34
6,34
6,34
8,34
7,34
10,34
6,34
1,34
1,35
0,35
8,35
6,35
7,35
6,35
6,35
7,35
10,35
7,35
7,35
6,35
7,35
5,35
7,35
7,35
6,35
6,35
7,35
8,35
6,35
1,35
6,35
6,35
7,35
6,35
1,35
6,35
6,35
5,35
8,35
8,35
6,35
8,35
7,35
5,35
6,35
1,35
7,35
6,35
7,35
6,35
5,35
10,35
7,35
8,35
6,35
9,35
7,35
9,35
1,36
0,36
1,36
6,36
4,36
0,36
8,36
6,36
6,36
5,36
7,36
8,36
6,36
5,36
6,36
0,36
7,36
1,36
1,36
8,36
7,36
9,36
5,36
1,36
6,36
5,36
6,36
7,36
8,36
5,36
1,36
1,36
6,36
7,36
5,36
6,36
5,36
11,36
0,36
6,36
5,36
1,36
7,36
6,36
7,36
7,36
8,36
9,36
7,36
7,36
6,37
1,37
5,37
6,37
1,37
5,37
0,37
1,37
7,37
5,37
6,37
0,37
1,37
1,37
0,37
0,37
1,37
5,37
5,37
6,37
1,37
6,37
6,37
5,37
6,37
0,37
6,37
10,37
6,37
1,37
6,37
7,37
0,37
6,37
1,37
5,37
7,37
7,37
6,37
7,37
7,37
5,37
5,37
5,37
1,37
7,37
6,37
7,37
7,37
0,37
8,38
0,38
0,38
1,38
0,38
0,38
0,38
6,38
5,38
1,38
7,38
6,38
1,38
5,38
1,38
6,38
0,38
7,38
5,38
1,38
1,38
8,38
0,38
1,38
1,38
1,38
5,38
0,38
1,38
4,38
1,38
6,38
0,38
5,38
0,38
1,38
1,38
5,38
1,38
8,38
5,38
7,38
1,38
1,38
0,38
0,38
0,38
6,38
5,38
1,38
0,39
1,39
0,39
1,39
1,39
5,39
1,39
0,39
0,39
7,39
0,39
5,39
6,39
6,39
1,39
1,39
0,39
7,39
1,39
5,39
6,39
8,39
1,39
0,39
0,39
1,39
1,39
1,39
0,39
1,39
1,39
1,39
0,39
0,39
1,39
7,39
0,39
0,39
1,39
1,39
0,39
0,39
6,39
0,39
0,39
1,39
6,39
1,39
1,39
4,39
0,40
1,40
6,40
0,40
1,40
0,40
8,40
1,40
0,40
0,40
1,40
0,40
0,40
0,40
6,40
5,40
1,40
0,40
5,40
1,40
5,40
0,40
0,40
6,40
0,40
6,40
6,40
1,40
0,40
1,40
1,40
0,40
0,40
7,40
0,40
0,40
7,40
0,40
1,40
1,40
1,40
0,40
0,40
1,40
0,40
1,40
1,40
6,40
1,40
1,40
0,41
5,41
0,41
0,41
0,41
5,41
0,41
0,41
0,41
1,41
1,41
1,41
1,41
1,41
1,41
1,41
0,41
0,41
0,41
0,41
0,41
7,41
0,41
0,41
0,41
0,41
1,41
0,41
1,41
0,41
7,41
1,41
1,41
1,41
1,41
1,41
0,41
0,41
0,41
0,41
1,41
1,41
0,41
0,41
0,41
1,41
1,41
0,41
6,41
1,41
0,42
1,42
0,42
1,42
0,42
1,42
0,42
1,42
0,42
0,42
1,42
0,42
1,42
1,42
1,42
1,42
1,42
0,42
1,42
1,42
0,42
0,42
0,42
1,42
0,42
1,42
0,42
1,42
1,42
1,42
0,42
0,42
0,42
6,42
1,42
0,42
1,42
1,42
1,42
1,42
0,42
0,42
0,42
0,42
1,42
1,42
0,42
1,42
0,42
0,42
6,43
1,43
1,43
0,43
1,43
0,43
0,43
0,43
1,43
1,43
0,43
1,43
1,43
0,43
0,43
0,43
1,43
5,43
0,43
0,43
1,43
6,43
0,43
0,43
0,43
1,43
0,43
0,43
1,43
0,43
0,43
1,43
0,43
1,43
1,43
8,43
1,43
0,43
1,43
0,43
0,43
0,43
1,43
1,43
1,43
0,43
0,43
0,43
1,43
0,43
0,44
1,44
1,44
1,44
1,44
0,44
1,44
1,44
0,44
0,44
0,44
0,44
0,44
0,44
1,44
0,44
0,44
0,44
0,44
1,44
1,44
1,44
1,44
1,44
0,44
0,44
0,44
0,44
0,44
0,44
0,44
1,44
1,44
0,44
1,44
1,44
1,44
1,44
1,44
1,44
0,44
1,44
0,44
0,44
0,44
1,44
0,44
0,44
0,44
0,44
0,45
1,45
1,45
1,45
0,45
0,45
1,45
1,45
0,45
0,45
0,45
0,45
1,45
1,45
0,45
1,45
1,45
0,45
0,45
1,45
0,45
0,45
1,45
1,45
1,45
5,45
0,45
1,45
0,45
0,45
1,45
0,45
0,45
0,45
0,45
1,45
0,45
1,45
1,45
1,45
1,45
0,45
0,45
0,45
0,45
1,45
1,45
1,45
0,45
1,45
0,46
0,46
1,46
0,46
0,46
0,46
0,46
0,46
1,46
0,46
1,46
1,46
1,46
0,46
0,46
1,46
0,46
1,46
0,46
1,46
0,46
0,46
0,46
0,46
1,46
0,46
1,46
1,46
1,46
0,46
0,46
0,46
0,46
1,46
1,46
1,46
1,46
0,46
1,46
0,46
1,46
0,46
0,46
0,46
0,46
1,46
0,46
0,46
1,46
0,46
1,47
0,47
1,47
0,47
0,47
0,47
1,47
0,47
1,47
0,47
0,47
0,47
1,47
0,47
1,47
1,47
0,47
0,47
1,47
1,47
1,47
0,47
0,47
0,47
1,47
0,47
0,47
0,47
1,47
0,47
0,47
0,47
1,47
0,47
1,47
1,47
0,47
0,47
0,47
0,47
0,47
0,47
1,47
0,47
0,47
0,47
1,47
1,47
1,47
1,47
1,48
1,48
1,48
1,48
0,48
0,48
1,48
0,48
0,48
1,48
0,48
1,48
0,48
0,48
1,48
0,48
0,48
0,48
0,48
1,48
0,48
1,48
0,48
0,48
0,48
0,48
0,48
0,48
0,48
0,48
1,48
0,48
1,48
1,48
1,48
0,48
0,48
0,48
0,48
0,48
0,48
1,48
1,48
1,48
0,48
1,48
0,48
0,48
0,48
0,48
1,49
0,49
1,49
0,49
0,49
1,49
0,49
0,49
0,49
0,49
0,49
0,49
0,49
0,49
0,49
0,49
1,49
1,49
0,49
0,49
0,49
1,49
0,49
0,49
0,49
0,49
1,49
0,49
0,49
0,49
0,49
0,49
0,49
0,49
0,49
0,49
1,49
0,49
1,49
1,49
0,49
0,49
0,49
0,49
0,49
1,49
1,49
0,49
0,49
1,49
0,50
1,50
0,50
1,50
1,50
1,50
0,50
0,50
0,50
0,50
0,50
0,50
1,50
1,50
0,50
0,50
1,50
0,50
0,50
0,50
0,50
0,50
0,50
0,50
1,50
0,50
1,50
0,50
0,50
1,50
0,50
1,50
0,50
1,50
0,50
0,50
0,50
0,50
1,50
1,50
0,50
1,50
0,50
1,50
0,50
0,50
0,50
1,50
1,50
0,50
