,day,s_mean,s_min,s_max,s_std,i_mean,i_min,i_max,i_std,r_mean,r_min,r_max,r_std,edgecount_mean,edgecount_min,edgecount_max,edgecount_std,suscedgecount_mean,suscedgecount_min,suscedgecount_max,suscedgecount_std,cluster_mean,cluster_min,cluster_max,cluster_std,centrality_mean,centrality_min,centrality_max,centrality_std,connectivity_mean,connectivity_min,connectivity_max,connectivity_std
0,1,497.2,494,499,1.3984117975601997,2.8,1,6,1.3984117975602022,0.0,0,0,0.0,0.9996326566393708,0.9985616109956849,1.0,0.0005786267672782707,0.9999133982727976,0.999293003905855,1.0,0.00022363974517714127,0.0504603458169954,0.050397381125733845,0.050512563906167804,4.503944918903198e-05,0.05018036072144284,0.0500841683366733,0.05021242484969935,3.963232324433151e-05,11.0,11,11,0.0
1,2,493.2,485,499,3.881580434135895,6.1,0,13,3.8137179293236207,0.7,0,2,0.6749485577105528,0.9971251051428739,0.9908902029726706,1.0,0.003319463457398221,0.9986479332319803,0.9959887746491771,1.0,0.0015549691101787656,0.050268437667906694,0.04988096208347317,0.05052283536007402,0.00023612881643998216,0.05005450901803603,0.04969939879759513,0.05021242484969935,0.00017659746986644956,11.0,11,11,0.0
2,3,487.9,474,499,7.233410137841089,11.1,0,23,6.967384333050994,1.0,0,3,0.9428090415820634,0.9893951069269044,0.9697938309093815,1.0,0.010474342712274841,0.994712554775236,0.9850927742701804,1.0,0.0052705599021419065,0.05006803087247116,0.04942262034331155,0.05050947043804977,0.0003700916478701268,0.049666533066132224,0.04864128256513023,0.05021242484969935,0.0005351824630228148,10.7,9,11,0.6749485577105531
3,4,477.6,455,499,14.167254889748799,20.9,0,40,13.527338573750896,1.5,0,5,1.4337208778404378,0.970326399598129,0.930957327792872,1.0,0.025857196167233146,0.9843390087687091,0.9630121355423967,1.0,0.013935048895734308,0.049223450880015215,0.04756575591776487,0.05049716274574207,0.0011097913940413668,0.048709418837675315,0.04669338677354702,0.05021242484969935,0.0013062347734029156,9.2,5,11,2.250925735484551
4,5,463.2,432,499,22.463798036445716,33.6,0,60,20.934819480154747,3.2,0,8,2.859681411936962,0.9431301191094599,0.8868467316605402,1.0,0.04240936342868701,0.9686002700639278,0.935323450005827,1.0,0.02417986575877412,0.04809986324321265,0.045031611404261714,0.05049716274574207,0.0017865842330740457,0.04734428857715425,0.04448096192384763,0.05021242484969935,0.0021358937677812837,8.0,4,11,2.449489742783178
5,6,445.9,408,499,30.46108628689689,48.4,0,81,27.12604324670707,5.7,1,12,3.8311588035185618,0.9116719452077813,0.8384418901660281,1.0,0.05621579751804311,0.9487720763988801,0.901121880814202,1.0,0.034404446323014745,0.046908346819569915,0.04330037191009394,0.05049716274574207,0.0023322580716627662,0.04576513026052098,0.04210020040080157,0.05021242484969935,0.002827274698649627,7.2,5,11,2.3475755815545347
6,7,423.2,373,499,39.56092348096372,67.9,0,113,35.43523042898911,8.9,1,15,5.043147165543886,0.8742081592940943,0.7856002554278416,1.0,0.06924594838228525,0.9221708067021239,0.8558249821677656,1.0,0.04671055992603791,0.04565387794190651,0.04199327447995099,0.05049716274574207,0.002621443257495793,0.0438845691382765,0.03944689378757512,0.05021242484969935,0.0034814673053407295,6.3,3,11,2.057506581601462
7,8,396.7,338,499,49.01258341827469,90.7,0,140,43.29498302985642,12.6,1,22,6.569288816573341,0.832943731847883,0.7533524904214559,1.0,0.07871389807404898,0.8884290143705055,0.81664404363004,1.0,0.0588896221542572,0.04402407355813935,0.04046922454136782,0.05049716274574207,0.0032923968810310094,0.04181322645290576,0.03782765531062122,0.05021242484969935,0.003957076968170936,5.9,3,11,2.1317702607092643
8,9,369.4,309,499,57.683427236753005,112.3,0,162,49.670134107149565,18.3,1,30,9.440456674452895,0.7996338875770804,0.730062330190187,1.0,0.08358863291566546,0.8548323783038073,0.785305935145496,1.0,0.06888351791392783,0.042777850971935615,0.038561446768185244,0.05049716274574207,0.0034644142046057202,0.040141082164328615,0.03661723446893783,0.05021242484969935,0.0042010656920975125,6.3,4,11,1.8885620632287057
9,10,341.2,275,499,68.32243815581786,135.3,0,196,58.23715881348151,23.5,1,38,11.266962520770381,0.7754572030731265,0.706249001118747,1.0,0.08785113911968861,0.820568129157232,0.7349644869695753,1.0,0.08151339840329234,0.04190446754481829,0.03852667296757851,0.05049716274574207,0.003493299647935764,0.038927454909819616,0.03542284569138273,0.05021242484969935,0.004414969979090427,6.1,4,11,1.9692073983655904
10,11,309.5,236,499,77.78353153320937,160.5,0,224,65.31334728318045,30.0,1,48,14.015864027752427,0.757589786249299,0.6989144316730523,1.0,0.08795375423174412,0.7822874733399103,0.6919592313207679,1.0,0.09044230543283041,0.04227669964476126,0.04008134711540017,0.05049716274574207,0.003068778108114923,0.03803046092184366,0.03509418837675348,0.05021242484969935,0.004419657611689959,6.7,5,11,1.8287822299126937
11,12,278.8,202,499,87.75192305585104,184.3,0,254,72.55197370774202,36.9,1,58,17.609656441850305,0.7514264044404418,0.6966794380587484,1.0,0.08810870969448238,0.7458630099807235,0.6520136679137191,1.0,0.1000842272297094,0.04193432797221375,0.039815487900707554,0.05049716274574207,0.00310799570808975,0.03772104208416833,0.034981963927855686,0.05021242484969935,0.004427282319193408,7.3,6,11,1.567021236472421
12,13,249.1,169,499,96.53836312863169,206.0,0,277,78.74290091458685,44.9,1,71,21.00502585361682,0.7583746728942191,0.7038633461047255,1.0,0.08672417733691809,0.7153865387706022,0.6224290485813444,1.0,0.10857302374925176,0.04212090285453916,0.04001799877756866,0.05049716274574207,0.0030802624076374085,0.03806973947895789,0.03534268537074147,0.05021242484969935,0.004356934122300012,6.9,6,11,1.5951314818673865
13,14,216.3,129,499,107.00576308467376,229.4,0,303,85.90589166187742,54.3,1,83,24.097256644227734,0.7765973295843583,0.7053001277139208,1.0,0.08399614694262511,0.6832126313078586,0.58973957279609,1.0,0.11777072185347344,0.043232205238988665,0.04060939952223596,0.05049716274574207,0.002908485590705617,0.03898436873747492,0.03541482965931865,0.05021242484969935,0.004218694578450674,6.6,5,11,1.776388345929897
14,15,189.1,100,499,114.73684867750397,246.0,0,319,90.70587387570639,64.9,1,93,26.555811249350132,0.8004405126863074,0.717911877394636,1.0,0.07870833801796513,0.6596720525428211,0.5731994206639467,1.0,0.12460337575489594,0.04450687069751835,0.04210784022890361,0.05049716274574207,0.002487593784194904,0.04018116232464926,0.036048096192384686,0.05021242484969935,0.0039520297279518855,7.0,6,11,1.5634719199411433
15,16,162.6,82,499,121.78779358649481,263.0,0,322,94.41398201537736,74.4,1,102,30.551232017347154,0.8281139958832497,0.7476053639846744,1.0,0.07110255014566846,0.6392913314407334,0.5691069595582932,1.0,0.12883379493497132,0.045569763074178836,0.04287711261429258,0.05049716274574207,0.0021318195309652783,0.041570340681362686,0.037539078156312564,0.05021242484969935,0.0035700951686914143,7.4,6,11,1.5055453054181622
16,17,139.7,61,499,128.61747764419715,272.5,0,334,97.16223546213827,87.8,1,119,35.08022551555537,0.8605953981961454,0.7792145593869731,1.0,0.061239562330325445,0.6301766116607815,0.5529912534951613,1.0,0.13122882135424438,0.04690904021332841,0.04457959302029867,0.05049716274574207,0.0017846689525672552,0.04320080160320638,0.039126252505009985,0.05021242484969935,0.003073834571898586,7.8,6,11,1.3984117975602022
17,18,123.3,50,499,133.6172394066973,277.2,0,342,98.64504267546567,99.5,1,131,38.66738505079787,0.8848831155309929,0.8140166028097062,1.0,0.05227821153776557,0.6236672014841755,0.5496760788798905,1.0,0.13359944384990383,0.047534248445213326,0.04497966387124153,0.05049716274574207,0.0016428316094029799,0.04442004008016028,0.04087374749498998,0.05021242484969935,0.0026241871245404505,7.8,6,11,1.3984117975602022
18,19,107.4,41,499,138.8461978833654,281.5,0,341,99.80341788847826,111.1,1,146,42.20176404949074,0.9091071159507548,0.8467432950191571,1.0,0.044474083986331986,0.6178272343057055,0.5458808448137288,1.0,0.1352925270982485,0.048203357364607284,0.04621717923929976,0.05049716274574207,0.0011872097079718793,0.04563607214428853,0.04251703406813625,0.05021242484969935,0.0022326354619101292,7.8,6,11,1.4757295747452437
19,20,96.4,32,499,142.13780480771314,279.8,0,338,99.05307219420865,123.8,1,157,46.34843878468592,0.9274712994755246,0.8737228607918263,1.0,0.03525170936019034,0.6206337830366303,0.5502762189366496,1.0,0.13466621968327672,0.04871143945099994,0.047417542262874895,0.05049716274574207,0.0009702397265612767,0.046557915831663264,0.04387174348697392,0.05021242484969935,0.0017690948724940856,7.8,6,11,1.3165611772087666
20,21,85.8,22,499,145.65774190813815,279.5,0,339,99.03899344309907,134.7,1,172,49.72379265055668,0.9448769960732625,0.9024584929757343,1.0,0.028285461289518095,0.6211777369803722,0.5469692919989008,1.0,0.13418000390514356,0.04923459912767081,0.04832802374172245,0.05049716274574207,0.000588853796716169,0.04743166332665325,0.04531462925851697,0.05021242484969935,0.0014192147762752563,7.9,6,11,1.2866839377079187
21,22,79.6,20,499,147.66117371273404,273.2,0,326,96.77557083846683,147.2,1,183,53.93576426330368,0.9554639010745009,0.9220945083014048,1.0,0.022712285648622543,0.6258768066931454,0.5438422688693785,1.0,0.13257906547546874,0.049608289189022436,0.04814069051195527,0.05049716274574207,0.0006517762042937384,0.04796312625250497,0.046300601202404784,0.05021242484969935,0.0011398448086324385,7.7,6,11,1.4944341180973262
22,23,75.0,16,499,149.22093984722414,265.3,0,318,94.21612270613655,159.7,1,195,58.00201145937383,0.9641344472673998,0.9405750798722045,1.0,0.019085231380576485,0.6412434951043965,0.5610311098888903,1.0,0.1274274442465591,0.049742498438541435,0.04872526019376381,0.050790003990235436,0.0006340893689086181,0.04839839679358714,0.047198396793587095,0.05021242484969935,0.000958690103713096,8.0,6,11,1.632993161855452
23,24,71.1,13,499,150.52903005363746,258.6,0,313,92.23785677379013,170.3,1,212,61.83499548529672,0.9711923502169547,0.9506626217467667,1.0,0.01574781723502631,0.6561355669428692,0.5713034152280427,1.0,0.12368065399874796,0.049999350779138696,0.0496612450489834,0.05049716274574207,0.0002369496402790094,0.04875270541082159,0.04772745490981961,0.05021242484969935,0.0007919566523757899,8.0,6,11,1.5634719199411433
24,25,67.8,11,499,151.66395601973318,250.2,0,301,89.1575384735731,182.0,1,225,65.68104749469211,0.976669599481063,0.9551333226888072,1.0,0.013667628642198825,0.6664560833760864,0.5873857925955441,1.0,0.12001875968569588,0.0500626769947216,0.04955004945628614,0.05049716274574207,0.00031639685191338856,0.049027655310621206,0.047951903807615215,0.05021242484969935,0.0006876345657696308,8.3,6,11,1.3374935098492586
25,26,65.1,9,499,152.58181776054155,242.9,0,292,86.67237160710441,192.0,1,238,69.0860976527759,0.9807253503790576,0.9637380191693291,1.0,0.01137633695866963,0.6704940329899631,0.5746837204890091,1.0,0.12024020540483683,0.05020146405186112,0.04971459591236901,0.05075713707878803,0.0003241481464613836,0.04923126252505005,0.04836072144288572,0.05021242484969935,0.0005741677845312087,8.2,6,11,1.3165611772087666
26,27,62.8,7,499,153.3418838195662,237.1,0,285,84.61212153770352,200.1,1,247,71.6712401641458,0.9846697391930037,0.9718849840255591,1.0,0.009131949746961127,0.6880464611807564,0.5755161413257761,1.0,0.11592115425382366,0.05026041845804803,0.049640495394966296,0.050574464262051005,0.00029020803495381184,0.04942925851703402,0.04876953907815628,0.05021242484969935,0.00046138514660640234,8.6,6,11,1.4298407059684812
27,28,60.7,7,499,154.03899217766622,228.7,0,274,81.36071943306959,210.6,1,256,74.80968445922554,0.9876239854672957,0.9784345047923323,1.0,0.006707650487129215,0.6938459971182452,0.5800508324612766,1.0,0.11347145494129848,0.050303787635682995,0.0500678681006357,0.050525622610513715,0.00015553113684846836,0.0495775551102204,0.049098196392785516,0.05021242484969935,0.00034027612872385577,8.7,6,11,1.4944341180973264
28,29,58.9,6,499,154.66411635828425,222.2,0,269,79.12830649577235,218.9,1,267,77.72665780369907,0.9902110237456287,0.9824393358876118,1.0,0.00535634470196716,0.7049468816141261,0.59717675225411,1.0,0.10974273074178656,0.05033387346567186,0.05012266303632003,0.05060782341533668,0.0001459653475457411,0.04970741482965928,0.049330661322645276,0.05021242484969935,0.00027202066196658006,9.1,5,11,1.8529256146249728
29,30,57.7,6,499,155.07134558719164,215.0,0,262,76.75791671077178,227.3,1,273,80.77685312018536,0.9920474723643211,0.985632183908046,1.0,0.004077077204543584,0.7189077902292812,0.6126893168813702,1.0,0.10591208525875281,0.05038165283115166,0.0501446006630399,0.05067984555514376,0.0001554369139963886,0.04979959919839676,0.04949098196392783,0.05021242484969935,0.00020794527266855098,9.4,5,11,1.837873166945363
30,31,57.5,6,499,155.1409753167171,207.3,0,252,73.7654691874487,235.2,1,280,83.21297975676632,0.9925743534900114,0.986749680715198,1.0,0.003884777104369492,0.7312645775088729,0.6453742743474201,1.0,0.10203578737419688,0.050417185829986375,0.05026792801605091,0.05063165530989892,0.00011494956411584826,0.049826052104208374,0.04954709418837671,0.05021242484969935,0.00019959043458165463,9.5,5,11,1.90029237516523
31,32,56.8,4,499,155.38897429783535,199.9,0,245,71.20931586995248,243.3,1,287,86.02202560326563,0.9936123249204742,0.9889846743295019,1.0,0.003631334974761782,0.7491090398809344,0.6619901946416735,1.0,0.09785304489987375,0.05038472211774285,0.05011827996850274,0.05049716274574207,0.00012182151669727935,0.04987815631262521,0.049651302605210376,0.05021242484969935,0.00018696629876267286,9.7,5,11,1.8885620632287057
32,33,55.7,4,499,155.76552892087517,191.6,0,238,68.72845116834803,252.7,1,299,89.53590217213304,0.9949537035813167,0.9909003831417624,1.0,0.0026456709371658537,0.7604156221342235,0.6547806715105847,1.0,0.09578200137461267,0.05041638872700932,0.05022339960437457,0.05049716274574207,9.051610683647653e-05,0.04994549098196388,0.04975551102204405,0.05021242484969935,0.00013879288777821292,10.2,6,11,1.6193277068654826
33,34,55.0,2,499,156.01780525169414,184.1,0,224,65.69534060934441,260.9,1,302,92.0234873400385,0.9957840557351357,0.9920178799489144,1.0,0.002549738913397262,0.7692597302147597,0.674424750463048,1.0,0.08928136024312303,0.05050066387590525,0.050312112721956063,0.05072614683971482,0.00010461603330441664,0.04998717434869735,0.049811623246492916,0.05021242484969935,0.00013447675258306457,10.3,6,11,1.636391694484477
34,35,54.5,2,499,156.1937898893551,177.4,0,215,63.12984854866815,268.1,1,309,94.37449043276709,0.9962790976795362,0.9928115015974441,1.0,0.0023890183975240876,0.7739678985333881,0.6582355336897365,1.0,0.09590942072260308,0.05048115060814399,0.050379398375796594,0.050600264934328315,7.297876068645856e-05,0.05001202404809615,0.04981963927855708,0.05021242484969935,0.0001264626272940444,10.8,9,11,0.6324555320336758
35,36,54.2,2,499,156.2980059587027,170.4,0,208,60.80606694876571,275.4,1,318,97.02141802486476,0.9966783439523745,0.9929757343550447,1.0,0.002276901274660026,0.7830929414222909,0.6898873417079343,1.0,0.0893929940798892,0.05045827645301315,0.050280023801076185,0.05055970192859915,8.059138254231387e-05,0.05003206412825647,0.049851703406813594,0.05021242484969935,0.00012040365977867252,10.8,9,11,0.6324555320336758
36,37,53.9,2,499,156.4057756819315,162.6,0,197,57.852686483285574,283.5,1,329,99.77558151505139,0.9970137358341556,0.9931353767560664,1.0,0.0023590919980375673,0.7958647129451111,0.7094965426350331,1.0,0.08414766841820022,0.050480372708618625,0.05037730396558677,0.05056534622705097,6.2569709710554e-05,0.05004889779559113,0.04985971943887773,0.05021242484969935,0.00012315621620115246,10.8,9,11,0.6324555320336758
37,38,53.5,1,499,156.54694006733075,157.8,0,188,55.97578841685831,288.7,1,333,101.47364189778544,0.9974129030316886,0.9936102236421726,1.0,0.0021920343719309273,0.8035626777452929,0.7094965426350331,1.0,0.08304840937247782,0.05049483955536939,0.05032942002345023,0.050594953315931716,7.796927663632611e-05,0.05006893787575145,0.049859719438877716,0.05021242484969935,0.00011625242651401686,10.8,9,11,0.6324555320336758
38,39,53.1,1,499,156.68116954148923,150.9,0,181,53.59197701148933,296.0,1,341,104.0245697473011,0.997955865709851,0.9952107279693486,1.0,0.0016472455066054005,0.8218995822800249,0.7584498987830409,1.0,0.07707993861296113,0.05047387914330963,0.050208051377398207,0.05056979470026156,0.00010507603547701902,0.05009619238476949,0.049963927855711375,0.05021242484969935,8.984077182875037e-05,10.9,10,11,0.316227766016838
39,40,52.5,1,499,156.8900889157757,146.4,0,178,52.22217494087694,301.1,1,347,105.89349995789796,0.998434976523113,0.9958492975734355,1.0,0.0013355385181375774,0.8301319067472941,0.7420833333333333,1.0,0.07459057928136577,0.05048784048463598,0.05039560381116241,0.05055355572783165,5.92604001464041e-05,0.05012024048096188,0.050004008016032005,0.05021242484969935,7.368647819980407e-05,10.9,10,11,0.316227766016838
40,41,51.8,0,499,157.13603448392521,142.3,0,176,50.85502269523959,305.9,1,353,107.56026734399236,0.9990257834535594,0.9969667943805874,1.0,0.0011477385708003843,0.8486984426473726,0.7533333333333333,1.0,0.09067794097628026,0.05049123906038955,0.05043105919243841,0.05055090088643427,3.4590232553709104e-05,0.05014989979959915,0.05005210420841679,0.05021242484969935,6.651106401270781e-05,10.9,10,11,0.316227766016838
41,42,51.5,0,499,157.23884874787007,137.5,0,170,49.257261168052956,311.0,1,357,109.37194440176248,0.9993771574313073,0.9980842911877394,1.0,0.0006624597425774811,0.858443493342586,0.7678571428571428,1.0,0.08641037353183903,0.05048383970533219,0.0503827544926757,0.05053451994570797,4.989509652663515e-05,0.05016753507014023,0.050108216432865664,0.05021242484969935,4.2952104309764654e-05,10.9,10,11,0.316227766016838
42,43,51.4,0,499,157.27414140778376,132.6,0,167,47.83118462072858,316.0,1,366,111.20251795710382,0.9994889147613948,0.998722248842038,1.0,0.00047502003660576344,0.858143254881719,0.75,1.0,0.08761102493630973,0.05048957917328985,0.05042462989702778,0.05053366909032497,2.9641881827701436e-05,0.050173146292585125,0.05010821643286568,0.05021242484969935,3.787286496171206e-05,10.9,10,11,0.316227766016838
43,44,51.4,0,499,157.27414140778376,127.4,0,161,45.96423730587847,321.2,1,369,112.99144510389567,0.9994889147613948,0.998722248842038,1.0,0.00047502003660576344,0.858143254881719,0.75,1.0,0.08761102493630973,0.05051954048151138,0.05049378084865926,0.050558764047215494,2.3381425906606053e-05,0.050173146292585125,0.05010821643286568,0.05021242484969935,3.7872864961711616e-05,10.9,10,11,0.316227766016838
44,45,51.2,0,499,157.34307879422101,123.0,0,157,44.349621068154455,325.8,1,372,114.54334453724397,0.9996486566238136,0.9990421455938697,1.0,0.0003749137164094584,0.8608231470187759,0.75,1.0,0.08772903746460935,0.05049009603054373,0.050410156212766885,0.050558764047215494,4.7171712945733035e-05,0.05018116232464925,0.05011623246492979,0.05021242484969935,3.01001737162681e-05,10.9,10,11,0.316227766016838
45,46,51.1,0,499,157.3788422882822,118.2,0,150,42.62445828916122,330.7,1,378,116.20771632440477,0.9997923653928185,0.9993607159980822,1.0,0.0002822332256247486,0.8877265056148707,0.8216173215992972,1.0,0.07243491749915197,0.05051301089849029,0.05047505322923955,0.05057711864577028,2.9650198818674153e-05,0.05018837675350697,0.05012424849699393,0.05021242484969935,2.8277903124273436e-05,10.9,10,11,0.316227766016838
46,47,51.0,0,499,157.4131153649177,114.7,0,146,41.48641009080229,334.3,1,383,117.4980378086753,0.9998562682714678,0.9993614303959132,1.0,0.00021880696385288655,0.8944063007891694,0.8135465802993138,1.0,0.06885104072262743,0.0504943208108604,0.05045674723709377,0.05054042180044277,2.8145393035444084e-05,0.05019158316633262,0.0501402805611222,0.05021242484969935,2.365899117828148e-05,10.9,10,11,0.316227766016838
47,48,51.0,0,499,157.4131153649177,109.5,0,139,39.635141534305696,339.5,1,387,119.29352222331455,0.9998722503715156,0.9993614303959132,1.0,0.00021019793644770632,0.8970138218798722,0.8344067490249372,1.0,0.06567291151111353,0.05049888591825108,0.05041975579521876,0.05053934471016513,3.562277679557328e-05,0.050192384769539036,0.050148296593186314,0.05021242484969935,2.178958774923553e-05,10.9,10,11,0.316227766016838
48,49,51.0,0,499,157.4131153649177,103.3,0,133,37.35430958329232,345.7,1,393,121.41027780033926,0.9999201686011403,0.9995210727969349,1.0,0.00015515035864308501,0.9067648839908625,0.8552669177505607,1.0,0.05890983007712363,0.0504882759644948,0.05043576191163459,0.0505242340752122,2.8780982606990215e-05,0.050194789579158273,0.05015631262525045,0.05021242484969935,1.881824113470708e-05,10.9,10,11,0.316227766016838
49,50,51.0,0,499,157.4131153649177,100.4,0,129,36.19760581401298,348.6,1,395,122.37664991510613,0.9999201686011403,0.9995210727969349,1.0,0.00015515035864308501,0.9067648839908625,0.8552669177505607,1.0,0.05890983007712363,0.050499656487330055,0.05043576191163459,0.050560845113039994,3.075930309088026e-05,0.050194789579158273,0.05015631262525045,0.05021242484969935,1.8818241134707598e-05,10.9,10,11,0.316227766016838
