day,L1_mean,L1_max,L1_min,L1_std,L2_mean,L2_max,L2_min,L2_std
0,22.60884,45,6,4.698935736343096,9.79344,10,0,1.2180773025110552
1,22.5098,41,6,4.715921283963755,9.69252,10,0,1.4741448279320981
2,22.40032,42,6,4.713460784402768,9.58324,10,0,1.7042732422623323
3,22.28852,44,5,4.681939024776091,9.47344,10,0,1.9042057678686604
4,22.1286,42,6,4.664784287456173,9.31532,10,0,2.1478728621390233
5,21.88464,42,6,4.657909393193111,9.07544,10,0,2.455945861211718
6,21.57932,42,7,4.6588084868838155,8.77432,10,0,2.7668781617900184
7,21.29196,43,6,4.652868505106606,8.49552,10,0,3.006889021042075
8,20.91972,42,6,4.672334357677535,8.14148,10,0,3.252858228245751
9,20.51352,42,5,4.654421957166132,7.75876,10,0,3.4654067040024237
10,20.0118,42,5,4.623794539016363,7.30312,10,0,3.6583621485774898
11,19.53888,44,5,4.615285514463332,6.8908,10,0,3.791560417191832
12,19.00788,41,3,4.614484764779882,6.44164,10,0,3.895885166075752
13,18.4682,38,5,4.582312589026032,6.00472,10,0,3.96236870271174
14,17.92608,40,4,4.565760580712383,5.55568,10,0,3.99130266422861
15,17.4012,40,4,4.531942199543601,5.12668,10,0,3.9987387729221666
16,16.94048,42,3,4.506110248405242,4.7414,10,0,3.9840533313747097
17,16.55416,40,3,4.506018071685291,4.39908,10,0,3.9592981947925816
18,16.18184,40,3,4.450227679058209,4.05048,10,0,3.912112467012956
19,15.94468,38,3,4.447157607509708,3.80612,10,0,3.8980018371382017
20,15.72648,42,4,4.452601468354596,3.5582,10,0,3.8759893823058555
21,15.56052,40,3,4.442450533688563,3.35588,10,0,3.866324787740231
22,15.48908,39,3,4.4303618224514185,3.2422,10,0,3.890015995979705
23,15.39348,39,2,4.418858963825583,3.09596,10,0,3.895217399214516
24,15.3882,40,3,4.438140223510934,3.0422,10,0,3.953662152710667
25,15.41784,38,2,4.414615417855956,3.03396,10,0,4.028986972905366
26,15.44716,37,2,4.4207046541909465,3.02228,10,0,4.094988932704739
27,15.53132,44,3,4.420393721471665,3.07816,10,0,4.192225423872165
28,15.59632,40,2,4.427720253794937,3.1338,10,0,4.276099737045255
29,15.70236,39,3,4.417817460561779,3.23396,10,0,4.374140834806498
30,15.79544,41,2,4.40921453927046,3.32596,10,0,4.457652398403914
31,15.9018,42,2,4.408053311537849,3.43824,10,0,4.5370440920453685
32,16.02548,39,3,4.393686714926085,3.56716,10,0,4.614353825277062
33,16.14424,42,3,4.390640719922015,3.698,10,0,4.6782124178853985
34,16.2698,41,3,4.408630785291054,3.8362,10,0,4.736871021875419
35,16.41464,39,3,4.402432160381011,3.98968,10,0,4.793129714633062
36,16.5536,40,4,4.397315146224995,4.13992,10,0,4.838412839263718
37,16.6914,39,2,4.3996250190229,4.29256,10,0,4.876785823470086
38,16.8214,40,3,4.378861612012956,4.4306,10,0,4.905065343768732
39,16.94084,39,4,4.39930383690078,4.56812,10,0,4.926362799024979
40,17.07928,38,4,4.4017552975589105,4.71748,10,0,4.944192578289214
41,17.20264,39,4,4.393471194165882,4.85468,10,0,4.957796414478058
42,17.31944,39,3,4.405225797501527,4.993,10,0,4.965563137519333
43,17.43568,37,5,4.4213668561877,5.12464,10,0,4.96716536665242
44,17.55612,38,5,4.38352588193184,5.25876,10,0,4.967074605399574
45,17.68572,39,3,4.392179382856441,5.40388,10,0,4.9613531971249545
46,17.80728,39,3,4.432638597156038,5.54204,10,0,4.9512032088098294
47,17.92236,40,5,4.396324048225458,5.66816,10,0,4.937373524526256
48,18.02408,47,4,4.392242232080655,5.78288,10,0,4.921973988017151
49,18.1296,40,5,4.429508851096981,5.90344,10,0,4.903455712201025
50,18.22572,39,5,4.42072756397493,6.02256,10,0,4.881209286085139
51,18.32856,40,4,4.435984157390308,6.13804,10,0,4.85718525983373
52,18.44076,41,5,4.427287505616303,6.25204,10,0,4.829311413478027
53,18.52428,40,5,4.451584341077445,6.35332,10,0,4.803378797837516
54,18.61572,40,4,4.455940203562418,6.45524,10,0,4.774728103624154
55,18.71256,40,5,4.470635045439088,6.5594,10,0,4.742177893125357
56,18.79372,39,5,4.478710854212036,6.66156,10,0,4.708416414656341
57,18.88332,43,5,4.46037908443476,6.76836,10,0,4.66966970384478
58,18.97032,38,5,4.479518025510072,6.85592,10,0,4.6368201342771815
59,19.06112,39,5,4.491515478549722,6.957,10,0,4.594883624012768
60,19.13916,47,4,4.507847304633655,7.05084,10,0,4.554809013098786
61,19.2058,39,5,4.471573119009271,7.12336,10,0,4.521344934065597
62,19.29536,42,5,4.512495648206096,7.21768,10,0,4.476871353153273
63,19.34776,38,5,4.506781049198766,7.29732,10,0,4.436524329644209
64,19.4106,41,6,4.53688339859413,7.37588,10,0,4.394806798787835
65,19.47852,38,4,4.5332770303198275,7.45504,10,0,4.352068039248557
66,19.54392,41,5,4.5508174464789395,7.52252,10,0,4.312428171119989
67,19.63568,40,4,4.581112354135836,7.61632,10,0,4.257679505433791
68,19.68836,40,5,4.56099031085405,7.68744,10,0,4.212853685074629
69,19.7542,42,5,4.5461334178796555,7.75384,10,0,4.169472464764024
70,19.79496,41,6,4.5449207749524225,7.8116,10,0,4.131245348260637
71,19.83944,42,5,4.5744002330250675,7.87084,10,0,4.090304012891555
72,19.88916,45,6,4.575643337813637,7.93216,10,0,4.046466692079351
73,19.93808,39,5,4.592059384848568,7.987,10,0,4.006438950255284
74,19.99944,43,5,4.555597636446066,8.04424,10,0,3.9630936232749683
75,20.05916,38,5,4.568143475394825,8.1088,10,0,3.9132461077478884
76,20.11232,39,5,4.603128476294243,8.16568,10,0,3.8669404270987426
77,20.13744,39,5,4.614962855937897,8.21532,10,0,3.8260923743310635
78,20.18484,40,6,4.598086544465502,8.26812,10,0,3.781841318531273
79,20.23708,43,4,4.617138268693247,8.32104,10,0,3.7349446195161193
80,20.28504,41,5,4.60886123272057,8.36856,10,0,3.692596503431904
81,20.327,43,6,4.616765489056518,8.418,10,0,3.6470547076129303
82,20.37132,41,5,4.6159867580995,8.46532,10,0,3.6020044801542137
83,20.40748,39,5,4.609725591876508,8.51124,10,0,3.557726796593343
84,20.44364,42,5,4.642982429627927,8.55392,10,0,3.5147897210887784
85,20.5002,42,5,4.6611918034298006,8.5984,10,0,3.46917841108726
86,20.52308,43,5,4.610214471876452,8.63816,10,0,3.4277021136719545
87,20.5466,41,6,4.637987589154925,8.67932,10,0,3.3831083568940135
88,20.58004,41,6,4.645313418475677,8.72672,10,0,3.3314504324812386
89,20.61032,42,5,4.641143297296924,8.76672,10,0,3.286154651579217
90,20.64712,41,6,4.6726040956581745,8.79748,10,0,3.250170486901837
91,20.68592,41,6,4.633319809779852,8.83604,10,0,3.20482884964521
92,20.7202,40,3,4.666011447319125,8.87416,10,0,3.1589370759383555
93,20.74212,42,6,4.666485717234964,8.90932,10,0,3.1158250066746147
94,20.76936,44,6,4.678717859246511,8.94536,10,0,3.0691026776649015
95,20.81108,41,6,4.648089222781435,8.9816,10,0,3.0230492872395818
96,20.83048,41,4,4.679536183421995,9.00728,10,0,2.9883614596913484
97,20.85352,41,3,4.656605090453642,9.04104,10,0,2.9428323310860076
98,20.88248,43,5,4.678027833112622,9.06608,10,0,2.9078465668714846
99,20.90224,41,6,4.653397591735104,9.09072,10,0,2.872786103697923
100,20.92428,46,6,4.686711543524272,9.1232,10,0,2.82686069795741
101,20.9476,43,6,4.685088285410397,9.14792,10,0,2.789557480826949
102,20.98708,40,6,4.696214991991969,9.17696,10,0,2.747105207646937
103,21.00684,40,5,4.690730575564265,9.19996,10,0,2.7110348553272865
104,21.02808,41,5,4.688574497950628,9.22336,10,0,2.675218978376027
105,21.0492,40,5,4.699095936465325,9.24824,10,0,2.635407884443829
106,21.04936,42,5,4.7188106846292435,9.26664,10,0,2.604990316562028
107,21.07352,45,5,4.735116858417146,9.288,10,0,2.570003929337057
108,21.10016,44,5,4.715088255450828,9.30808,10,0,2.536072550255451
109,21.1226,41,6,4.696140052133826,9.33416,10,0,2.4917033205856347
110,21.14836,42,6,4.701033216105994,9.35668,10,0,2.4519420585312206
111,21.15652,43,6,4.723790221565968,9.37884,10,0,2.4124910484647195
112,21.17488,42,4,4.73449401762682,9.39712,10,0,2.379185181209113
113,21.19052,40,6,4.726156534841348,9.41484,10,0,2.345959913450493
114,21.20324,42,5,4.7061427319596385,9.4322,10,0,2.3133562684309923
115,21.2072,41,4,4.71530672647083,9.44644,10,0,2.2854978158840176
116,21.22232,41,5,4.706431752144453,9.46164,10,0,2.2556799493902853
117,21.25016,44,5,4.720499051885522,9.47744,10,0,2.223206862248784
118,21.26768,41,5,4.736796903752177,9.49312,10,0,2.192492861242167
119,21.28176,43,5,4.700422859850218,9.51312,10,0,2.1510213716552538
120,21.29004,41,6,4.722796734008316,9.52856,10,0,2.117924396797501
121,21.28688,42,4,4.718867509691592,9.53952,10,0,2.094729979101698
122,21.2978,39,4,4.734842332039825,9.55344,10,0,2.065108896254661
123,21.31348,42,5,4.727775836921047,9.56676,10,0,2.0352760983099687
124,21.32324,41,5,4.743413950040205,9.57724,10,0,2.0107599828493545
125,21.32516,42,6,4.737536147023033,9.59196,10,0,1.9777613152230542
126,21.34488,42,6,4.725152999473648,9.60392,10,0,1.9491107189956645
127,21.36544,40,5,4.719286436843911,9.6126,10,0,1.9286964599960708
128,21.3624,40,7,4.7589045091160695,9.62396,10,0,1.9017409348129684
129,21.36852,41,6,4.709632707038778,9.63436,10,0,1.876253768424769
130,21.38896,42,5,4.732999701019115,9.64736,10,0,1.8426776301984953
131,21.40988,42,6,4.760880698463376,9.65912,10,0,1.8131994742149387
132,21.4016,43,4,4.765512128222289,9.67024,10,0,1.785302729128421
133,21.4058,42,6,4.743427702016212,9.67716,10,0,1.7668557398860372
134,21.42184,41,5,4.757873107666943,9.68836,10,0,1.7369171499088334
135,21.44892,41,5,4.76204766014753,9.69928,10,0,1.7069048077033815
136,21.45936,40,5,4.731025649322538,9.7106,10,0,1.6751596599713938
137,21.44476,41,6,4.744328075539839,9.72292,10,0,1.6411259565847542
138,21.45348,42,5,4.709148854402173,9.73196,10,0,1.6143539896665033
139,21.48412,42,5,4.759867023243721,9.74436,10,0,1.5775385052382775
140,21.49336,42,6,4.7458251995488725,9.75292,10,0,1.552097881550446
141,21.48872,42,5,4.742629277404954,9.75952,10,0,1.530366965966667
142,21.49984,42,6,4.782739273491547,9.76408,10,0,1.5166653436241562
143,21.49988,41,5,4.755723358416295,9.77192,10,0,1.4912506384704993
144,21.52048,40,5,4.754131323405525,9.78144,10,0,1.4615871427592118
145,21.51432,42,5,4.7399634627014935,9.78848,10,0,1.437769792727293
146,21.50656,43,6,4.756072095255824,9.79304,10,0,1.423084173597117
147,21.50748,42,5,4.757500331263892,9.79904,10,0,1.4027165725660022
148,21.53104,41,5,4.761750044777605,9.80732,10,0,1.374376212686672
149,21.54552,39,4,4.750758962316297,9.81192,10,0,1.3566353717861201
150,21.53688,43,5,4.761926805766343,9.81892,10,0,1.333132072693824
151,21.52704,45,6,4.767743501230301,9.82224,10,0,1.3207540111793419
152,21.53964,41,5,4.739768695484144,9.82692,10,0,1.3038678293648664
153,21.54516,41,5,4.76460162359301,9.83008,10,0,1.2911366600615897
154,21.5508,42,6,4.777280843376319,9.83772,10,0,1.2632058538342648
155,21.56156,42,6,4.739779423850801,9.84572,10,0,1.2321600587327939
156,21.56272,43,6,4.771458568852379,9.84852,10,0,1.2210951856993366
157,21.55712,49,6,4.753504090420608,9.85412,10,0,1.1986394349677412
158,21.56788,44,5,4.758030880512916,9.85852,10,0,1.1806774197750975
159,21.58728,40,6,4.753567718865728,9.862,10,0,1.166623521285944
160,21.5898,44,6,4.750094577578422,9.86664,10,0,1.1463802501382865
161,21.58556,42,5,4.764886950632308,9.87236,10,0,1.1214447538481067
162,21.58064,40,6,4.7477825190244,9.87516,10,0,1.1092088117967376
163,21.59116,42,6,4.766789144230086,9.87772,10,0,1.098660950355184
164,21.59496,43,6,4.763390619507042,9.88064,10,0,1.0852282244818219
165,21.58504,43,6,4.759243029534051,9.88156,10,0,1.0806936116898669
166,21.60296,42,5,4.765860654227227,9.88492,10,0,1.066190444565396
167,21.60152,44,6,4.762743016208384,9.88984,10,0,1.042990070677326
168,21.58292,42,6,4.767140998432082,9.89332,10,0,1.026947692174483
169,21.59516,41,5,4.753374417940811,9.89704,10,0,1.0086426189673485
170,21.61968,41,5,4.741182958949603,9.9004,10,0,0.9930353894858877
171,21.6166,42,5,4.7509101534223275,9.90252,10,0,0.9820876892870553
172,21.60548,41,6,4.765134020118347,9.9044,10,0,0.9730871060396599
173,21.60172,40,6,4.748026410182621,9.9056,10,0,0.9670191544337671
174,21.60984,46,5,4.783050310963811,9.90932,10,0,0.947508864613908
175,21.6112,44,5,4.749498591375169,9.91172,10,0,0.9349874917154691
176,21.60724,44,6,4.766143957910746,9.91304,10,0,0.9275733793587277
177,21.62148,42,5,4.769108133109933,9.91544,10,0,0.9147694127610226
178,21.62836,42,6,4.737047740444658,9.9176,10,0,0.90401489463238
179,21.61888,42,6,4.749742092745439,9.91984,10,0,0.8908008281566798
180,21.61908,45,7,4.774156643478118,9.92172,10,0,0.88083101451473
181,21.62552,40,6,4.7347250642943735,9.922,10,0,0.8797425520448096
182,21.6154,43,6,4.7712632958302885,9.92252,10,0,0.8763489996016245
183,21.62304,42,6,4.77388026197873,9.9244,10,0,0.8662070494899582
184,21.63104,44,6,4.7406631892488145,9.92812,10,0,0.8442877344076127
185,21.63796,42,5,4.78411983028249,9.92932,10,0,0.8372528753579148
186,21.63536,44,5,4.734192029625206,9.93024,10,0,0.8313129288345159
187,21.63252,40,6,4.769770275174603,9.93292,10,0,0.8157738001895641
188,21.63904,43,6,4.765616048555831,9.93532,10,0,0.8011255642449494
189,21.63648,44,5,4.75638078121646,9.9368,10,0,0.7924839943085578
190,21.6328,41,5,4.755770058986668,9.938,10,0,0.7849717493170635
191,21.62724,42,6,4.768085503425321,9.93852,10,0,0.7811559497211287
192,21.6348,43,6,4.781056713753988,9.9408,10,0,0.7671498554754682
193,21.63108,44,5,4.7563224173427905,9.94024,10,0,0.7696573505771844
194,21.63196,46,3,4.766413253822224,9.94252,10,0,0.7554329068521349
195,21.64436,41,6,4.7562995159896655,9.9468,10,0,0.7274551035198705
196,21.63736,43,5,4.82080302813477,9.94692,10,0,0.7260603281711585
197,21.64392,41,4,4.7586335031511835,9.94772,10,0,0.7205883509347472
198,21.638,43,4,4.778638866411288,9.94812,10,0,0.717836386067944
199,21.65336,43,6,4.747144628688373,9.9504,10,0,0.7025379579661839
