day,s_mean,s_max,s_min,s_std,i_mean,i_max,i_min,i_std,r_mean,r_max,r_min,r_std,edgecount_mean,edgecount_max,edgecount_min,edgecount_std,suscedgecount_mean,suscedgecount_max,suscedgecount_min,suscedgecount_std
1,0.9971999999999999,0.998,0.992,0.0012777531299998858,0.0026800000000000014,0.008,0.0,0.001376775291789344,0.00012,0.002,0.0,0.0004797958749641904,0.9982286781798024,1.0,0.9885159010600707,0.0030182320658638474,0.9094269861411712,1.0,0.6067967340150054,0.11376530439969935
2,0.9958800000000003,0.998,0.988,0.002264544825192503,0.0038400000000000023,0.01,0.0,0.0022072237618089106,0.00028000000000000003,0.002,0.0,0.0007010196655077314,0.9920003553490636,1.0,0.9752549117135041,0.00743841197445646,0.9054501617044085,1.0,0.6092503381849995,0.11454464405304247
3,0.9941600000000002,0.998,0.984,0.0035188124156207384,0.005360000000000003,0.014,0.0,0.003509520578922077,0.00048,0.004,0.0,0.0009527618286018896,0.9852445453409042,1.0,0.9369559810992291,0.014275581162999831,0.9009366107632042,1.0,0.607618616191079,0.11383594152709153
4,0.9918399999999997,0.998,0.976,0.005312134741344976,0.007240000000000003,0.024,0.0,0.005343544646370525,0.0009200000000000002,0.008,0.0,0.0015758379695014488,0.9784381311203961,1.0,0.9092484833477776,0.02041170032724465,0.8961985604343305,0.9986735668708944,0.602522927023717,0.11412102809469686
5,0.9890000000000002,0.998,0.964,0.00735402152927641,0.009640000000000006,0.034,0.0,0.007099180751814873,0.0013600000000000007,0.008,0.0,0.0018267848415023749,0.9686298691718634,1.0,0.8915438900581899,0.02628250787531012,0.8898549259556711,1.0,0.6030546344767543,0.11330033757010029
6,0.9843599999999997,0.998,0.948,0.01070334679682302,0.01380000000000001,0.046,0.0,0.010135812442895291,0.0018400000000000005,0.008,0.0,0.002131972354991729,0.9537350982641868,1.0,0.8652965209855145,0.03427438695023698,0.8802530153714799,1.0,0.5862114325033424,0.11572672511773051
7,0.9783999999999997,0.998,0.922,0.01521545937793639,0.019240000000000007,0.07,0.0,0.01414150065644826,0.002360000000000001,0.008,0.0,0.002513311499571343,0.9349753368723915,0.999878182482641,0.7975733564442243,0.0437541495593432,0.8677180690025443,0.9976809613856532,0.5824498479229827,0.11389855920307256
8,0.971,0.998,0.904,0.019906926289252048,0.025760000000000016,0.084,0.0,0.018234929477824274,0.003240000000000001,0.012,0.0,0.0031529707403964153,0.9175012663621905,1.0,0.7991828649250959,0.050270093265842794,0.8559399530096314,0.998205826438961,0.5694977281061819,0.11402445382085077
9,0.9616800000000001,0.998,0.888,0.0258231346996116,0.034000000000000016,0.1,0.0,0.023722890005310943,0.004320000000000002,0.018,0.0,0.003966389403217892,0.8950845583673521,1.0,0.7563451776649747,0.06369455720983944,0.84118377015892,0.997109214171454,0.5603492223711233,0.11735669673901004
10,0.9497199999999997,0.998,0.868,0.03214002527207774,0.04448000000000001,0.118,0.0,0.029026546611046682,0.005800000000000003,0.018,0.0,0.004836088822803074,0.8707408166403507,1.0,0.7235742379547689,0.06841216241460901,0.8246073275471852,0.9988964259941189,0.5471488047470048,0.1164050920667728
11,0.93328,0.998,0.832,0.040781668550905543,0.05864000000000002,0.154,0.0,0.036550083056384026,0.008080000000000004,0.028,0.0,0.005992648557582354,0.8412024683551106,1.0,0.6910029498525073,0.0784268902546292,0.8045434360358424,0.9969573599318906,0.5284269264417042,0.11841536640341425
12,0.9145599999999996,0.998,0.796,0.050731852088471314,0.07456000000000002,0.18,0.0,0.04580890208468308,0.010880000000000006,0.03,0.0,0.006941857658804452,0.8138320935859672,1.0,0.6678957718780728,0.08806775614385853,0.786708510974596,0.9970770971945243,0.5089793009341615,0.12292430968305837
13,0.8911600000000002,0.998,0.758,0.061983658149152694,0.09516000000000002,0.214,0.0,0.05581615595243121,0.013680000000000008,0.034,0.002,0.00829418286437881,0.7836262192168966,1.0,0.6399950835791544,0.09264073129661957,0.766235717406897,0.9976656613336109,0.4984465867210666,0.12387231622371946
14,0.8644399999999999,0.998,0.712,0.07523816877633537,0.11896000000000002,0.254,0.0,0.06743975694148467,0.016600000000000007,0.042,0.002,0.01009546271088843,0.7534889070512324,1.0,0.6258603736479843,0.10040495261930764,0.7459738821303341,0.9991152135032959,0.4630644153850303,0.12763370563255425
15,0.8323199999999998,0.998,0.656,0.08952241538934735,0.14640000000000003,0.304,0.0,0.07923717948188777,0.02128000000000001,0.046,0.002,0.012327238795712958,0.7229067231437354,1.0,0.5848082595870207,0.10451517913321832,0.7233226204453235,0.9988979964156874,0.4613066678140531,0.12622698666999746
16,0.7951599999999999,0.998,0.598,0.1040181224398824,0.17884,0.36,0.0,0.09129730755803778,0.026000000000000013,0.058,0.002,0.014663574194692964,0.6935443821152663,0.999878182482641,0.5735739525492176,0.10695678609618176,0.7019984106069438,0.9970634368161368,0.43278833491232827,0.12700612290977054
17,0.7552799999999997,0.998,0.518,0.1187435996126932,0.21244000000000005,0.432,0.0,0.10288356009963649,0.03228000000000002,0.066,0.002,0.018015911334830936,0.6674277832764376,1.0,0.5417718324078749,0.10943248660987381,0.683222212734251,0.9997358821820288,0.42726318022056975,0.12968764262758925
18,0.7116799999999999,0.998,0.446,0.1346235022087108,0.24832,0.484,0.0,0.11522992808524446,0.04000000000000003,0.084,0.002,0.022031517312750864,0.6449782718287617,1.0,0.5340711265854265,0.11058507028128338,0.6650821429713555,0.9981595235634587,0.41334303635294584,0.12858082802854176
19,0.6644800000000001,0.998,0.386,0.14733195061991608,0.2872,0.53,0.0,0.12388276222102171,0.04832,0.104,0.002,0.026005839218709855,0.6228128857683456,1.0,0.5248611812216053,0.10989960980908717,0.6480162269843909,0.9995888519075887,0.397899495573114,0.12944251770953014
20,0.6171599999999999,0.998,0.344,0.1598545716632235,0.3245600000000001,0.558,0.0,0.13369721502754817,0.05827999999999999,0.118,0.002,0.02914848685119496,0.6079426181215414,1.0,0.5191859752359936,0.11151639907783661,0.6349998242076998,1.0,0.3940045769291917,0.12937490585574857
21,0.5658000000000001,0.998,0.29,0.17231639148818723,0.36488,0.586,0.0,0.14206360173800855,0.06932000000000002,0.132,0.002,0.033824541265725025,0.5935952960004844,1.0,0.51479731410097,0.11180186681009743,0.6220206303661536,0.9977102158217361,0.3840287831881144,0.12992492481763104
22,0.5151199999999997,0.998,0.25,0.1825131407066687,0.40432000000000007,0.616,0.0,0.1494913061426814,0.08055999999999999,0.156,0.002,0.036924722098355955,0.5822559217979879,1.0,0.5133014588696825,0.11214651525739588,0.6120545120233446,0.997274679619946,0.3898659922250435,0.12710637195642882
23,0.46968,0.998,0.204,0.18848758309127908,0.4358000000000001,0.638,0.0,0.15072735217563385,0.09451999999999999,0.182,0.002,0.04254900655930374,0.5765823793498003,1.0,0.5131740950504802,0.11087194263272993,0.6043987369578563,0.9974709582625882,0.37980497921999457,0.12642941710991962
24,0.42124000000000017,0.998,0.166,0.19492704653122855,0.4700000000000001,0.664,0.0,0.15304634485497975,0.10876000000000002,0.19,0.002,0.04661591214709975,0.569145219930653,1.0,0.5006754267468991,0.11180572618644687,0.5973287731166149,0.9963186840023938,0.3762036557978768,0.1270457559687382
25,0.37504,0.998,0.136,0.20081232582708072,0.50048,0.68,0.0,0.15518445114621185,0.12447999999999998,0.21,0.002,0.051213136069981596,0.56733245480041,0.999878182482641,0.5030087191452781,0.11148917214919486,0.5913807783017277,0.9978516563812588,0.36796193325697524,0.12653339625427784
26,0.33428,0.998,0.11,0.20491033778365658,0.5238799999999999,0.69,0.0,0.15503227313783963,0.14184000000000002,0.234,0.002,0.055973521436843844,0.5679939792285267,1.0,0.5057104261328749,0.11117089156772654,0.589476945957434,0.99971628721683,0.3692689667123701,0.12657782248650926
27,0.29484,0.998,0.088,0.20715333569555652,0.5459999999999999,0.686,0.0,0.15352564101471647,0.15916,0.246,0.002,0.061232364391550255,0.5685628199418371,0.999878182482641,0.5058332309959475,0.11090498986372171,0.5863786422128033,0.9981440033052911,0.3678790931730827,0.12742356005235053
28,0.25964000000000004,0.998,0.078,0.20794571112554885,0.5622800000000002,0.688,0.0,0.1513471533142481,0.17808,0.274,0.002,0.06636689610008277,0.5728914111158061,1.0,0.4993245732531008,0.11040239329275832,0.5840691669641213,0.9967699502149678,0.3648271791488331,0.12746949515113798
29,0.23063999999999993,0.998,0.062,0.2106473753330287,0.5737200000000001,0.688,0.0,0.1517403851642532,0.19564000000000004,0.296,0.002,0.07008530079663712,0.576632419234199,1.0,0.5048911714355588,0.10976835738318026,0.5868475215127157,0.996410756912316,0.37243780043767755,0.1280934443254087
30,0.20455999999999994,0.998,0.056,0.21300073392610935,0.5815600000000002,0.696,0.0,0.151967391776214,0.2138800000000001,0.312,0.002,0.07366599747287395,0.5829998823533136,0.999878182482641,0.504157495720225,0.10851235601757954,0.5835005353720334,0.9976934033273317,0.38508035421297016,0.12613423114435468
31,0.1824,0.998,0.042,0.21595577778606362,0.58644,0.7,0.0,0.15227327207279384,0.23115999999999995,0.336,0.002,0.07711014121080975,0.5887312605464983,1.0,0.5047688921496698,0.10725609271284632,0.583788289861947,0.9965772552121357,0.3684541585015792,0.12708602469542946
32,0.16327999999999995,0.998,0.032,0.21871191003655183,0.5874799999999999,0.706,0.0,0.15213356645006493,0.24923999999999996,0.356,0.002,0.0813196163296409,0.5954622556842901,1.0,0.5161408657373441,0.10606236892709203,0.5824460687340199,0.9981491624047457,0.375258307024845,0.12692888859429619
33,0.14628,0.998,0.026,0.22148368346407896,0.58616,0.698,0.0,0.15222691976795963,0.26756,0.37,0.002,0.0857136095211423,0.6032318777176038,0.999878182482641,0.5112496943017852,0.10459586276362373,0.5831261317270393,0.9989086732197897,0.38035335209762733,0.127729824963386
34,0.13339999999999996,0.998,0.018,0.22360287318806793,0.5810400000000001,0.7,0.0,0.15115567863521856,0.28556,0.386,0.002,0.08963808410742041,0.61094520677015,1.0,0.5269174041297935,0.10295654053892145,0.5895830107363417,0.9981410019692888,0.39872258793419274,0.12584945715889034
35,0.12251999999999998,0.998,0.012,0.2257420633902186,0.5748799999999998,0.702,0.0,0.14997586744648797,0.30260000000000004,0.402,0.002,0.09365786629198503,0.6190905008858565,1.0,0.5267791636096845,0.10130491273079192,0.5899053650800049,0.9973235758061065,0.3950089944514038,0.12764872479183584
36,0.11284,0.998,0.012,0.2274942798114686,0.5662399999999999,0.682,0.0,0.1482026411948952,0.32092000000000004,0.422,0.002,0.0968526842631612,0.6282724785543767,1.0,0.5398630471998044,0.09893984268555411,0.594962680003188,0.9982152136026485,0.3740586018805959,0.12649208309723559
37,0.10499999999999998,0.998,0.012,0.2290410354464181,0.5564800000000001,0.676,0.0,0.14622686316201988,0.33852000000000004,0.44,0.002,0.1001344483936574,0.6371804370590186,1.0,0.5419417950599168,0.096902343555481,0.5954388988653015,0.9975974623829443,0.40361618906290625,0.12421304604290719
38,0.09847999999999997,0.998,0.012,0.2302657063268521,0.5458800000000001,0.67,0.0,0.14464165995977216,0.35564,0.46,0.002,0.10428038342539281,0.6462093147636557,1.0,0.5512536873156342,0.09514839327559087,0.6002055809728251,0.9982162419268881,0.38495735717794416,0.1267646280218194
39,0.09279999999999995,0.998,0.008,0.23159852665986544,0.5353599999999998,0.672,0.0,0.14241442256703513,0.3718399999999999,0.476,0.002,0.10800743738563677,0.6544550668983473,1.0,0.5559242871189773,0.09308572273263634,0.5956942472868082,0.9992486126529692,0.3884309202758246,0.12459916406460347
40,0.08915999999999995,0.998,0.006,0.23240221643538955,0.5242,0.662,0.0,0.13971121819594845,0.38663999999999993,0.488,0.002,0.11016161782043837,0.6623790851663982,1.0,0.5668633235004916,0.09096147661270997,0.6072852663618015,0.9977428442473062,0.4045268427121877,0.12302714073680018
41,0.08523999999999995,0.998,0.006,0.23329892885326675,0.51176,0.652,0.0,0.13682501263158228,0.4029999999999999,0.506,0.002,0.1135032140154486,0.6712098163773973,1.0,0.5725116165321594,0.08881931905705133,0.6055591468540922,0.9980217384649016,0.3837018691506135,0.1303871536984759
42,0.08243999999999996,0.998,0.004,0.23396434055868695,0.5005599999999999,0.644,0.0,0.13389855435045914,0.41700000000000004,0.52,0.002,0.11619143247069397,0.6792871851447583,0.999878182482641,0.5810711665443874,0.08652771558532871,0.6098198864959048,0.997472151314563,0.4142087203379723,0.12290181990105965
43,0.07935999999999996,0.998,0.002,0.2346709167827864,0.4885599999999999,0.63,0.0,0.1309625526785487,0.43208000000000013,0.53,0.002,0.11938684165009003,0.6871552315899482,0.999878182482641,0.5920599803343166,0.08476560738082826,0.6122428124636923,0.9990546551440053,0.40148462246706823,0.1307045995088303
44,0.07679999999999995,0.998,0.002,0.23527179245827703,0.47660000000000013,0.616,0.0,0.12800653682288163,0.44659999999999994,0.546,0.002,0.12212689954238881,0.694777516654653,1.0,0.6041052114060964,0.08264149364057148,0.621601828773381,0.9988864154063322,0.3800708699902249,0.13172572495351026
45,0.07447999999999998,0.998,0.002,0.23579671632270757,0.46504000000000006,0.602,0.0,0.12531119792951712,0.46048,0.56,0.002,0.1251008148556636,0.7026437890872641,1.0,0.6135974565908535,0.08058926600492655,0.6249879583759506,0.9974521653689363,0.37201166645416295,0.13688921217441158
46,0.07267999999999994,0.998,0.002,0.2362377253047084,0.4517600000000002,0.586,0.0,0.12129211828962207,0.47556,0.57,0.002,0.12771223392407458,0.7110843249100505,1.0,0.6250917094644167,0.07799060999232031,0.6337315738452487,0.9968896060727099,0.4089058196140193,0.12538375554961925
47,0.07139999999999996,0.998,0.002,0.23654873942265894,0.43904,0.576,0.0,0.11807520260151053,0.48955999999999983,0.588,0.002,0.130696901263955,0.7191060652825787,0.999878182482641,0.6315725116165322,0.07591512860216605,0.6266642602765574,0.9968692839382496,0.4030033706532983,0.13137789442943326
48,0.07015999999999994,0.998,0.002,0.2368569153884829,0.42696,0.558,0.0,0.1150242139547946,0.50288,0.602,0.002,0.13366125932706885,0.7265971407650165,0.999878182482641,0.6418439716312057,0.07386580604009832,0.6376002861324854,0.9974875087731402,0.44326771155535194,0.1279627904911627
49,0.06935999999999992,0.998,0.002,0.2370534909066315,0.41599999999999987,0.544,0.0,0.11210854798191013,0.5146399999999999,0.616,0.002,0.13618860871180505,0.733246899517431,1.0,0.648813890926877,0.07220135636413616,0.6338248218683635,0.9976603147286643,0.42128968506948866,0.13766057666966544
50,0.06851999999999993,0.998,0.0,0.2372663396235702,0.40468,0.532,0.0,0.10916649706587021,0.5267999999999998,0.628,0.002,0.13894177315167175,0.7402243193514415,1.0,0.6588407923697726,0.07024928841698497,0.6401889859079196,0.997325065931655,0.44102703047303327,0.1405797826881464
51,0.06747999999999992,0.998,0.0,0.23751908537708574,0.39312,0.518,0.0,0.10605286321414605,0.5394,0.638,0.002,0.1416314562085524,0.7468562312121635,1.0,0.6675226216678894,0.06842322451168979,0.6493371220013755,0.9966597199678742,0.4169844902110348,0.1517509990754239
52,0.06703999999999993,0.998,0.0,0.23762712687858564,0.38223999999999997,0.502,0.0,0.10327979828937446,0.55072,0.652,0.002,0.14426718975850442,0.7535470255608994,0.999878182482641,0.6754707752506726,0.06661954267825736,0.6499170150501971,0.9973420349164245,0.32316297991355203,0.13886802624661296
53,0.06631999999999995,0.998,0.0,0.23780608117728605,0.3708800000000001,0.498,0.0,0.10043022555028758,0.5628,0.672,0.002,0.14716421481613312,0.7604954591979226,1.0,0.6780386402543409,0.06492121514895907,0.6546830613138658,0.9979710480865089,0.38095238095238093,0.15363702152712336
54,0.06571999999999996,0.998,0.0,0.23795798291432263,0.36128000000000005,0.488,0.0,0.09802020616345658,0.573,0.68,0.002,0.14958132045336223,0.7662649337197288,1.0,0.6874541452677916,0.06349202307636105,0.6555761812719145,0.9970004760964611,0.4404441194581281,0.1421301930708281
55,0.06531999999999993,0.998,0.0,0.23805799670651345,0.3515199999999999,0.472,0.0,0.09525181234549841,0.5831599999999999,0.686,0.002,0.15185282348379298,0.7721890095963656,1.0,0.6969919295671313,0.06185080135437021,0.6616985227757718,0.997705293219352,0.46819196428571436,0.13807193145221497
56,0.06503999999999993,0.998,0.0,0.2381305558567675,0.34120000000000006,0.452,0.0,0.0923993108906188,0.59376,0.7,0.002,0.15424689458720367,0.7783798163061911,1.0,0.7071411102959159,0.06017663187589888,0.6963927595891708,1.0,0.40158723060252616,0.1440163425128243
57,0.06455999999999994,0.998,0.0,0.23824838350951713,0.33132,0.438,0.0,0.08981487536446675,0.6041200000000001,0.71,0.002,0.15670193205638555,0.784067312499839,1.0,0.7126436781609196,0.05881454824708707,0.6908944967153808,1.0,0.4436816679379609,0.14933381718352026
58,0.06423999999999994,0.998,0.0,0.23832806749332325,0.32071999999999995,0.426,0.0,0.08682683681809866,0.61504,0.718,0.002,0.15915554707035914,0.79010353297924,1.0,0.7223037417461482,0.05689119573062976,0.6645982828664362,0.9980390614442711,0.3569664272022455,0.15385656168700584
59,0.06387999999999994,0.998,0.0,0.2384163430913687,0.3123999999999999,0.414,0.0,0.08464186256196862,0.62372,0.724,0.002,0.16124060358637324,0.7955011542702316,1.0,0.7306187331865982,0.05555495819649818,0.6734135228084892,1.0,0.3123456238019648,0.15149323913236085
60,0.06355999999999995,0.998,0.0,0.23849948958145012,0.30228,0.398,0.0,0.08165033461570838,0.63416,0.736,0.002,0.16356130473973138,0.8014327706709363,1.0,0.7380777696258254,0.053659190155374396,0.6856973474675009,1.0,0.4285714285714286,0.14950829778949012
61,0.06327999999999995,0.998,0.0,0.23856706925016335,0.2932,0.386,0.0,0.07946761630259415,0.6435200000000002,0.748,0.002,0.16595035402191824,0.8067150089631692,1.0,0.7424798239178283,0.052570074331907246,0.6768134160673782,0.9976336981912853,0.4085317460317461,0.14828180693692913
62,0.06319999999999994,0.998,0.0,0.2385873390759596,0.2858799999999999,0.372,0.0,0.0778763121879818,0.6509200000000002,0.754,0.002,0.16790289224575555,0.8110109511773119,0.999878182482641,0.7540963560772805,0.05137129742671164,0.7093252948263606,1.0,0.44549603174603175,0.1463309356477832
63,0.06295999999999995,0.998,0.0,0.23864660577720267,0.2767999999999999,0.362,0.0,0.07558317489051788,0.6602399999999997,0.766,0.002,0.17020258757235898,0.8166313468960475,1.0,0.7598434825140621,0.050097709369993866,0.7066349414055493,0.9973496201417043,0.4632156062731097,0.14170802031000954
64,0.06271999999999994,0.998,0.0,0.23870663747686235,0.26888,0.36,0.0,0.07372885791734411,0.6684,0.774,0.002,0.17225846740243783,0.8207637801641092,1.0,0.7621667889459526,0.049080841764261945,0.7099337406520089,1.0,0.4318181818181818,0.15375475275910966
65,0.06263999999999996,0.998,0.0,0.23872738785963732,0.2609599999999999,0.35,0.0,0.07144370125476136,0.6763999999999997,0.784,0.002,0.1741062307668417,0.8250737211254696,1.0,0.7674247982391783,0.04786720673033628,0.7150960295711969,0.9991448092682678,0.4448127842237239,0.14209458625705643
66,0.06255999999999996,0.998,0.0,0.23874776716553936,0.25331999999999993,0.34,0.0,0.06923088847015722,0.6841200000000001,0.786,0.002,0.1758781628379865,0.8295775642779577,1.0,0.772805086818293,0.0465983876523956,0.7111490196321713,1.0,0.397025171624714,0.16111409304136495
67,0.06247999999999996,0.998,0.0,0.23876811738075715,0.24632,0.332,0.0,0.06730055644613336,0.6912000000000004,0.788,0.002,0.17756217652026077,0.8337318771784126,0.999878182482641,0.7757397896796283,0.04552082300160568,0.7400442517015066,1.0,0.5238095238095238,0.15404595231755674
68,0.06239999999999995,0.998,0.0,0.23878809665065137,0.23740000000000003,0.324,0.0,0.06493230383740173,0.7001999999999999,0.8,0.002,0.17974642002055033,0.8394015397778939,1.0,0.7814869161164099,0.044033591535127314,0.7088305797136775,0.9970222525998945,0.4347826086956522,0.1507127178162593
69,0.06211999999999995,0.998,0.0,0.23885865002942128,0.23016000000000003,0.324,0.0,0.06317044000001834,0.7077199999999998,0.808,0.002,0.18161228493914264,0.843230765809488,0.999878182482641,0.7812423575446319,0.0429781632664124,0.720463147164575,1.0,0.4248511904761905,0.1589588497304958
70,0.062079999999999955,0.998,0.0,0.23886909061027461,0.22352000000000008,0.316,0.0,0.061395419625737614,0.7144000000000001,0.812,0.002,0.18323309566489013,0.8473429062582352,1.0,0.7839325018341893,0.0420137031176652,0.7356057862387619,1.0,0.4853372434017596,0.15531010547122293
71,0.06203999999999994,0.998,0.0,0.2388791821684539,0.21784000000000006,0.302,0.0,0.05985402651280796,0.7201200000000004,0.82,0.002,0.18462467608748337,0.8503777227713915,0.999878182482641,0.7926143311323062,0.041138577931461584,0.7286593887724815,1.0,0.43478260869565216,0.1614757488665452
72,0.061959999999999946,0.998,0.0,0.23889900180039367,0.2119600000000001,0.29,0.0,0.058297603829359036,0.7260800000000003,0.824,0.002,0.18609190619427923,0.853583034503576,1.0,0.8023966740034238,0.04021571098788362,0.6901256976189419,1.0,0.4839816933638444,0.15994292549808337
73,0.061879999999999956,0.998,0.0,0.23891981747790092,0.20579999999999996,0.282,0.0,0.056865397821414705,0.7323200000000003,0.83,0.002,0.18766812217750956,0.8570224612980866,1.0,0.8052090975788702,0.03960106720705061,0.7039616894264494,1.0,0.40909090909090906,0.16538822209262044
74,0.061879999999999956,0.998,0.0,0.23891981747790092,0.20036,0.278,0.0,0.05561337381366802,0.7377600000000001,0.838,0.002,0.18905161372773632,0.8602388311376404,1.0,0.8083883590119834,0.03875791509484398,0.7056892207176034,0.9974138715871642,0.4642857142857143,0.1590450134714329
75,0.061799999999999945,0.998,0.0,0.23894026236612334,0.19464000000000004,0.272,0.0,0.05405883416260851,0.7435600000000003,0.838,0.002,0.19046979084487334,0.8638653967034507,1.0,0.8130349718757642,0.037843086777769604,0.655929657719974,0.998470730288718,0.3478260869565218,0.15930169664766863
76,0.061799999999999945,0.998,0.0,0.23894026236612334,0.18836000000000006,0.264,0.0,0.05281108417979031,0.7498399999999998,0.84,0.002,0.1921265909206102,0.8677442882104479,1.0,0.818170701883101,0.03709799311181549,0.699876146559501,1.0,0.4782608695652174,0.16764075921632707
77,0.061719999999999955,0.998,0.0,0.23896033656023255,0.18256,0.258,0.0,0.05137463838692935,0.7557200000000001,0.852,0.002,0.1935852962876455,0.871118503639639,1.0,0.8211054047444363,0.03626259544523782,0.6923447169393827,0.9974016706020932,0.5357142857142857,0.13639692993194905
78,0.06159999999999997,0.998,0.0,0.23898971030706126,0.17768000000000003,0.25,0.0,0.05013998363764864,0.7607199999999998,0.856,0.002,0.19482226751161513,0.8733746915507067,1.0,0.8247737833211054,0.035602678072346815,0.6933250631026064,0.9978765224076598,0.4761904761904762,0.15872535063729878
79,0.06147999999999996,0.998,0.0,0.23901936050010167,0.17260000000000006,0.244,0.0,0.048502892823468764,0.7659199999999999,0.858,0.002,0.19601705881616216,0.8764646765391909,1.0,0.8289312790413303,0.0345425786878949,0.7293010688127123,0.9992524008168794,0.4782608695652174,0.1583596588547949
80,0.06143999999999997,0.998,0.0,0.23902968477593245,0.16716,0.23,0.0,0.0468119817210622,0.7714,0.862,0.002,0.19730562638729193,0.8797558477478384,1.0,0.8362680361946686,0.03379901746462707,0.6693800415672497,0.9979135420930474,0.391304347826087,0.16737832192488478
81,0.06139999999999997,0.998,0.0,0.2390400017758107,0.16252,0.228,0.0,0.04588505603512912,0.7760799999999999,0.868,0.002,0.19853831584140846,0.8826105970264827,1.0,0.8376131083394472,0.03326297632663705,0.7196445919388843,0.9973291837928687,0.5,0.15690026850992742
82,0.061279999999999966,0.998,0.0,0.2390685189118255,0.15764000000000006,0.226,0.0,0.04493748946240402,0.7810800000000002,0.87,0.002,0.19984002173166987,0.8855119176958313,1.0,0.8406700904866715,0.03251416493785187,0.6920816912584047,0.9996562554578621,0.38095238095238093,0.1660042478221786
83,0.061279999999999966,0.998,0.0,0.2390685189118255,0.15288000000000004,0.218,0.0,0.0434626933620745,0.7858399999999998,0.874,0.002,0.20096007929284798,0.8882749000365593,0.999878182482641,0.8442161897774517,0.03168429382887495,0.7235136162854788,0.997550256368453,0.36498855835240274,0.16785308404392482
84,0.061279999999999966,0.998,0.0,0.2390685189118255,0.14840000000000003,0.212,0.0,0.04222582631711622,0.7903200000000002,0.878,0.002,0.20205449254887575,0.8908600054287283,1.0,0.8480068476400098,0.03098664096180898,0.7513480249720136,1.0,0.5141369047619049,0.1593965438015134
85,0.06123999999999997,0.998,0.0,0.2390777825780743,0.14404,0.202,0.0,0.04094892787213789,0.7947200000000001,0.884,0.002,0.20312447576070494,0.8932417851779626,1.0,0.8543653705062363,0.030230272122576625,0.7135694762046866,0.9969327083311194,0.4347826086956522,0.14682457479362057
86,0.061199999999999956,0.998,0.0,0.23908772192546862,0.13959999999999997,0.194,0.0,0.03975845436982619,0.7992000000000001,0.886,0.002,0.20423475887980935,0.8964054755080331,1.0,0.8550990462215701,0.029529696305030127,0.70185365779273,0.9970163751055388,0.5,0.15188520918536233
87,0.061199999999999956,0.998,0.0,0.23908772192546862,0.13568000000000002,0.19,0.0,0.03880744721292131,0.8031200000000004,0.888,0.002,0.20521413803385863,0.8983512969278952,1.0,0.8541208119344583,0.02890159954812712,0.7714912157013445,0.9977301643949038,0.5217391304347827,0.13789114349021558
88,0.061159999999999964,0.998,0.0,0.23909765403128763,0.13147999999999999,0.188,0.0,0.037802515843282605,0.8073599999999999,0.894,0.002,0.20627797373684761,0.9003103396523402,1.0,0.8576669112252384,0.028314924064824658,0.7339695205408043,0.9970254742443704,0.4772727272727273,0.15380458883839562
89,0.061159999999999964,0.998,0.0,0.23909765403128763,0.12688000000000002,0.186,0.0,0.036714363535214914,0.81196,0.896,0.002,0.2074378156145566,0.902804648603223,1.0,0.859256541941795,0.027730853475839798,0.7614859959725674,1.0,0.5238095238095238,0.17190064576889394
90,0.061159999999999964,0.998,0.0,0.23909765403128763,0.12288000000000002,0.184,0.0,0.03556232815316609,0.8159600000000001,0.9,0.002,0.2084106973634276,0.9049557751343168,1.0,0.8619466862313524,0.02700143417674926,0.7784549920236964,1.0,0.5141369047619049,0.14586143427237008
91,0.061159999999999964,0.998,0.0,0.23909765403128763,0.11972000000000001,0.178,0.0,0.03480795123801105,0.8191200000000001,0.902,0.002,0.20921082424098386,0.9070482670189441,1.0,0.867816091954023,0.02656318986470614,0.707686438714326,0.9975294976491684,0.43478260869565216,0.17948532991279742
92,0.061079999999999954,0.998,0.0,0.2391178379129488,0.11592000000000001,0.166,0.0,0.03393862407466798,0.8230000000000004,0.91,0.002,0.21019767178655854,0.9094458444307381,1.0,0.8692834433846907,0.026184230654432334,0.7615686990206245,1.0,0.5357142857142857,0.16652930487905096
93,0.061079999999999954,0.998,0.0,0.2391178379129488,0.11216000000000002,0.16,0.0,0.03276593552170066,0.82676,0.914,0.002,0.21110356873983413,0.9116450928391806,1.0,0.8751528491073612,0.0254780644710055,0.7323440806943277,0.9986469025178307,0.391304347826087,0.16917537140441155
94,0.061039999999999955,0.998,0.0,0.2391280896618089,0.10876000000000001,0.152,0.0,0.031956322232263294,0.8302000000000003,0.92,0.002,0.21197391060106952,0.9134664405762742,1.0,0.8838265995333415,0.025060199570811525,0.7536177858680401,0.9981281292402971,0.4642857142857143,0.145106495215455
95,0.061039999999999955,0.998,0.0,0.2391280896618089,0.10495999999999996,0.15,0.0,0.031291232390076876,0.834,0.926,0.002,0.2129700563411654,0.9154102238704839,1.0,0.8811248925457448,0.02490591930178062,0.7680492689546345,1.0,0.4782608695652174,0.16204444331438203
96,0.060999999999999964,0.998,0.0,0.2391376514197014,0.10156000000000003,0.142,0.0,0.030610895752583103,0.8374400000000002,0.93,0.002,0.21385711041129632,0.9177703100012837,1.0,0.8854307070211984,0.024405928234449162,0.740936710046024,1.0,0.43478260869565216,0.15042927238846626
97,0.060999999999999964,0.998,0.0,0.2391376514197014,0.09888000000000002,0.14,0.0,0.029516263244495695,0.8401200000000002,0.932,0.002,0.2144690301604387,0.9191383844572145,1.0,0.8887391251072172,0.02386933717093581,0.7403718823537293,1.0,0.49479166666666663,0.1592808129391629
98,0.060999999999999964,0.998,0.0,0.2391376514197014,0.09555999999999998,0.132,0.0,0.028632192528334117,0.8434400000000001,0.944,0.002,0.2152932655799564,0.9209717839169465,1.0,0.8892292611199608,0.0229689649085575,0.7619320714315972,0.9976438971327377,0.5141369047619049,0.15995143434776254
99,0.060999999999999964,0.998,0.0,0.2391376514197014,0.09300000000000001,0.128,0.0,0.028041514413673252,0.8460000000000004,0.946,0.002,0.21593914486659035,0.9225735890891039,1.0,0.8925771680548751,0.02260156542215285,0.7710635584114459,1.0,0.41517857142857145,0.1568310437875266
100,0.060999999999999964,0.998,0.0,0.2391376514197014,0.09048,0.124,0.0,0.027287015675771426,0.8485199999999999,0.95,0.002,0.2165525095392688,0.9239979875840745,1.0,0.8960911652983703,0.022215519878584524,0.7464884137906872,0.9976692563224473,0.5217391304347826,0.1419120710299614
101,0.060999999999999964,0.998,0.0,0.2391376514197014,0.08740000000000002,0.12,0.0,0.026622838132026445,0.8515999999999998,0.954,0.002,0.21734013594795956,0.9256544174282445,0.999878182482641,0.898808792828196,0.021993008925670583,0.7346764688384586,0.9974635397224281,0.43478260869565216,0.17327497497726074
102,0.06091999999999997,0.998,0.0,0.23915811864598222,0.08476,0.118,0.0,0.026114004374852125,0.85432,0.954,0.002,0.21804076009137485,0.927101966925073,0.999878182482641,0.9002573214066903,0.021749387703206516,0.776209670242843,1.0,0.5483870967741936,0.1457197531534819
103,0.060879999999999976,0.998,0.0,0.23916834136273987,0.08207999999999999,0.112,0.0,0.025106987400453497,0.85704,0.954,0.002,0.2186818544584524,0.9292121662117374,1.0,0.9003798554098762,0.020895956146417267,0.7330392836159991,0.9979418123994911,0.43478260869565216,0.17575964156948481
104,0.060839999999999964,0.998,0.0,0.23917821551201146,0.07963999999999997,0.112,0.0,0.02456707602645858,0.85952,0.954,0.002,0.21930821103773443,0.9306017407761787,1.0,0.9041784095086386,0.020435467167371504,0.7564953872323151,1.0,0.4782608695652174,0.15867811395150053
105,0.060839999999999964,0.998,0.0,0.23917821551201146,0.07744,0.112,0.0,0.02381575537499562,0.8617199999999998,0.956,0.002,0.21983519244364563,0.9319056316858734,1.0,0.9055262835436834,0.020103952609408504,0.7693410874522953,1.0,0.5217391304347826,0.15209825580981307
106,0.060839999999999964,0.998,0.0,0.23917821551201146,0.07491999999999999,0.112,0.0,0.023505830800732253,0.8642399999999999,0.958,0.002,0.2204987445010302,0.9333621407227795,1.0,0.9055630602971878,0.019955631077238987,0.7877421594815245,1.0,0.5714285714285714,0.15280908826832956
107,0.060839999999999964,0.998,0.0,0.23917821551201146,0.073,0.112,0.0,0.023152555287193045,0.86616,0.96,0.002,0.2209917682463604,0.9339397164484705,1.0,0.906054279749478,0.020170654489100465,0.7096567425011763,0.997617112130133,0.5454545454545454,0.15711095426668517
108,0.060799999999999965,0.998,0.0,0.23918842371824,0.07092,0.108,0.0,0.022425240881012377,0.8682799999999999,0.96,0.002,0.22149510889702764,0.9353701914464082,1.0,0.9081419624217119,0.019454283927296815,0.7303635013602473,0.9975681972899136,0.4782608695652174,0.14199098549913058
109,0.060799999999999965,0.998,0.0,0.23918842371824,0.06888,0.102,0.0,0.0218759396299651,0.8703199999999996,0.96,0.002,0.22200289021836206,0.9367885800525868,1.0,0.9103524499570183,0.019005280927833695,0.7159494505595406,0.9973006939743421,0.5409226190476191,0.14411316238497937
110,0.060799999999999965,0.998,0.0,0.23918842371824,0.06635999999999999,0.096,0.0,0.020842225585261734,0.8728400000000001,0.962,0.002,0.22259658394430376,0.9383048196294507,0.999878182482641,0.9142577168054875,0.01832108895453391,0.7514719352781799,0.997060174690338,0.459077380952381,0.17154317926946805
111,0.060799999999999965,0.998,0.0,0.23918842371824,0.06408,0.092,0.0,0.02015839319803368,0.87512,0.962,0.002,0.22315699973474337,0.9397125539359448,1.0,0.9147163337826246,0.01825834023914623,0.7466598801242648,0.9986225410388607,0.45454545454545453,0.16779365483184705
112,0.060799999999999965,0.998,0.0,0.23918842371824,0.06192,0.09,0.0,0.019624890484550794,0.8772800000000001,0.964,0.002,0.22369795963051864,0.9406861559920394,1.0,0.9131553160215581,0.018387783930979985,0.7689856917855828,1.0,0.46875,0.18390182813343406
113,0.060719999999999975,0.998,0.0,0.23920813582505498,0.060120000000000014,0.09,0.0,0.019163783870752092,0.8791599999999999,0.964,0.002,0.2241650594485033,0.9418198672446703,1.0,0.9163400293973543,0.017882606148583537,0.7510798025154113,0.9974390599094032,0.5200892857142857,0.1597525564290286
114,0.060719999999999975,0.998,0.0,0.23920813582505498,0.05832000000000001,0.088,0.0,0.018345260189721255,0.8809599999999997,0.964,0.002,0.22458278415492028,0.9428440088794183,1.0,0.9195247427731504,0.017213460246228027,0.7665383991776616,1.0,0.5691964285714286,0.1615712970229541
115,0.06067999999999998,0.998,0.0,0.23921832227964002,0.05664000000000002,0.082,0.0,0.01769325941061817,0.8826799999999999,0.964,0.002,0.22499473372521772,0.9437671799582233,1.0,0.9209946104850564,0.017092730944321285,0.7767552431766066,0.9982099280053373,0.5409226190476191,0.14452614240674977
116,0.06067999999999998,0.998,0.0,0.23921832227964002,0.05516,0.082,0.0,0.01732800022612923,0.8841599999999998,0.964,0.002,0.22536857430820806,0.9443388972639439,1.0,0.9208721215090642,0.01684097759111708,0.740034146424242,0.9969853968821241,0.5,0.14778502122780468
117,0.060639999999999965,0.998,0.0,0.23922816024260446,0.053640000000000014,0.082,0.0,0.01716517594742688,0.8857200000000002,0.966,0.002,0.2257779331600872,0.9452994056849329,1.0,0.9226810439897072,0.01671479273801524,0.7736780380192526,0.9977302538833074,0.4782608695652174,0.16303149872015976
118,0.060639999999999965,0.998,0.0,0.23922816024260446,0.05192000000000003,0.078,0.0,0.016521896417315107,0.88744,0.968,0.002,0.22619732761553163,0.9466279946374453,1.0,0.924546790788829,0.016472033507758242,0.7606392081772629,0.9982011614345017,0.47619047619047616,0.17846734772965422
119,0.060639999999999965,0.998,0.0,0.23922816024260446,0.05052000000000003,0.076,0.0,0.01621694754739936,0.8888399999999999,0.968,0.002,0.22655074306581616,0.9476847465837136,1.0,0.9265066144047036,0.01596495260543898,0.7719492110370261,0.9976548329663445,0.5877976190476191,0.1474491863868662
120,0.060639999999999965,0.998,0.0,0.23922816024260446,0.048520000000000015,0.074,0.0,0.015669077828640715,0.8908400000000002,0.968,0.002,0.2270474516618111,0.9486103027700313,1.0,0.9282214600685939,0.015804005323456657,0.7621242887117023,0.999037133364401,0.4878980477576034,0.16639390579007873
121,0.060599999999999966,0.998,0.0,0.2392383321958183,0.04692000000000001,0.07,0.0,0.015259443379261842,0.8924800000000002,0.97,0.002,0.22746215114625473,0.9494512734593034,1.0,0.9287114159725625,0.015545646757672537,0.7666329733893298,0.9992522796706284,0.52,0.16678117845444565
122,0.060599999999999966,0.998,0.0,0.2392383321958183,0.04588000000000001,0.068,0.0,0.0150883655678872,0.8935200000000002,0.972,0.002,0.22773008011186202,0.9497282202580645,1.0,0.9284401421394437,0.015455766323107785,0.7431866238858589,0.9975101523570685,0.43080357142857145,0.16834725817554028
123,0.060559999999999975,0.998,0.0,0.2392484968924698,0.044600000000000015,0.066,0.0,0.014825515787565264,0.8948400000000002,0.974,0.002,0.2280644699399264,0.9504428025003853,1.0,0.9299105501776743,0.015044540543777712,0.725504202932633,0.9981437387384792,0.43080357142857145,0.1780760995578799
124,0.060559999999999975,0.998,0.0,0.2392484968924698,0.043240000000000015,0.066,0.0,0.014506240740045761,0.8962,0.974,0.002,0.2284078879226944,0.9513159624637731,1.0,0.9322386962382061,0.014971044642246018,0.7141919201060121,0.9982198866739953,0.4878980477576034,0.18070682059963558
125,0.060559999999999975,0.998,0.0,0.2392484968924698,0.04208000000000001,0.064,0.0,0.014066663442627867,0.89736,0.976,0.002,0.22868905544785617,0.9519689067318962,1.0,0.9336109750122489,0.014975138802347866,0.7536320017934826,0.9972434523584123,0.530808366308649,0.15498932564120593
126,0.060559999999999975,0.998,0.0,0.2392484968924698,0.04072000000000002,0.06,0.0,0.013677092422838164,0.8987200000000002,0.976,0.002,0.22903016822939215,0.9524655473977076,1.0,0.9330964342605073,0.014617180404815962,0.7430279059401421,0.9978079012698707,0.5227272727272727,0.15167645172765745
127,0.060559999999999975,0.998,0.0,0.2392484968924698,0.039440000000000024,0.058,0.0,0.013211250616695713,0.9,0.98,0.002,0.2293447632019603,0.9534360228385569,1.0,0.9340767062859944,0.014256671890394838,0.7483486220423095,0.9978337347671912,0.42857142857142855,0.17432526648891333
128,0.060559999999999975,0.998,0.0,0.2392484968924698,0.03860000000000002,0.056,0.0,0.012969351627304004,0.9008400000000001,0.98,0.002,0.2295547029199207,0.9543685080402894,1.0,0.9379977943879426,0.014057261946826487,0.788018122468223,0.9971433649932596,0.5357142857142857,0.1497037067039852
129,0.060559999999999975,0.998,0.0,0.2392484968924698,0.03752000000000002,0.056,0.0,0.012659174296831175,0.90192,0.98,0.002,0.22982334298236948,0.9546497286351214,1.0,0.938351958737566,0.013940286890991778,0.7723087007764068,0.9978899106427311,0.520424584274777,0.16783779771949225
130,0.060559999999999975,0.998,0.0,0.2392484968924698,0.03648000000000002,0.056,0.0,0.012358984173301557,0.9029600000000001,0.982,0.002,0.23008010672416696,0.9550823236678798,1.0,0.9391006004166156,0.013757572181510493,0.7341283553499718,0.9978395230065472,0.5386904761904762,0.16421020021442873
131,0.060559999999999975,0.998,0.0,0.2392484968924698,0.035040000000000016,0.054,0.0,0.01229063024570891,0.9044000000000003,0.986,0.002,0.23045828344445177,0.9561589799994564,1.0,0.9400808724421027,0.013793802076163004,0.7627870578486997,0.9977317483235262,0.5104166666666666,0.1626619449781701
132,0.060559999999999975,0.998,0.0,0.2392484968924698,0.03392000000000002,0.054,0.0,0.01203369419248999,0.9055200000000002,0.988,0.002,0.23074026744460568,0.9571400951972464,1.0,0.9404396414097999,0.013572618290164583,0.7620870317690122,1.0,0.520424584274777,0.17846408527190855
133,0.060559999999999975,0.998,0.0,0.2392484968924698,0.03292000000000002,0.052,0.0,0.011649367154572855,0.9065200000000004,0.988,0.002,0.23098610612867998,0.9572702141040813,1.0,0.9409308608620901,0.013478300638318723,0.7475002580478541,0.9981836420029552,0.42284497472325633,0.1702014770479099
134,0.060559999999999975,0.998,0.0,0.2392484968924698,0.03220000000000001,0.052,0.0,0.011480240344493969,0.9072400000000002,0.988,0.002,0.23116806855266006,0.9575488339104445,1.0,0.9427766205121921,0.013234423347071023,0.7789208491116913,0.9973718440724947,0.5681818181818182,0.15861852056759157
135,0.060559999999999975,0.998,0.0,0.2392484968924698,0.031080000000000014,0.048,0.0,0.010911218716419858,0.9083600000000002,0.988,0.002,0.23143622209576264,0.958416868542701,1.0,0.9426510149180729,0.012744301354551499,0.7992993769293725,0.9976728538882386,0.6183035714285715,0.14075676849650048
136,0.060559999999999975,0.998,0.0,0.2392484968924698,0.029960000000000018,0.046,0.0,0.010517157992770575,0.9094800000000001,0.988,0.002,0.23171404262802114,0.9595443355814041,1.0,0.9435069699192957,0.012462156664256263,0.7719972632015616,0.9976355806968128,0.44333333333333336,0.1665408572613177
137,0.06051999999999998,0.998,0.0,0.2392583131432705,0.028800000000000017,0.044,0.0,0.010237984495525095,0.9106800000000002,0.99,0.002,0.23201675168233973,0.9602014328683451,1.0,0.9447371645631663,0.012485641610071468,0.7979736669928428,0.9970208296389643,0.6363636363636365,0.12114645366693574
138,0.06051999999999998,0.998,0.0,0.2392583131432705,0.027680000000000017,0.042,0.0,0.009850805416154497,0.9118,0.99,0.002,0.23229511490378624,0.9602117971404972,1.0,0.9436343585344933,0.012216266586791395,0.778551344846561,1.0,0.45537151124042985,0.176482940076272
139,0.06051999999999998,0.998,0.0,0.2392583131432705,0.026720000000000015,0.04,0.0,0.009387442763215821,0.91276,0.99,0.002,0.23252891503322892,0.960798196674148,1.0,0.9457174365886534,0.012067228093349437,0.7697367329873709,0.9982332442324777,0.4166666666666667,0.17629323791401205
140,0.06051999999999998,0.998,0.0,0.2392583131432705,0.025480000000000017,0.04,0.0,0.008978977715549057,0.9139999999999996,0.99,0.002,0.23283838662410086,0.9620374892058468,1.0,0.9441183663487406,0.011691305684217905,0.7318350550517886,0.9977313680420655,0.5357142857142857,0.15090531446169725
141,0.06051999999999998,0.998,0.0,0.2392583131432705,0.024680000000000018,0.04,0.0,0.008481528549183352,0.9147999999999997,0.99,0.002,0.23303008477053616,0.9626016200810668,1.0,0.9482758620689655,0.011658125164656379,0.779213095294905,0.9961152171048693,0.5733333333333334,0.13077939296165667
142,0.06051999999999998,0.998,0.0,0.2392583131432705,0.023880000000000016,0.038,0.0,0.00818570181998552,0.9155999999999996,0.99,0.002,0.23322967571184647,0.9626773160291835,0.999878182482641,0.9489033206714863,0.011481885703596867,0.7958084326266938,1.0,0.4878980477576034,0.18320620311246225
143,0.06051999999999998,0.998,0.0,0.2392583131432705,0.023480000000000015,0.038,0.0,0.00812966349681391,0.9159999999999998,0.992,0.002,0.23333290573333024,0.9631471356955048,0.999878182482641,0.9476779806396275,0.011530153804060063,0.7800144871267626,0.9961703059235791,0.5,0.15682042119310932
144,0.06051999999999998,0.998,0.0,0.2392583131432705,0.02264000000000001,0.038,0.0,0.00813598707682637,0.91684,0.992,0.002,0.23355219317911682,0.963425562174242,1.0,0.9465751746109545,0.011667551603828739,0.7590338046203691,0.996501585943356,0.55,0.1747971243914099
145,0.060479999999999985,0.998,0.0,0.23926846334404459,0.02180000000000001,0.036,0.0,0.007816779440173973,0.9177200000000001,0.992,0.002,0.2337691203573583,0.9643274585874009,1.0,0.9490445859872612,0.011555799004989235,0.7702228934215076,0.9967693728908278,0.5529511207919505,0.15143147088531123
146,0.060479999999999985,0.998,0.0,0.23926846334404459,0.02104000000000001,0.032,0.0,0.007496829261734045,0.91848,0.992,0.002,0.2339571075288488,0.964379653049026,1.0,0.9496500061402432,0.011327292658665089,0.787411328614483,0.997603218898539,0.6363636363636365,0.1436427559088428
147,0.060479999999999985,0.998,0.0,0.23926846334404459,0.02064000000000001,0.03,0.0,0.0073450246939749655,0.9188799999999999,0.992,0.002,0.23405778459733448,0.9642613146211102,1.0,0.9497795198432141,0.01106125107474378,0.7587874432950206,0.9987536403872386,0.5714285714285714,0.15183397538427673
148,0.060479999999999985,0.998,0.0,0.23926846334404459,0.020040000000000013,0.03,0.0,0.007165563908196547,0.9194799999999997,0.992,0.002,0.23420793482436475,0.9644829519783742,1.0,0.9507594316511514,0.011353821155561265,0.7995162016168524,0.9983397601135812,0.4921875,0.15761092933195153
149,0.060479999999999985,0.998,0.0,0.23926846334404459,0.01924000000000001,0.03,0.0,0.006926907016578651,0.9202799999999998,0.992,0.002,0.23441111974738846,0.965498806514336,1.0,0.9500673112226166,0.010987240141870644,0.7938926757101858,0.9975652669659131,0.5580357142857143,0.16958692506693546
150,0.060479999999999985,0.998,0.0,0.23926846334404459,0.01864000000000001,0.03,0.0,0.006730254566553352,0.92088,0.992,0.002,0.23456156582710924,0.9660747145885442,1.0,0.948231550605801,0.010993247816292824,0.8359248569439737,1.0,0.6305803571428571,0.13492088604525107
151,0.060479999999999985,0.998,0.0,0.23926846334404459,0.018080000000000013,0.03,0.0,0.006784857088714965,0.92144,0.992,0.002,0.2347093869587039,0.9660261048317501,1.0,0.9517806877983112,0.011190886727608684,0.7683194536984576,1.0,0.45537151124042985,0.1803117181669986
152,0.060479999999999985,0.998,0.0,0.23926846334404459,0.01772000000000001,0.03,0.0,0.006590159640071903,0.9218000000000001,0.992,0.002,0.23479778533878892,0.9658054622683145,1.0,0.9525793407670629,0.011080870807490605,0.7697620799408722,0.9982071479229673,0.5529511207919505,0.15021758161271748
153,0.060479999999999985,0.998,0.0,0.23926846334404459,0.01728000000000001,0.03,0.0,0.006636448521580788,0.92224,0.994,0.002,0.2349140146643326,0.9663673882435299,1.0,0.9527597601272794,0.010791384619228475,0.7682706717523194,0.9983052761925343,0.5825892857142857,0.15264949865052294
154,0.06043999999999999,0.998,0.0,0.2392786062910168,0.01688000000000001,0.03,0.0,0.006492193113930871,0.9226799999999998,0.994,0.002,0.23502483064648336,0.9666127596521932,1.0,0.9522117387575052,0.010579117992962522,0.7749652621874951,0.9977521327518387,0.6180041938262977,0.14143230554233263
155,0.06043999999999999,0.998,0.0,0.2392786062910168,0.01620000000000001,0.03,0.0,0.006353530273696311,0.92336,0.994,0.002,0.23519768151016096,0.9669845456914727,1.0,0.9526373760861584,0.01072107262158377,0.8055451392518466,1.0,0.6666666666666666,0.1439476473145825
156,0.06043999999999999,0.998,0.0,0.2392786062910168,0.01540000000000001,0.03,0.0,0.006223720260226275,0.92416,0.994,0.002,0.23540250895963238,0.9675643104312672,1.0,0.9496385246906016,0.010335388782084034,0.7846458228084187,0.9970567982282333,0.5524079320113313,0.1720294608290622
157,0.06043999999999999,0.998,0.0,0.2392786062910168,0.015120000000000008,0.03,0.0,0.006156595931956859,0.9244399999999999,0.994,0.002,0.23547305058333193,0.9676898126396538,1.0,0.9489033206714863,0.010492394509605108,0.786026500082108,0.9997965679178267,0.56,0.15373071509222017
158,0.06043999999999999,0.998,0.0,0.2392786062910168,0.014560000000000009,0.03,0.0,0.006168253151320519,0.925,0.994,0.002,0.23561859529540446,0.9677206622901389,1.0,0.952456806763877,0.010745717422316399,0.743381847798355,0.9979419792948181,0.45537151124042985,0.18726051400664934
159,0.06043999999999999,0.998,0.0,0.2392786062910168,0.014120000000000008,0.026,0.0,0.005762794106886636,0.9254399999999998,0.994,0.002,0.23572209164564087,0.968194526317594,1.0,0.9522117387575052,0.010386156650667274,0.7738729171076882,0.9985884866779383,0.5529511207919505,0.16472972055041882
160,0.06043999999999999,0.998,0.0,0.2392786062910168,0.013800000000000008,0.026,0.0,0.005660460787473984,0.9257599999999998,0.994,0.002,0.23580262933224472,0.9689119674957373,1.0,0.9560102928562676,0.009961129413065394,0.7683956842983332,0.9983070393444016,0.5613839285714286,0.15491968271371442
161,0.06043999999999999,0.998,0.0,0.2392786062910168,0.013280000000000007,0.022,0.0,0.0054773746131756606,0.92628,0.996,0.002,0.23593115910522433,0.9691060201380669,1.0,0.9561017363658596,0.009842327604692728,0.7818078084606744,0.9980953785717466,0.5736607142857143,0.15786094658183575
162,0.06039999999999999,0.998,0.0,0.23928840083779698,0.012680000000000007,0.022,0.0,0.005504877243807327,0.92692,0.996,0.002,0.23609725080299998,0.9691603410764054,1.0,0.9588789621833312,0.00958155882603808,0.7333060344279808,0.9967603189135067,0.5416666666666666,0.17194354545959872
163,0.06039999999999999,0.998,0.0,0.23928840083779698,0.012400000000000007,0.022,0.0,0.005495824017620384,0.9271999999999998,0.996,0.002,0.23616943070600815,0.9690965049394065,1.0,0.9568680308785688,0.009803381037460587,0.8120628609593578,1.0,0.5399999999999999,0.15630494818102592
164,0.06039999999999999,0.998,0.0,0.23928840083779698,0.012200000000000006,0.022,0.0,0.005529143565818179,0.9273999999999998,0.996,0.002,0.23622135934805913,0.9694778106695567,1.0,0.9555201568435241,0.009827547752323345,0.7524506755027461,0.9979807228821767,0.5,0.18848970815548222
165,0.06039999999999999,0.998,0.0,0.23928840083779698,0.011880000000000007,0.022,0.0,0.005619354309628719,0.9277200000000001,0.998,0.002,0.23630627307347882,0.9696536789603466,1.0,0.9527018747702487,0.009638325136551074,0.7877552786586938,0.9979191414370266,0.5714285714285715,0.15138997257754055
166,0.06039999999999999,0.998,0.0,0.23928840083779698,0.011760000000000007,0.022,0.0,0.0055201301374780895,0.9278399999999999,0.998,0.002,0.236334539781805,0.9694425476685384,0.999878182482641,0.952456806763877,0.009959879421614632,0.7903793961353274,0.9967409448799548,0.67,0.13457780670953765
167,0.06039999999999999,0.998,0.0,0.23928840083779698,0.011480000000000006,0.02,0.0,0.005296282870551568,0.9281200000000002,0.998,0.002,0.23640173693204922,0.9700558448477105,1.0,0.9537388324562477,0.009855199066485566,0.8159556315890879,0.9977956755456073,0.5454545454545454,0.15030887559019157
168,0.06039999999999999,0.998,0.0,0.23928840083779698,0.010960000000000008,0.02,0.0,0.0051148443429943425,0.92864,0.998,0.002,0.23653189455728188,0.9701744635942258,1.0,0.9552074409497001,0.00948183038808777,0.7489005242080946,0.9972831314220194,0.45833333333333337,0.18276354414779955
169,0.06039999999999999,0.998,0.0,0.23928840083779698,0.010640000000000007,0.02,0.0,0.0050538326535210796,0.92896,0.998,0.002,0.23661395062982457,0.9697358379021125,0.999878182482641,0.9576551217721209,0.009775482667166942,0.7884016282685007,0.9973677043465021,0.5,0.1764737471548142
170,0.06039999999999999,0.998,0.0,0.23928840083779698,0.010240000000000006,0.02,0.0,0.004859495228678697,0.92936,0.998,0.002,0.23671232519232957,0.9702367606153508,1.0,0.9587212150906418,0.01007108845840423,0.7835311907915808,0.9974472713457398,0.4966666666666667,0.16326385557523604
171,0.06039999999999999,0.998,0.0,0.23928840083779698,0.009960000000000007,0.018,0.0,0.004823243044818263,0.9296399999999998,0.998,0.002,0.23678309716286933,0.9710183490780306,1.0,0.9590013462244523,0.01003668840451328,0.7620021236745788,0.9988058024205796,0.5833333333333334,0.1606058185214327
172,0.06039999999999999,0.998,0.0,0.23928840083779698,0.009720000000000006,0.018,0.0,0.004815112264781474,0.9298799999999998,0.998,0.002,0.23684435946892402,0.9710099573501497,1.0,0.9559417451964264,0.009740468306220858,0.7525632797246944,0.9973068844453775,0.4166666666666667,0.1779470154470095
173,0.06039999999999999,0.998,0.0,0.23928840083779698,0.009560000000000006,0.018,0.0,0.0047516270038454695,0.9300399999999999,0.998,0.002,0.23688436514253022,0.9707756772810566,1.0,0.9578483029040559,0.00953086094461324,0.7778568511856058,0.9978957485622884,0.5807365439093485,0.15037437475099402
174,0.06039999999999999,0.998,0.0,0.23928840083779698,0.009440000000000006,0.016,0.0,0.004607713142998733,0.9301599999999999,0.998,0.002,0.23691205291484543,0.9707086232832198,1.0,0.9578637922586967,0.00948541357674992,0.7855060830709134,0.9976162217277867,0.6428571428571429,0.13969731258684454
175,0.06039999999999999,0.998,0.0,0.23928840083779698,0.009040000000000006,0.016,0.0,0.004664061469122711,0.9305599999999999,1.0,0.002,0.237016503343423,0.9710166596323014,1.0,0.9579708369072417,0.009749302122221384,0.7791662147067,0.998670880649612,0.6060606060606061,0.14673668980747145
176,0.06039999999999999,0.998,0.0,0.23928840083779698,0.008800000000000006,0.016,0.0,0.004677344441069971,0.9308,1.0,0.002,0.23707882095821797,0.9711805610407572,1.0,0.9584250427977501,0.009417686082966415,0.7858115445032056,0.9972231449602864,0.5233333333333333,0.16306312009632667
177,0.06039999999999999,0.998,0.0,0.23928840083779698,0.008640000000000005,0.016,0.0,0.004632449874173998,0.9309599999999999,1.0,0.002,0.23711884215751905,0.9710517951209762,1.0,0.959036439227195,0.009287685550880364,0.8346561101457656,0.9978687055245492,0.585477657309124,0.13587902999695572
178,0.06039999999999999,0.998,0.0,0.23928840083779698,0.008400000000000005,0.016,0.0,0.004499433070863893,0.9311999999999998,1.0,0.002,0.2371776222365759,0.9715608392766997,1.0,0.9582159049136135,0.00951511464034293,0.7911178451056101,0.9964906108890643,0.5911237016052879,0.147044254083534
179,0.06039999999999999,0.998,0.0,0.23928840083779698,0.008240000000000004,0.016,0.0,0.004326284167028046,0.9313599999999999,1.0,0.002,0.23721597495849686,0.9718990796161396,1.0,0.9581446579366051,0.00927612197810275,0.7820457816358487,0.9987957882017366,0.5,0.15737306918845387
180,0.06039999999999999,0.998,0.0,0.23928840083779698,0.007960000000000005,0.014,0.0,0.004150043029036825,0.9316399999999999,1.0,0.002,0.23728487657889458,0.9716504076584542,1.0,0.9616848827213558,0.009258700726916638,0.7904112452504167,0.9981916114104524,0.6180041938262977,0.14406111402098326
181,0.06039999999999999,0.998,0.0,0.23928840083779698,0.007800000000000005,0.014,0.0,0.004203982562732047,0.9318,1.0,0.002,0.23732738087773547,0.9717153907765618,1.0,0.9584762371386575,0.00913926817384965,0.7800470224722305,0.9980870567791357,0.6071428571428572,0.1493799054676813
182,0.06039999999999999,0.998,0.0,0.23928840083779698,0.007800000000000005,0.014,0.0,0.004203982562732047,0.9318,1.0,0.002,0.23732738087773547,0.9719262370238245,1.0,0.9593336599706026,0.009227152363750156,0.7682808585086197,0.9981095416022606,0.5590729225551159,0.16627844693785393
183,0.06039999999999999,0.998,0.0,0.23928840083779698,0.007720000000000005,0.014,0.0,0.004160259018623818,0.9318799999999999,1.0,0.002,0.2373470411848095,0.9716341876909838,0.999878182482641,0.9590013462244523,0.009564491149661345,0.8044071683197976,0.998728227215494,0.5233333333333333,0.15602590940203626
184,0.06039999999999999,0.998,0.0,0.23928840083779698,0.007560000000000004,0.014,0.0,0.004046464821423807,0.93204,1.0,0.002,0.23738661826356655,0.9719233163626364,0.999878182482641,0.9585835069231712,0.009166932300006512,0.8468765024783731,1.0,0.6666666666666667,0.122563748834492
185,0.06039999999999999,0.998,0.0,0.23928840083779698,0.007160000000000004,0.014,0.0,0.0038564020452610853,0.9324399999999998,1.0,0.002,0.2374865976884436,0.972235208490407,0.999878182482641,0.9604360607545321,0.009265130768329966,0.7893733369888989,0.9982462126300455,0.5416666666666666,0.14480327982673405
186,0.06039999999999999,0.998,0.0,0.23928840083779698,0.007040000000000004,0.014,0.0,0.003880668993451347,0.9325599999999998,1.0,0.002,0.23751813335715943,0.9725143702435801,1.0,0.9618919250091901,0.009302866837394765,0.777737341640691,0.9982912452957242,0.48000000000000004,0.18134832530738507
187,0.06039999999999999,0.998,0.0,0.23928840083779698,0.006920000000000004,0.014,0.0,0.003963301036010363,0.9326799999999998,1.0,0.002,0.2375499466277716,0.9724499044199804,0.999878182482641,0.9592461143066944,0.0092453436800694,0.783682253065952,0.9984422550144071,0.585477657309124,0.14382448879159687
188,0.06039999999999999,0.998,0.0,0.23928840083779698,0.006680000000000004,0.012,0.0,0.003867393785726707,0.9329199999999999,1.0,0.002,0.23760959576582763,0.9724781335573599,0.999878182482641,0.9597356504711786,0.009001892465619197,0.7990689353667259,1.0,0.6180041938262977,0.15451528196870903
189,0.06039999999999999,0.998,0.0,0.23928840083779698,0.006440000000000004,0.012,0.0,0.003818109372932299,0.9331599999999999,1.0,0.002,0.23767001304758836,0.9726957964957318,1.0,0.9600146735143067,0.009095487772254883,0.7866616056725854,0.9995599789001736,0.520424584274777,0.15616988958396824
190,0.06039999999999999,0.998,0.0,0.23928840083779698,0.0063200000000000036,0.012,0.0,0.003819605706758492,0.9332799999999999,1.0,0.002,0.23770115348341692,0.972665355879908,1.0,0.9596665440725757,0.009286476921845681,0.7859008442109827,0.998605189113517,0.520424584274777,0.1531556668447072
191,0.06039999999999999,0.998,0.0,0.23928840083779698,0.006200000000000003,0.012,0.0,0.003838579669298401,0.9333999999999999,1.0,0.002,0.23773257141208923,0.9726148934392801,1.0,0.9597356504711786,0.009146577898606009,0.841052369768941,1.0,0.520424584274777,0.1594935900347909
192,0.06039999999999999,0.998,0.0,0.23928840083779698,0.006120000000000003,0.012,0.0,0.003756029166825095,0.9334799999999999,1.0,0.002,0.23775199220178658,0.9724242058902902,1.0,0.9597011268985791,0.00914174849786888,0.748397772763313,0.9981932806838189,0.4782608695652174,0.19441713101250155
193,0.06039999999999999,0.998,0.0,0.23928840083779698,0.005920000000000004,0.012,0.0,0.0037243818826972167,0.9336799999999998,1.0,0.002,0.2378029916909013,0.9727314883047758,1.0,0.959578637922587,0.009360603121400387,0.8074843326089517,0.9970250944411361,0.5511588468061052,0.15311547817585816
194,0.06039999999999999,0.998,0.0,0.23928840083779698,0.005920000000000004,0.012,0.0,0.0037243818826972167,0.9336799999999998,1.0,0.002,0.2378029916909013,0.9726327055014353,1.0,0.96045683409063,0.00936666729879059,0.7900679137434093,0.99740712344552,0.5833333333333334,0.16509433523563516
195,0.06039999999999999,0.998,0.0,0.23928840083779698,0.005720000000000004,0.012,0.0,0.003659151234248462,0.9338799999999998,1.0,0.002,0.23785312223114088,0.9727421572635175,1.0,0.9612792549932606,0.009092876200884444,0.7401878117930728,0.9985819581224319,0.33,0.20249237946876977
196,0.06039999999999999,0.998,0.0,0.23928840083779698,0.0053200000000000035,0.012,0.0,0.003605211647103144,0.93428,1.0,0.002,0.23795455234055063,0.9732200355856251,1.0,0.9627496630314912,0.008883324814424134,0.795287593535949,0.998118735227407,0.5882908404154863,0.14937079248096957
197,0.06039999999999999,0.998,0.0,0.23928840083779698,0.0052800000000000034,0.012,0.0,0.003631157683501087,0.9343199999999999,1.0,0.002,0.23796530702381552,0.9730610613955881,1.0,0.9622989070367186,0.009108171140824989,0.8185990492397175,1.0,0.520424584274777,0.17148614972818754
198,0.06039999999999999,0.998,0.0,0.23928840083779698,0.005200000000000003,0.012,0.0,0.0036140316116210053,0.9343999999999998,1.0,0.002,0.23798576530917961,0.9732786395186775,1.0,0.9616609505144537,0.009181543691122994,0.7755970267701479,0.9982231065579421,0.6071428571428572,0.15132592381904986
199,0.06039999999999999,0.998,0.0,0.23928840083779698,0.005160000000000003,0.012,0.0,0.003638568904592765,0.9344399999999999,1.0,0.002,0.23799649800201786,0.9730643399509843,1.0,0.9627633512983832,0.009203691498589376,0.805215401296674,0.9974365422328629,0.6266666666666667,0.1430936356631297
200,0.06039999999999999,0.998,0.0,0.23928840083779698,0.004960000000000003,0.012,0.0,0.0035968239958528493,0.9346399999999998,1.0,0.002,0.23804696501115155,0.9736345824385728,1.0,0.9624280993758414,0.008912733166429935,0.8217426990930861,1.0,0.4166666666666667,0.1964579555346379
