day,s_mean,s_max,s_min,s_std,i_mean,i_max,i_min,i_std,r_mean,r_max,r_min,r_std,edgecount_mean,edgecount_max,edgecount_min,edgecount_std,suscedgecount_mean,suscedgecount_max,suscedgecount_min,suscedgecount_std,edgecount1_mean,edgecount1_max,edgecount1_min,edgecount1_std,suscedgecount1_mean,suscedgecount1_max,suscedgecount1_min,suscedgecount1_std,edgecount2_mean,edgecount2_max,edgecount2_min,edgecount2_std,suscedgecount2_mean,suscedgecount2_max,suscedgecount2_min,suscedgecount2_std
1,0.9971599999999995,0.998,0.992,0.001345589924493333,0.0028000000000000013,0.008,0.002,0.00134011878852098,4e-05,0.002,0.0,0.00028284271247461896,0.9943512868580605,1.0,0.949773413897281,0.00902492074487114,0.986483308867784,0.995342436465091,0.9498226952929216,0.008713489178690966,0.9999616,1.0,0.99968,0.00010504343125098454,0.9999791189493803,1.0,0.9997489959839357,5.8606384325022356e-05,0.9907360822749496,1.0,0.9172027391575015,0.014852778882718675,0.9705332809480965,0.9899799599198397,0.8911290322580645,0.01910400675427261
2,0.9957999999999995,0.998,0.99,0.0025634797778466005,0.004040000000000003,0.01,0.002,0.0024071322594086337,0.00016,0.002,0.0,0.0005480950312357394,0.9884724721208837,1.0,0.9569486404833837,0.011648529854997501,0.9829686558996359,0.9963543628610604,0.9570184861241152,0.009900782996015824,0.9998975999999999,1.0,0.99904,0.00021866533930240778,0.9999418382941078,1.0,0.9995020916233036,0.00012274297043108598,0.9811286806846757,1.0,0.9296534550736667,0.019078993706290244,0.9623106372538315,0.9919839679358717,0.9050505050505051,0.022111460552774954
3,0.9935999999999993,0.998,0.976,0.004444671196029705,0.006080000000000003,0.02,0.002,0.003978718899549534,0.00032,0.004,0.0,0.0008437041748704801,0.977285522950621,1.0,0.9123977344241662,0.02127111314530173,0.9754527541064096,0.9936187180412474,0.9239457617601672,0.01657909571404944,0.9996096000000001,1.0,0.9968,0.0006005472334395108,0.9998138628284251,1.0,0.9984642514253328,0.0002857465364485415,0.9629402544845166,1.0,0.8568464730290456,0.03468360370456129,0.9463949906001524,0.9859719438877755,0.8377281947261663,0.035626700430014945
4,0.9914399999999998,0.998,0.97,0.005869881617552595,0.007920000000000005,0.026,0.002,0.005480354524507125,0.0006400000000000003,0.006,0.0,0.0013055611038623846,0.9657340585106456,1.0,0.8950151057401813,0.027766726394564286,0.9677732270167287,0.9945486579042542,0.9183067497549875,0.02046544519681948,0.9993023999999999,1.0,0.9952,0.0009669192820288413,0.999672015866013,1.0,0.997584816346506,0.00046342029475960597,0.944173960010471,1.0,0.8300477277443453,0.045195479234474485,0.929593165587428,0.9879518072289156,0.8206185567010309,0.044580086487247816
5,0.9880799999999997,0.998,0.958,0.008250763724699442,0.010960000000000003,0.038,0.0,0.007930720429482573,0.0009600000000000003,0.006,0.0,0.0014702491806021264,0.9507115034243351,1.0,0.8324521651560927,0.03966483551419754,0.95782540078204,1.0,0.873356677664091,0.028330548083757134,0.9985279999999999,1.0,0.98976,0.0018591725172720523,0.9993039519623451,1.0,0.9946704254521107,0.0009319952828417131,0.9200110303279401,1.0,0.7304420004150238,0.06419789961815602,0.9083964899376555,1.0,0.7306889352818372,0.06101880752918589
6,0.9835599999999998,0.998,0.946,0.011126654887233266,0.015000000000000008,0.046,0.0,0.010358866851590457,0.0014400000000000005,0.008,0.0,0.0018969363054511812,0.9288357429052726,1.0,0.831570996978852,0.048120485802300654,0.9433374279110011,1.0,0.8756440718749072,0.03390663594610009,0.9971264000000001,1.0,0.98528,0.00330441248598765,0.9986304015092127,1.0,0.9926407834341524,0.0015952325061468202,0.8849967490769547,1.0,0.7287784679089027,0.07736258931201659,0.8771624593726912,1.0,0.7272727272727273,0.07278409385318085
7,0.9781599999999997,0.998,0.928,0.015585655361941779,0.01988000000000001,0.064,0.0,0.014632421368387421,0.001960000000000001,0.008,0.0,0.002079638901151754,0.9123078809433217,1.0,0.7575528700906344,0.06122424168522374,0.9325839937423785,1.0,0.8248403377385545,0.04224131197038602,0.9952064000000002,1.0,0.97632,0.005835510491283329,0.9976653856340324,1.0,0.9875786641347929,0.002934539555543469,0.8590956316398196,1.0,0.6156879020543681,0.09734546106098985,0.8551043767769937,1.0,0.6314655172413793,0.08979302055918927
8,0.9723199999999999,0.998,0.912,0.019278241938644143,0.02492000000000001,0.078,0.0,0.01792141576040082,0.002760000000000001,0.01,0.0,0.0027371965398851404,0.8915803113151939,1.0,0.7302366565961732,0.06878359927599219,0.9188454871607864,1.0,0.8086415570766612,0.04735698496709743,0.9928960000000002,1.0,0.9648,0.008240499291391788,0.9964910356375044,1.0,0.9818318883150717,0.004188650555662313,0.8265387929823322,1.0,0.5781282423739365,0.10840661559499612,0.8263680643131801,1.0,0.6008771929824561,0.09968197091819683
9,0.9633199999999998,0.998,0.884,0.02490343800541997,0.033320000000000016,0.106,0.0,0.023125602032979708,0.0033600000000000014,0.01,0.0,0.0031412983147165153,0.8633908526973701,1.0,0.7183169564121945,0.07782194572518125,0.9008112455906199,1.0,0.7993419458977821,0.05290165923981701,0.9886080000000004,1.0,0.95136,0.011756662028008479,0.9942844400126867,1.0,0.9742859146611806,0.006080832548210982,0.7830568117904383,1.0,0.5630583835445668,0.12132110511598285,0.7887378809734364,1.0,0.5886214442013129,0.10995767872902974
10,0.9526800000000003,0.998,0.856,0.03152869765008068,0.04232000000000002,0.128,0.0,0.028720638955998457,0.005000000000000002,0.016,0.0,0.003901857223927904,0.8428163235794035,0.9998769230769231,0.6576032225579054,0.08599972590316347,0.887071197808966,1.0,0.7577891015943926,0.05883588673805988,0.9832831999999996,1.0,0.93312,0.016427854573180006,0.9913801048645852,1.0,0.9626777666518285,0.00879938483776959,0.7527018207815044,0.9998,0.4789375389084872,0.1317861182098492,0.7636929773113298,1.0,0.5205607476635513,0.11834039450316718
11,0.93892,0.998,0.848,0.037684425408480736,0.05415999999999999,0.13,0.0,0.03353910906292375,0.006920000000000004,0.022,0.0,0.005256055788229382,0.8128877995610382,1.0,0.7154748391978812,0.07849246644065433,0.8682484427794158,1.0,0.8020664836451736,0.05209853071249301,0.9759359999999998,1.0,0.93376,0.020286432180456095,0.9872942328792146,1.0,0.9625359344105893,0.011138647471249928,0.708367382237316,1.0,0.5732722731057452,0.1180734145858509,0.7269342761800023,1.0,0.6030701754385965,0.10303053515495013
12,0.9241600000000002,0.998,0.808,0.04628190460512133,0.06731999999999999,0.166,0.0,0.04116985225494351,0.008520000000000005,0.026,0.0,0.006600061842629249,0.7859541659078502,1.0,0.6165659617321249,0.09568146383093847,0.8502105073583415,1.0,0.731395011127753,0.06464337249976651,0.9676160000000001,1.0,0.90464,0.02646963728423913,0.9824487206935353,1.0,0.9429421329529983,0.01513095580626832,0.6694791876056476,1.0,0.42975721103963477,0.14210125972720247,0.6938062448576632,1.0,0.4809405940594059,0.12506537565586476
13,0.9066400000000003,0.998,0.78,0.05389852900192573,0.08283999999999997,0.186,0.0,0.04758681004013527,0.010520000000000005,0.034,0.0,0.007822625479195275,0.7603215910821461,1.0,0.6234077437255644,0.08948870229432401,0.834810982694125,1.0,0.7452483073291377,0.05914506099128978,0.956992,1.0,0.89024,0.03161102365198779,0.975977787189072,1.0,0.9330659686382711,0.018936787688224137,0.6342762145087886,1.0,0.4496253122398002,0.1299185045622902,0.6674514125377327,1.0,0.5231343283582089,0.11082101473330319
14,0.88704,0.998,0.744,0.06254238073302858,0.09908,0.22,0.0,0.054642750700176435,0.013880000000000009,0.036,0.0,0.009349538895101747,0.7353926997279414,1.0,0.5920191339375629,0.09486625112683836,0.818208118472707,1.0,0.7181965368634815,0.06377963871418137,0.9465855999999998,1.0,0.8656,0.03586284053536901,0.9692989907047757,1.0,0.9130930154138979,0.022650884212606692,0.6000540302023917,1.0,0.41460884000830045,0.13552982707083003,0.6394881076032356,1.0,0.478,0.11532142025049637
15,0.8643999999999997,0.998,0.716,0.07195349972342537,0.11751999999999999,0.258,0.0,0.062025090380705576,0.018080000000000013,0.05,0.0,0.01210134079263913,0.7113630023892616,1.0,0.5783831504603355,0.09232889687056278,0.802597454816935,1.0,0.717968708992574,0.06154028699692779,0.9347584000000001,1.0,0.84896,0.03965659032962146,0.9611552996777357,1.0,0.8951542487929031,0.026503384627829998,0.5682377436778449,1.0,0.4023730224812656,0.12938909702665155,0.615317207120527,1.0,0.4880102040816326,0.10780800992830201
16,0.8383200000000001,0.998,0.674,0.08201379674873521,0.13927999999999996,0.294,0.0,0.07014941488111832,0.02240000000000001,0.054,0.0,0.01381510560427038,0.6849833867780771,1.0,0.5385294488586203,0.09526900572914174,0.7843724724764332,1.0,0.6757514737841996,0.06496041414214569,0.9213824000000003,1.0,0.83168,0.04388987789772893,0.9512123175223899,1.0,0.8747652480931729,0.03118803641881631,0.533552550622005,1.0,0.3478351373855121,0.13122125784807698,0.5878517280176244,1.0,0.44653739612188365,0.10862646054981574
17,0.8105600000000003,0.998,0.628,0.0910241412248107,0.16124,0.31,0.0,0.07600095595531972,0.028200000000000017,0.072,0.0,0.01734758702270157,0.6677445725023631,1.0,0.5482124874118832,0.09322703450019452,0.773273916775246,1.0,0.6797947156055443,0.06397041414427161,0.9084672,1.0,0.82176,0.04612007146568616,0.9407816415996285,1.0,0.8597782764155745,0.03520944392799396,0.5135508781617056,1.0,0.3708238223697863,0.12640261960100294,0.5763956478339112,1.0,0.45366568914956007,0.10331389496487596
18,0.77952,0.998,0.592,0.09883117743229138,0.18675999999999998,0.346,0.0,0.08130254909777379,0.033720000000000014,0.08,0.0,0.019823754046340365,0.6433875412873785,1.0,0.5172152856602346,0.09147631828267284,0.755723836142408,1.0,0.6445908378584152,0.06423626165365995,0.8941376,1.0,0.81504,0.04584573968411539,0.92860783959474,1.0,0.846035723518603,0.03789145507224401,0.4828052875157309,1.0,0.32119067443796834,0.12357031949319175,0.5533978407807043,1.0,0.4212121212121212,0.10012464571866898
19,0.7439999999999999,0.998,0.542,0.1091742662359737,0.21551999999999996,0.372,0.0,0.0887091647935395,0.040480000000000016,0.094,0.002,0.02289839135246431,0.6216143908530181,1.0,0.5184764787488965,0.08985010229390031,0.739810808308616,1.0,0.6521648664891481,0.06490151671958745,0.8805184000000001,1.0,0.81376,0.046096817339338354,0.9146539213501228,1.0,0.8322450550626748,0.0420061100077518,0.45580211183451913,1.0,0.3263946711074105,0.12029229046426601,0.5345914871807609,1.0,0.4197368421052632,0.09746285401291777
20,0.7090800000000002,0.998,0.486,0.1177400873248585,0.24364,0.426,0.0,0.09521506483445032,0.04728000000000001,0.108,0.002,0.024936687176666802,0.6009951241724255,1.0,0.4987411883182276,0.0875568528821375,0.7237615478900054,1.0,0.6208202369090099,0.06428067442722243,0.8681984,1.0,0.80288,0.04579981210905223,0.9005058353975519,1.0,0.7986314781565792,0.046323530218432135,0.42990210250086136,1.0,0.3015148371031334,0.11708252553586682,0.5170156907908705,1.0,0.4222222222222222,0.09321719761557076
21,0.67088,0.998,0.444,0.1253385032947309,0.27291999999999994,0.442,0.0,0.09951573355248808,0.056199999999999986,0.118,0.002,0.027959883798771703,0.5851510590214241,1.0,0.5025113008538423,0.08589572230354654,0.7094835622796712,1.0,0.6334728923616576,0.06573118632004377,0.8573248,1.0,0.80544,0.04426266728593415,0.885527483810131,1.0,0.7904763355825071,0.0490321841423225,0.410857869069168,1.0,0.3065040650406504,0.11488188662571276,0.5042860613503847,1.0,0.4069767441860465,0.09299008298278034
22,0.6327599999999998,0.998,0.416,0.1323951352457283,0.30240000000000006,0.474,0.0,0.10393561586336976,0.06483999999999998,0.128,0.002,0.03079382392358466,0.569240782920226,1.0,0.4913718187461204,0.08557419240843858,0.6944200359453425,1.0,0.6003923575976906,0.06726025015519686,0.8482303999999998,1.0,0.80608,0.042076668262608814,0.87037586187546,1.0,0.7745305124052783,0.05191749648176238,0.3905958362975753,1.0,0.2866125760649087,0.11537199947029735,0.4896122265057409,1.0,0.3910780669144981,0.09355716361352236
23,0.5954000000000002,0.998,0.37,0.13910163660475908,0.3299600000000001,0.51,0.0,0.10722281968510476,0.07463999999999997,0.142,0.002,0.03405982731510384,0.5572373865099004,1.0,0.48614045991298943,0.08134145427435774,0.6803238962602345,1.0,0.5817408806483676,0.06795854018409549,0.8412608000000001,1.0,0.80512,0.03974064674144812,0.854527198240095,1.0,0.7466798680498371,0.055175700544192456,0.37536563649444915,1.0,0.27827350072629176,0.11034283500798332,0.4787256134578006,1.0,0.38715953307393,0.0915374069077159
24,0.5546800000000001,0.998,0.334,0.14106279394913,0.36011999999999994,0.526,0.0,0.10711078377082299,0.0852,0.158,0.002,0.036796184362967166,0.5437351555092197,0.9997538461538461,0.473037371457236,0.08047498100309577,0.6634885288352662,1.0,0.566779405240191,0.07014602779972214,0.8350975999999999,1.0,0.80256,0.036851637382834423,0.8376707476568463,1.0,0.7403175823144863,0.056324146157329044,0.35716053913330187,0.9996,0.2606185567010309,0.11037052701177186,0.46273355093758733,1.0,0.3470588235294118,0.09317723412218663
25,0.5176000000000001,0.998,0.298,0.1426798900350297,0.38295999999999997,0.54,0.0,0.10520513683431307,0.09943999999999997,0.174,0.002,0.04068402885754596,0.5411412988910475,1.0,0.48377874456183967,0.0779493047333193,0.6553773123695784,1.0,0.5598256911114337,0.07080483548257997,0.8349888,1.0,0.80448,0.03424391265075668,0.8256666390536129,1.0,0.7291656152953075,0.05583842161276227,0.3529812679834312,1.0,0.2677018633540373,0.1085338055069623,0.46020722881501064,1.0,0.3450000000000001,0.09506512726504891
26,0.4798000000000001,0.998,0.272,0.14498486902052213,0.40787999999999996,0.548,0.0,0.10424806365352886,0.11231999999999998,0.186,0.002,0.04455010478926727,0.5325724510172029,1.0,0.48659534298300816,0.0744988859609837,0.6394101242315131,1.0,0.5383297640477474,0.06880995433168483,0.8348864,1.0,0.80416,0.03177241453763028,0.81157706725894,1.0,0.7257239343051334,0.05553387404278619,0.33899346492680515,1.0,0.27199170124481326,0.10447012164839636,0.44264083368270557,1.0,0.3316176470588236,0.09235799652243525
27,0.44300000000000006,0.998,0.234,0.14515030914503058,0.4306800000000001,0.568,0.0,0.10300672456748859,0.12632,0.21,0.002,0.04628634920199454,0.5328471119099785,1.0,0.4795046439628483,0.0734768944419864,0.6325120049998028,1.0,0.5054792236830428,0.07157124695217618,0.8369983999999999,1.0,0.79904,0.030496389572859155,0.7975163289199416,1.0,0.7047062370610556,0.055625855970819024,0.33809218673561053,1.0,0.2581443298969072,0.10440516223242631,0.44519384516826777,1.0,0.29338842975206614,0.09598034283601002
28,0.40788,0.998,0.21,0.14518357696519316,0.4510800000000002,0.566,0.0,0.10034244223799672,0.14104,0.228,0.002,0.049569971160132086,0.5265960029487043,0.9997538461538461,0.47429993777224644,0.07172095385183945,0.613453975449455,1.0,0.5257735585984565,0.06925806138323852,0.8423999999999997,1.0,0.79904,0.030384511629097735,0.7869261568549517,1.0,0.7145451601040966,0.053627963874762714,0.32437807761800025,0.9996,0.2419551934826884,0.10207720018830607,0.4171163211494532,1.0,0.28,0.09479498032665097
29,0.37544,0.998,0.18,0.14534521326967795,0.4674000000000001,0.578,0.0,0.09702114223619679,0.15716,0.262,0.002,0.05432192777078786,0.5322332309313722,1.0,0.4836341008089608,0.07097273417066045,0.6108193534227283,1.0,0.5331317141038873,0.06843195267143942,0.8494464,1.0,0.80256,0.03152047172546628,0.7787186736138267,1.0,0.7108877200119864,0.051419240821543935,0.3291164116566215,1.0,0.2796334012219959,0.1011911781473227,0.42355030486314654,1.0,0.3387755102040817,0.0942252978080542
30,0.3440800000000001,0.998,0.16,0.14450193699711558,0.48347999999999997,0.586,0.0,0.09490429981011915,0.17244000000000004,0.284,0.002,0.056769192565068224,0.5351470592764261,1.0,0.47380211574362163,0.07105642469939309,0.6052479630089111,1.0,0.523731853927866,0.06664058116331652,0.8564224000000001,1.0,0.80832,0.03265635060656314,0.7689745786698081,1.0,0.706243838201736,0.050475773744957556,0.3294424207507097,1.0,0.26089613034623216,0.10084440845655974,0.421591549895196,1.0,0.32277227722772284,0.09158393043855148
31,0.31560000000000005,0.998,0.138,0.14367082557864344,0.49711999999999995,0.59,0.0,0.09258655960995725,0.18728000000000009,0.294,0.002,0.05913907510336658,0.5371152151670078,1.0,0.4855009334163037,0.07062777051771049,0.5925639342435949,1.0,0.5145218903221432,0.0682908594268366,0.8637952000000001,1.0,0.81792,0.0337927074755873,0.7603258677045145,1.0,0.7045409357870658,0.048814736742383305,0.3279511954039879,1.0,0.26339468302658486,0.100460346279517,0.4049206331965265,1.0,0.30700000000000005,0.09482736274474159
32,0.28896,0.998,0.126,0.14221813656263024,0.5083600000000001,0.592,0.0,0.09044713418142476,0.20267999999999997,0.314,0.002,0.06113432517240797,0.5437299799439581,1.0,0.49047915370255135,0.07024976428189268,0.5886451645671572,1.0,0.511861641760204,0.06854925518908273,0.8719743999999998,1.0,0.82432,0.03373607989033916,0.7522795126387188,1.0,0.6981996123344383,0.04835982308703515,0.33356791860477253,1.0,0.26822810590631363,0.10005617655832152,0.40947193709203566,1.0,0.29636363636363644,0.09482427019092816
33,0.26376000000000005,0.998,0.114,0.14051023058111883,0.5168,0.588,0.0,0.08785609755475723,0.21943999999999997,0.322,0.002,0.06212566593081268,0.5499823510125816,0.9998769230769231,0.49023024268823895,0.06965369346220945,0.5831814850667735,1.0,0.5076553476957928,0.0678040061301848,0.8816767999999996,1.0,0.82016,0.034071808769367204,0.7477568991078886,1.0,0.7040864161394862,0.046874067407706305,0.33762014175296495,0.9998,0.2690427698574338,0.09929737362627764,0.40313926232387076,1.0,0.26701030927835057,0.09606754893378615
34,0.24136000000000002,0.998,0.102,0.1402513428943676,0.52416,0.59,0.0,0.08656797730037101,0.23448,0.338,0.002,0.0651648584400381,0.5572762128401825,1.0,0.5035425730267247,0.069374556753722,0.5807062645102797,1.0,0.5205526213020013,0.0685079429941928,0.8908608000000002,1.0,0.81248,0.03517276334011295,0.7445700872576463,1.0,0.6999826723935503,0.04568072439817377,0.34371601242876965,1.0,0.2786150712830957,0.0988723047914103,0.4022423805472989,1.0,0.3149253731343285,0.09769316694308566
35,0.22104,0.998,0.092,0.1383867635524822,0.52612,0.59,0.0,0.08435533202362686,0.25284,0.35,0.002,0.0667766181735334,0.5659615280018532,1.0,0.5024268823895457,0.06922014813275519,0.5786387947031437,1.0,0.5299601591242065,0.06634116066558365,0.9001791999999998,1.0,0.80384,0.0350181221795172,0.7431280638553336,1.0,0.69615361802144,0.04441707381981231,0.35200275842813444,1.0,0.28065173116089615,0.0984842727645016,0.3996499984091495,1.0,0.31951219512195134,0.09404428336329988
36,0.2016,0.998,0.082,0.13754346251869864,0.5287599999999998,0.596,0.0,0.08317465273232498,0.26964000000000005,0.37,0.002,0.06829789490884466,0.5764379590460948,0.9998769230769231,0.498070939639079,0.06831787561178214,0.5832691155482916,1.0,0.4970797440345887,0.06688424209488958,0.9095871999999997,1.0,0.8064,0.03393122401901486,0.7429312438489504,1.0,0.6804396864049671,0.04526136898877347,0.36315744553979235,0.9998,0.2889570552147239,0.09746768597290759,0.4108348383870013,1.0,0.25365853658536586,0.09643032344136186
37,0.1843200000000001,0.998,0.076,0.13666724672184852,0.5308000000000002,0.602,0.0,0.08201144768274979,0.28487999999999997,0.392,0.002,0.06924804277791126,0.5829493240835872,1.0,0.49085252022401993,0.0681539202905727,0.5778140708174742,1.0,0.5222123125098933,0.06704820873354371,0.9176192000000001,1.0,0.8112,0.033044324705844806,0.7417854052813788,1.0,0.6736599163069751,0.044137335859280764,0.3687178081131956,1.0,0.2869653767820774,0.09741367391589231,0.4005664331485935,1.0,0.3123595505617978,0.10172668634321748
38,0.16884,0.998,0.062,0.13548888952114663,0.52956,0.606,0.0,0.08055855013591046,0.30159999999999987,0.398,0.002,0.07048867328319133,0.5928926207027587,1.0,0.49471064094586187,0.06691454078618526,0.577516806106594,1.0,0.500949654081129,0.0680244901691091,0.9255103999999998,1.0,0.81728,0.031408428412560516,0.7421818658683356,1.0,0.6827053103330829,0.04343596247729439,0.3799727261595537,1.0,0.28940936863543787,0.09612818321763561,0.40237754148021126,1.0,0.2730769230769232,0.09989505249594138
39,0.15456,0.998,0.062,0.1346821140194001,0.5284,0.598,0.0,0.07982429684843419,0.31704,0.414,0.002,0.07298335286843408,0.6006191525543528,1.0,0.4762912258867455,0.06809989520960884,0.5756150806570844,1.0,0.4493412175251038,0.0698699659503905,0.9331135999999998,1.0,0.82944,0.02956753140365492,0.7439054096004597,1.0,0.6901809539242694,0.0431538529536904,0.38779566769115015,1.0,0.2515274949083503,0.0980162240985953,0.396184166681498,1.0,0.19818181818181815,0.10904190589336644
40,0.14164,0.998,0.058,0.13425330307949634,0.5258799999999999,0.588,0.0,0.07982369348017121,0.3324799999999999,0.428,0.002,0.07475735988611995,0.6109043270577729,1.0,0.48724331051649034,0.06632316347952984,0.5845530722906248,1.0,0.5047362549679221,0.06948071711456658,0.9402112000000001,1.0,0.83744,0.028064503009012275,0.7474591699121865,1.0,0.6927468817575768,0.0437819801043523,0.4001241605246767,1.0,0.26435845213849285,0.0961529324894717,0.41077022349314996,1.0,0.26875000000000004,0.10618659282337159
41,0.13035999999999998,0.998,0.058,0.13357421845825898,0.5206400000000001,0.582,0.0,0.07931383285173309,0.34899999999999987,0.448,0.002,0.07635924759894867,0.6200326179001316,0.9997538461538461,0.4970752955818295,0.06620785627300227,0.5810304654555278,1.0,0.47918269015823867,0.07000300680969901,0.946976,1.0,0.84992,0.02560548920741454,0.7537179962552429,1.0,0.6967412456824222,0.04334053155290356,0.41077924014289136,0.9996,0.2725050916496945,0.09659086170044226,0.39874376294679764,1.0,0.24400000000000002,0.10427648177127674
42,0.12095999999999994,0.998,0.05,0.13368939939353489,0.5146000000000001,0.578,0.0,0.07869678312021013,0.36444000000000004,0.466,0.002,0.07720134290890784,0.6301045800336498,1.0,0.500684505289359,0.06387869005975151,0.589647226297144,1.0,0.5124515156536775,0.07135620589489104,0.9520000000000001,1.0,0.85952,0.023386420619405504,0.7558633521208827,1.0,0.6944187909720997,0.042801600545707995,0.4240945092525994,1.0,0.27230142566191445,0.0939993349448825,0.4135703967053309,1.0,0.25000000000000006,0.11273647637695901
43,0.11148000000000001,0.998,0.044,0.13372882094380556,0.50852,0.568,0.0,0.07847090712682073,0.38,0.476,0.002,0.07819076619631851,0.6392764024983341,1.0,0.5080273802115743,0.06337433057937004,0.5934287468590989,1.0,0.5062286072873698,0.06979161451435915,0.9570303999999998,1.0,0.87008,0.02138950276205978,0.7590618855686599,1.0,0.6998565100609577,0.043023150681073874,0.4359156733641084,1.0,0.27759674134419554,0.0937218900078641,0.4198160954637941,1.0,0.2551724137931034,0.107499435793552
44,0.10279999999999997,0.998,0.04,0.13381681051164762,0.5020399999999999,0.56,0.0,0.07764228807781999,0.39516000000000007,0.486,0.002,0.07846911780426484,0.6474769234978652,1.0,0.5230864965774735,0.06093802491007482,0.585037157010293,1.0,0.50059769997335,0.07213595696522647,0.9619264,1.0,0.88256,0.019253421191877482,0.7637376065737445,1.0,0.7018463033168917,0.04264801885829822,0.44623864721793366,1.0,0.29429735234215887,0.09102453958453186,0.3982489912732215,1.0,0.21538461538461534,0.11668017343911981
45,0.09612,0.998,0.038,0.13381706062489085,0.49384,0.564,0.0,0.07743103844251165,0.4100399999999999,0.502,0.002,0.07967022848042077,0.6570152598906777,1.0,0.5391412570006223,0.05989326563457253,0.6017182926517745,1.0,0.49931204228852055,0.06993285045050572,0.9657727999999999,1.0,0.89152,0.017257365069524862,0.768433702706859,1.0,0.7104093540696412,0.04220744596650923,0.45942320151047733,1.0,0.314867617107943,0.09003185837103664,0.4257817745786895,1.0,0.2227272727272727,0.11446796866961202
46,0.08868000000000001,0.998,0.036,0.13428243764999387,0.4880799999999999,0.566,0.0,0.07694043283009028,0.42324,0.51,0.002,0.0802617045949673,0.6638812426329413,1.0,0.5406347230864966,0.0591760359109897,0.5923094900810576,1.0,0.48323529109399344,0.07811533211100762,0.9693952,1.0,0.9008,0.015868423560193832,0.7705233936736413,1.0,0.7188914081561142,0.0425233037034192,0.4683650173253022,1.0,0.3114052953156823,0.08943257219740074,0.40517752484263625,1.0,0.17200000000000004,0.1302203662280822
47,0.08308,0.998,0.034,0.1346967629870283,0.47928,0.558,0.0,0.0759481670722385,0.43764,0.528,0.002,0.08064301784116597,0.6737137031871775,1.0,0.5549471064094587,0.05740665773479804,0.6116489096072046,1.0,0.4736839019562702,0.07526816227591031,0.9728191999999997,1.0,0.91136,0.014138566136923637,0.7772129884889413,1.0,0.7161822007156693,0.04086747230303907,0.4823059356967002,1.0,0.3281059063136456,0.08738260543696293,0.4365335829208761,1.0,0.18181818181818182,0.12276235445070166
48,0.07687999999999999,0.998,0.028,0.13507316838042457,0.4697599999999999,0.558,0.0,0.07503755794294494,0.45336000000000004,0.538,0.002,0.08201188564930756,0.6820013663946558,0.9998769230769231,0.5665214685749844,0.05590684341471628,0.5978025566344723,1.0,0.48282982001108843,0.0766335548125476,0.9763583999999998,1.0,0.91648,0.01284508630900215,0.7856760129075517,1.0,0.7299193076908008,0.039617688211525594,0.4936358666355667,0.9998,0.3437881873727088,0.08566277499064956,0.40681981862759364,1.0,0.16428571428571434,0.12797552321735445
49,0.07191999999999997,0.998,0.024,0.13540744862398502,0.46116,0.556,0.0,0.07402601859192097,0.46692000000000006,0.548,0.002,0.08287606680447372,0.6908020977248043,1.0,0.5666459240821407,0.05436447757114109,0.6186776945678962,1.0,0.5209791381767468,0.07357638545961188,0.9791808000000001,1.0,0.92448,0.011549243608062282,0.7926493273411345,1.0,0.7354132223985164,0.03995012498728146,0.5062574117380905,1.0,0.3389002036659878,0.0836494058342945,0.43822610934431727,1.0,0.23499999999999996,0.12724023121490705
50,0.06771999999999996,0.998,0.022,0.13572000589448852,0.4505200000000001,0.544,0.0,0.07300076600101325,0.4817600000000001,0.572,0.002,0.08384304091696632,0.699621725898412,0.9998769230769231,0.5854387056627256,0.05340538014580495,0.621100314367858,1.0,0.49465572990332884,0.07924083079393653,0.9815231999999997,1.0,0.93312,0.010311142663177906,0.7986538701029666,1.0,0.7355849909959113,0.04090849688900508,0.5192323023285415,0.9998,0.36415478615071284,0.08263276084416815,0.43404272474195055,1.0,0.19642857142857145,0.1343539467163742
51,0.06399999999999999,0.998,0.018,0.13605701085971877,0.4407600000000001,0.538,0.0,0.07252066841210703,0.49524000000000007,0.588,0.002,0.08568465202028154,0.7079369995489375,0.9998769230769231,0.605849408836341,0.05151295098453521,0.6223755341134509,1.0,0.4947812988048481,0.07905066524468915,0.9836608000000002,1.0,0.9376,0.00944648079164608,0.8066215496415249,1.0,0.7399791913037196,0.040204446964481645,0.5314979530995005,0.9998,0.39470468431771893,0.08008103583850937,0.4374978518055466,1.0,0.17500000000000004,0.13566924728855675
52,0.06039999999999999,0.998,0.016,0.13635727381569704,0.4303600000000001,0.536,0.0,0.07158575847420025,0.50924,0.598,0.002,0.08680345145023596,0.7161211699734548,1.0,0.6085874299937772,0.05061136764169744,0.6425947417648501,1.0,0.5325684275519802,0.07530618857862915,0.9856128,1.0,0.94624,0.008363080928237237,0.8147803478547903,1.0,0.7296757475328904,0.040427938630234014,0.5436706654512736,1.0,0.3936863543788187,0.07910408923586806,0.4584753616034433,1.0,0.26875000000000004,0.12678547863556366
53,0.05683999999999997,0.998,0.016,0.13668440634825726,0.42156000000000016,0.528,0.0,0.0699565929556263,0.5216,0.604,0.002,0.08735197391552622,0.7233173664277284,0.9998769230769231,0.6302426882389546,0.048995424369213746,0.6318889448758513,1.0,0.47578899240855754,0.08432622485915571,0.9873215999999997,1.0,0.95392,0.007385054781276096,0.8198087481973159,1.0,0.7393413530913532,0.04090510657840621,0.5543809836831456,0.9998,0.42423625254582487,0.07686365844999522,0.44654395553615767,1.0,0.1,0.14442870947317255
54,0.05383999999999998,0.998,0.014,0.13692473129722157,0.41092,0.528,0.0,0.06862641842703472,0.53524,0.612,0.002,0.08851693254365955,0.7312303689281117,1.0,0.6327317983820784,0.048044994958448446,0.6441819998110777,1.0,0.5355615313180262,0.07871289037121726,0.9887552000000003,1.0,0.96256,0.006463363072277562,0.827119732524381,1.0,0.7524288389673006,0.03983235597723941,0.5664407759360176,1.0,0.42281059063136456,0.07560766628931594,0.4526801346089634,1.0,0.22857142857142862,0.13350723718190932
55,0.051,0.998,0.012,0.13734702065073218,0.40172,0.52,0.0,0.06729285373102634,0.5472800000000002,0.63,0.002,0.08965945549234434,0.7382991341672952,1.0,0.639576851275669,0.046592825043391725,0.6412071926449171,1.0,0.5186445324317178,0.07897844000567751,0.9901184000000001,1.0,0.96544,0.006007782490152197,0.8332437431132219,1.0,0.7572259337884337,0.03976611076913272,0.577161032110847,1.0,0.4321792260692464,0.07354027844594237,0.45133919518561944,1.0,0.2384615384615385,0.13727885560977757
56,0.04856,0.998,0.012,0.1376135019479097,0.39155999999999996,0.518,0.0,0.06651719433993847,0.55988,0.642,0.002,0.09120992606205146,0.7461072827244051,1.0,0.6475420037336652,0.045590499294037676,0.6463784085694181,1.0,0.5065949080269267,0.08048844356972365,0.9912768000000003,1.0,0.96736,0.005588675663649593,0.8402435108957101,1.0,0.7553266586354822,0.03876457070416128,0.5892240963116032,1.0,0.4439918533604888,0.07214647039006127,0.4537762055450271,1.0,0.21250000000000002,0.13883486687977073
57,0.04672,0.998,0.01,0.13783442299826743,0.38044000000000006,0.494,0.0,0.06428925704523711,0.57284,0.656,0.002,0.09206660410722628,0.7539513626517163,1.0,0.666832607342875,0.04391924483573194,0.6650419393148234,1.0,0.45657004830917874,0.08319640533541922,0.9923327999999999,1.0,0.97152,0.0051236558376668035,0.8500887626855942,1.0,0.7747342501248751,0.0372039334387167,0.6014175623744847,1.0,0.4729124236252546,0.06962531072471312,0.47473301764025455,1.0,0.1,0.14930610005904968
58,0.044719999999999996,0.998,0.01,0.13802854481473556,0.3696800000000001,0.482,0.0,0.06307282477017971,0.5856000000000001,0.672,0.002,0.09354339820072165,0.7611226879168284,1.0,0.6695706285003111,0.04319867551182678,0.6491947855740521,1.0,0.4704713859748185,0.08820204980320469,0.9932031999999996,1.0,0.9744,0.004450778166311396,0.8559418666742853,1.0,0.7817944555444556,0.03659874029239213,0.6126234471574155,1.0,0.4755600814663951,0.06867023451777486,0.44642855582632474,1.0,0.09999999999999999,0.1593338308669646
59,0.04288,0.998,0.01,0.1382167242309803,0.3608,0.476,0.0,0.061859617238534226,0.59632,0.688,0.002,0.09450741035625142,0.7673531554721827,1.0,0.6789047915370255,0.04217225751579763,0.6587187985904057,1.0,0.4947368421052632,0.07467555901569287,0.9938367999999999,1.0,0.97632,0.004031061763205283,0.8589362454325851,1.0,0.7716447014523938,0.037818488527786596,0.6224366292638281,1.0,0.4896130346232179,0.067124881271075,0.46004678216520317,1.0,0.1,0.13361720656972687
60,0.04096,0.998,0.008,0.13844573975801083,0.35044,0.456,0.0,0.06040582483063523,0.6086,0.696,0.002,0.09564240371171724,0.7747343761794044,1.0,0.6934660858742999,0.04094716421564986,0.6760406426261816,1.0,0.5246544391281233,0.08201505911768234,0.9947263999999996,1.0,0.98016,0.0035067595135273117,0.8688283297615468,1.0,0.7831766060026929,0.038022227019099894,0.6339720901625706,1.0,0.5109979633401222,0.06537630305705984,0.4863339051613349,1.0,0.19000000000000003,0.14039894609536832
61,0.03988000000000001,0.998,0.006,0.13859022552923747,0.34004000000000006,0.438,0.0,0.05894652021025464,0.6200800000000001,0.704,0.002,0.09690471650870584,0.7813015454442295,0.9998769230769231,0.7085252022401991,0.03982599394863213,0.6602223745098692,1.0,0.5110223914127053,0.09240464136957557,0.9951872000000002,1.0,0.98144,0.0033040772832786005,0.8742741742381682,1.0,0.7967565043652,0.037254093790210045,0.644446600773505,0.9998,0.534826883910387,0.06367219472795328,0.4450261599485452,1.0,0.19,0.16914598418359453
62,0.038480000000000014,0.998,0.004,0.13874925850142003,0.33116,0.42,0.0,0.05739528530733343,0.6303599999999999,0.708,0.002,0.09762626779338286,0.7879211634630708,1.0,0.7192283758556316,0.03872563867394319,0.6916997265427698,1.0,0.5434535412605589,0.09004733857528223,0.9957695999999997,1.0,0.98368,0.0029187703309609715,0.8780175618851799,1.0,0.7564102564102564,0.040401097882825844,0.6549272621069843,1.0,0.5509164969450102,0.06208589488747555,0.5085663306507735,1.0,0.25,0.16098206560267828
63,0.03752000000000001,0.998,0.004,0.13886864149921227,0.3229600000000001,0.412,0.0,0.05633607609150423,0.6395200000000001,0.714,0.002,0.09877995334921692,0.7929407134167252,0.9998769230769231,0.7219663970130679,0.03770604355922687,0.667435178934992,1.0,0.4655497198879552,0.09424447923219346,0.9961023999999997,1.0,0.98368,0.0028111052078846153,0.8815865627107523,1.0,0.7564102564102564,0.03916178638935673,0.662951410099214,0.9998,0.5553971486761711,0.06044142459278385,0.45168689336978807,1.0,0.1,0.1777607749422257
64,0.03648000000000001,0.998,0.004,0.13896912592077304,0.3142,0.4,0.0,0.05510250188771572,0.6493200000000001,0.728,0.002,0.09976430182368513,0.7987523974573488,1.0,0.7336652146857499,0.037269522967658474,0.6886559017099307,1.0,0.5227830605926582,0.09311260742137908,0.9965056,1.0,0.9888,0.0023602387980188643,0.8875555186119183,1.0,0.7564102564102564,0.03966578057562825,0.6722252461841554,1.0,0.5710794297352342,0.05987850840618248,0.48526237879767303,1.0,0.09999999999999999,0.17858400325950585
65,0.03564000000000001,0.998,0.004,0.13909015722449483,0.30632,0.388,0.0,0.05403907883019776,0.6580400000000001,0.74,0.002,0.10089678702839383,0.8036024202839438,1.0,0.7441194772868699,0.036232570548354645,0.6760268910255491,1.0,0.5003759398496241,0.09245614545804041,0.9967936000000005,1.0,0.98912,0.002241855791025641,0.8928594187842981,1.0,0.7564102564102564,0.04118953224823899,0.6799953997381006,1.0,0.5875763747454175,0.058237203383876425,0.4563596006934242,1.0,0.09999999999999999,0.17280773430971444
66,0.03480000000000001,0.998,0.002,0.13919828758036545,0.29764,0.374,0.0,0.0521343476422371,0.66756,0.748,0.002,0.10171933374311325,0.8098507404263939,1.0,0.7512134411947728,0.03515353777556857,0.7061016458564385,1.0,0.5359825327709806,0.10156034816143376,0.9971072000000001,1.0,0.9904,0.002079834216313172,0.8965667352475432,1.0,0.7564102564102564,0.04312759890602922,0.6900368431845928,1.0,0.5989816700610998,0.05652999613834871,0.5090550449550449,1.0,0.09999999999999999,0.19980991045330748
67,0.034280000000000005,0.998,0.002,0.1392551673463253,0.28983999999999993,0.362,0.0,0.05056390581658592,0.6758799999999999,0.754,0.002,0.1024240166351304,0.8141669483449786,1.0,0.7613904407200497,0.03416855372158412,0.6967633289601161,1.0,0.542752009894867,0.10602016540824778,0.9972799999999999,1.0,0.99104,0.0019082634482049895,0.898856125043154,1.0,0.7564102564102564,0.043440206875485124,0.6970109757561127,1.0,0.6156186612576064,0.054937664444231815,0.4990614885114885,1.0,0.22857142857142865,0.19015146101674701
68,0.03316000000000001,0.998,0.002,0.13939641900943173,0.28176000000000007,0.354,0.0,0.04967098278283051,0.6850799999999999,0.756,0.002,0.1035115767951211,0.8202952265279819,1.0,0.7622594661700807,0.033489070377474776,0.7195043658076569,1.0,0.4823727470786294,0.12289119931734957,0.9976959999999999,1.0,0.99328,0.0016316862443497262,0.9067766916657426,1.0,0.7564102564102564,0.04395778919612052,0.7067929960107826,1.0,0.6158215010141987,0.05399504158360184,0.5236519480519481,1.0,0.09999999999999999,0.23937323952492476
69,0.03212000000000001,0.998,0.002,0.13953298783397977,0.27484,0.348,0.0,0.04885144494761017,0.6930399999999998,0.766,0.002,0.10460283681328988,0.8242180071925924,0.9997538461538461,0.771570453134699,0.032772918457305025,0.6949915839280912,1.0,0.4444444444444444,0.11982570931586854,0.997984,1.0,0.99328,0.001562666480926792,0.9144995670718451,1.0,0.8333333333333334,0.0392053667337548,0.7130388956080215,0.9996,0.6308316430020284,0.052876450011354756,0.48008821178821187,1.0,0.1,0.24007860449047827
70,0.031240000000000004,0.998,0.002,0.13964262842509584,0.26792,0.348,0.0,0.04804243022621583,0.70084,0.77,0.002,0.10553814669664835,0.8287498536243156,1.0,0.7698324022346369,0.032301164968987064,0.7213751512528239,1.0,0.5,0.11736667458167925,0.9982271999999999,1.0,0.99424,0.0014018865423246353,0.9184689825008039,1.0,0.8333333333333334,0.038222939525795877,0.7203168914697804,1.0,0.6273833671399595,0.05216697557253609,0.5113390109890111,1.0,0.1,0.23044852078085223
71,0.030360000000000005,0.998,0.002,0.1397517857941467,0.26091999999999993,0.332,0.0,0.04687492693871857,0.70872,0.782,0.002,0.10635079420752544,0.8332214576031673,0.9997538461538461,0.7812538795779019,0.031136346297380657,0.6812630627227003,1.0,0.4444444444444444,0.1347133067752741,0.9984383999999997,1.0,0.99424,0.0012956431859528416,0.9224413994439563,1.0,0.8333333333333334,0.03856554081413173,0.7275168352289835,0.9996,0.6454361054766734,0.05031841428848193,0.45021753246753254,1.0,0.1,0.26606992513822214
72,0.029880000000000004,0.998,0.0,0.13981761297475787,0.2534,0.324,0.0,0.04575756879512739,0.71672,0.788,0.002,0.10732043189458762,0.83821942644547,0.9998769230769231,0.7913911416094822,0.03099870808964696,0.7204915767142585,1.0,0.441624895572264,0.13441640484146095,0.9985663999999999,1.0,0.99488,0.0012540054356553405,0.9268205379981799,1.0,0.8379281829281829,0.036676941323773776,0.7356322341987844,0.9998,0.6595092024539877,0.05011471250838105,0.514988735754042,1.0,0.1,0.25576695359481877
73,0.029280000000000004,0.998,0.0,0.13989194663987586,0.24684000000000006,0.314,0.0,0.044672212063118666,0.7238799999999999,0.794,0.002,0.10822004039389906,0.842354197656598,1.0,0.7936685288640596,0.029888245825379474,0.7232335894169951,1.0,0.4789849536652606,0.13117427881997593,0.9986879999999997,1.0,0.9952,0.0011551340588336475,0.9285099745098927,1.0,0.8257575757575758,0.03704630632623532,0.7423370035096073,1.0,0.6655172413793103,0.04830568071640784,0.521846673734429,1.0,0.1,0.2594389365576948
74,0.028800000000000003,0.998,0.0,0.13995159513057306,0.24140000000000003,0.306,0.0,0.043404598646611975,0.7298000000000002,0.796,0.002,0.10874666309682278,0.8457754040750101,1.0,0.796141879278158,0.029591565117999107,0.7174801475215838,1.0,0.4255952380952381,0.14526001810739234,0.9988735999999997,1.0,0.9952,0.0010389118326010031,0.9349138836618808,1.0,0.8257575757575758,0.03693808391509034,0.7478286933139132,1.0,0.6694501018329939,0.04782608884053562,0.5108050622846543,1.0,0.09999999999999999,0.26510122176135753
75,0.028360000000000007,0.998,0.0,0.14000565003176238,0.23451999999999992,0.304,0.0,0.042186776146473356,0.73712,0.8,0.002,0.1094887264721341,0.8501028640330138,1.0,0.8017380509000621,0.02819622074553835,0.7306534691143122,1.0,0.4512987012987013,0.1348956299749248,0.9990016,1.0,0.99584,0.0008855837691855745,0.9400251621984599,1.0,0.8257575757575758,0.03488510518342174,0.7548409170687584,1.0,0.6772819472616632,0.04564119342334187,0.5205645375033131,1.0,0.1,0.2666461942343715
76,0.028120000000000003,0.998,0.0,0.140041632293794,0.22728000000000004,0.3,0.0,0.04150585894220974,0.7445999999999999,0.814,0.002,0.11062364953632065,0.8547331986027301,1.0,0.804096834264432,0.028116452381389052,0.7209879470944349,1.0,0.4255952380952381,0.14352354872290482,0.9990336000000001,1.0,0.99616,0.000858869118821501,0.9360444160829311,1.0,0.8125,0.03856307841429363,0.7624169246093833,1.0,0.6811359026369168,0.045504145079103914,0.5054565746753247,1.0,0.09999999999999999,0.2689392939719392
77,0.02772000000000001,0.998,0.0,0.14009093839505882,0.22084000000000004,0.292,0.0,0.04065000439290084,0.7514399999999997,0.824,0.002,0.11154429155986352,0.8587462109150081,1.0,0.810552451893234,0.027510493230137774,0.725880489574353,1.0,0.45751633986928103,0.13966733206773985,0.9991552000000002,1.0,0.99616,0.0007724496945511874,0.9426176582348952,1.0,0.8125,0.034628699699280924,0.7689200800408119,1.0,0.6914807302231237,0.04451638621801751,0.5222098214285716,1.0,0.1,0.26814334918341803
78,0.027400000000000008,0.998,0.0,0.14013419224705545,0.21532000000000007,0.29,0.0,0.039860184215759535,0.7572800000000002,0.826,0.002,0.11224663805701283,0.8620648102406157,1.0,0.8134078212290503,0.027166913232316212,0.7451857885717309,1.0,0.4568452380952381,0.14619773398861802,0.9992448,1.0,0.99616,0.0007504943676793478,0.9469183670363187,1.0,0.8125,0.03691309092582444,0.774307066713676,1.0,0.6961460446247465,0.043961148083528405,0.5487234042553192,1.0,0.1,0.27368553059620143
79,0.027080000000000007,0.998,0.0,0.14017377553215427,0.20844000000000004,0.274,0.0,0.03903800346182826,0.7644799999999996,0.834,0.002,0.11319447595954098,0.8666246541145999,0.9998769230769231,0.8228429546865301,0.026382631538474116,0.7245187065765422,1.0,0.45751633986928103,0.13973617754746412,0.999264,1.0,0.99648,0.0007292825661049479,0.9446565667901958,1.0,0.7833333333333333,0.0401037177526998,0.7817698331547258,0.9998,0.7113590263691684,0.04271017836564876,0.5132446808510638,1.0,0.1,0.2688577462950077
80,0.026480000000000007,0.998,0.0,0.14025665104823126,0.20244000000000004,0.268,0.0,0.03768026604178362,0.7710799999999999,0.842,0.002,0.11381345998373563,0.8702279245797115,1.0,0.8237119801365611,0.025399071114901937,0.7420448694207555,1.0,0.5,0.14209329991847772,0.9993984,1.0,0.99744,0.0006388234082583265,0.9488048490634782,1.0,0.7166666666666667,0.04699466220847497,0.7875899333066094,1.0,0.7127789046653144,0.041149701155183856,0.529164133738602,1.0,0.1,0.2955541363963877
81,0.026280000000000005,0.998,0.0,0.14027902806294928,0.19720000000000007,0.26,0.0,0.037092273247859554,0.7765199999999999,0.844,0.002,0.1145951596370671,0.8735739035936408,1.0,0.8315332091868405,0.025062129493150405,0.7357373703651697,1.0,0.3833333333333333,0.15216158610424865,0.9994431999999999,1.0,0.99744,0.0005775579836603725,0.95100751957067,1.0,0.7166666666666667,0.047608169447704976,0.7930507567655829,1.0,0.7255578093306289,0.0405895139766707,0.541405775075988,1.0,0.1,0.28037630393293705
82,0.026040000000000004,0.998,0.0,0.14030781903241404,0.19168000000000002,0.248,0.0,0.03651415157587702,0.7822800000000002,0.852,0.002,0.11538401544585003,0.8766641660585488,1.0,0.8353817504655493,0.02480020849644183,0.7611084929488335,1.0,0.47058823529411764,0.15096013618206477,0.9994752,1.0,0.99744,0.0005360864992647022,0.951400114747123,1.0,0.7166666666666667,0.0477099592682449,0.7980942126259299,1.0,0.7318458417849899,0.0402071470757061,0.5646580547112462,1.0,0.1,0.30086986575122954
83,0.025680000000000005,0.998,0.0,0.14035777026395577,0.18584,0.236,0.0,0.03535670129594406,0.7884799999999998,0.854,0.002,0.11604964454921866,0.8802897071475718,1.0,0.8433271260086903,0.024074123129660424,0.7244008026160533,1.0,0.16666666666666666,0.17595707481627848,0.9995328000000002,1.0,0.99808,0.00046713647876816676,0.9481112848345531,1.0,0.5,0.074635577683846,0.8040053742661312,1.0,0.7446247464503043,0.03904354443530251,0.5211170212765958,1.0,0.1,0.3051887372694997
84,0.02532,0.998,0.0,0.14040908744356503,0.18036000000000002,0.236,0.0,0.035203640813566604,0.7943200000000001,0.862,0.002,0.11696387720757451,0.8844582757169955,1.0,0.8448168839230292,0.02405074653298648,0.7849802873270781,1.0,0.47058823529411764,0.1489625750194392,0.9995968000000002,1.0,0.99808,0.00046534358603207655,0.9527977253344252,1.0,0.5,0.07650477984037761,0.8108039132976578,1.0,0.7466531440162272,0.03902841578561994,0.6211666666666666,1.0,0.1,0.28673792278601096
85,0.024960000000000003,0.998,0.0,0.14045770080093764,0.17495999999999995,0.228,0.0,0.034317223616351804,0.8000799999999998,0.866,0.002,0.11764280770230551,0.8872195570035146,1.0,0.8513966480446927,0.02337514066172507,0.7213201772286515,1.0,0.47058823529411764,0.16297992250817664,0.9996416,1.0,0.99808,0.0004367568790855478,0.9638034707401134,1.0,0.8677655677655678,0.033264309545369276,0.8153001209729956,1.0,0.7574036511156187,0.03794364629659373,0.49826530612244885,1.0,0.1,0.30799436874903013
86,0.024800000000000003,0.998,0.0,0.14048080702664384,0.16956,0.22,0.0,0.033393852544369634,0.8056399999999999,0.87,0.002,0.11838414813906564,0.8911313952425605,1.0,0.8541381456129433,0.022721741410786294,0.8297017141393568,1.0,0.5264423076923077,0.13786060207548562,0.99968,1.0,0.99808,0.00042883801232672814,0.967664193350836,1.0,0.8677655677655678,0.03351539960289949,0.8216946428371328,1.0,0.7623217922606924,0.03687524135729901,0.6952551020408162,1.0,0.1,0.26425679385169787
87,0.024680000000000004,0.998,0.0,0.1404968501353649,0.1646,0.218,0.0,0.03252691193458118,0.8107199999999999,0.872,0.002,0.11900592336484084,0.8932841289043608,1.0,0.859116365899191,0.02227165191243968,0.7006646275710322,1.0,0.47058823529411764,0.1447363791970189,0.9997120000000003,1.0,0.99808,0.0003945754628944555,0.9697396333753306,1.0,0.8677655677655678,0.033521736042702886,0.8252046501299444,1.0,0.770061099796334,0.03615619085027859,0.46010204081632655,1.0,0.09999999999999999,0.27224467314616135
88,0.024520000000000004,0.998,0.0,0.14052020553381392,0.15992000000000006,0.214,0.0,0.03211703089436176,0.8155599999999997,0.876,0.002,0.11968004283530827,0.8965803247683931,0.9998769230769231,0.8584940883634101,0.022092023163093315,0.7730211055362994,1.0,0.4375,0.15064184760111882,0.9997376000000002,1.0,0.99808,0.0003807755780198072,0.971310400571098,1.0,0.8677655677655678,0.03461181795890184,0.8305936174666079,0.9998,0.7688391038696538,0.03588695177926614,0.595969387755102,1.0,0.1,0.2781188506874885
89,0.024440000000000003,0.998,0.0,0.1405303598544326,0.15520000000000006,0.208,0.0,0.031220087724909112,0.8203600000000002,0.886,0.002,0.12023357539831052,0.8993469453433033,1.0,0.8645924082140635,0.021523016246823717,0.7841703895766504,1.0,0.4391910173160173,0.1569489160548591,0.9997568000000004,1.0,0.99808,0.0003514949995289783,0.972296352449907,1.0,0.8888888888888888,0.03291175365698738,0.8351181339911251,1.0,0.7788187372708758,0.03496949725934666,0.6051020408163268,1.0,0.1,0.3040844229362762
90,0.024240000000000005,0.998,0.0,0.14055902384291616,0.15020000000000006,0.198,0.0,0.03042085750646374,0.8255599999999998,0.894,0.002,0.1208880676409346,0.9019404829496583,1.0,0.8672059738643435,0.021155895235803454,0.7472775073600864,1.0,0.43716577540106955,0.17412047038453207,0.9997696000000004,1.0,0.99808,0.00034838964815099344,0.9724210051392804,1.0,0.8888888888888888,0.0333441162238098,0.8393620403668777,1.0,0.7830957230142567,0.0343740364087895,0.5374564459930316,1.0,0.1,0.3172038651415312
91,0.023960000000000002,0.998,0.0,0.14059610120294727,0.14644000000000001,0.192,0.0,0.02911564555915824,0.8295999999999999,0.894,0.002,0.12120550940532394,0.9047765005020074,1.0,0.8741154562383613,0.020291668087061288,0.8109278300657993,1.0,0.47058823529411764,0.16611611916892244,0.9998144000000002,1.0,0.99904,0.00026726246367529433,0.9756773693712544,1.0,0.8571428571428571,0.03346121691211719,0.843986142480924,1.0,0.7943204868154158,0.03297802555228649,0.6586585365853659,1.0,0.1,0.3297745904217074
92,0.023880000000000002,0.998,0.0,0.14060708606987496,0.14264,0.186,0.0,0.028632620187043833,0.8334799999999997,0.896,0.002,0.12171751169433767,0.9070054209289666,1.0,0.8749844816883923,0.019794750144668184,0.786876736960854,1.0,0.47058823529411764,0.18250284462317615,0.9998208000000001,1.0,0.99904,0.0002598888302363652,0.9760777142837945,1.0,0.8571428571428571,0.03314391015434853,0.8476388162078198,1.0,0.7957403651115619,0.03216073654877752,0.6121951219512196,1.0,0.1,0.35092564878562205
93,0.023680000000000003,0.998,0.0,0.14063608269253677,0.13872,0.184,0.0,0.02775331566880333,0.8375999999999999,0.898,0.002,0.12220825316997679,0.9095140889791976,1.0,0.8771624144368388,0.019527676540156438,0.7427779649326675,1.0,0.4117647058823529,0.1884582080376256,0.9998272,1.0,0.99904,0.00026029057546032055,0.9770158005877344,1.0,0.8571428571428571,0.03326618284903492,0.8517475839622509,1.0,0.7993890020366599,0.03173237249138113,0.5167073170731707,1.0,0.1,0.35463997546120196
94,0.023640000000000005,0.998,0.0,0.14064091778391535,0.13503999999999997,0.18,0.0,0.02646596582289744,0.84132,0.902,0.002,0.12254818960519244,0.9121719898035714,1.0,0.881144990665837,0.018421094593361893,0.8179309448188943,1.0,0.4444444444444444,0.18318779641040325,0.9998464,1.0,0.99936,0.00022618179431960333,0.9784515937918203,1.0,0.8571428571428571,0.03210446712953211,0.8560897779153908,1.0,0.8059063136456212,0.02993961910730112,0.6843902439024391,1.0,0.0,0.3450275262967275
95,0.023440000000000003,0.998,0.0,0.14066607731120698,0.13068,0.178,0.0,0.02555701109923714,0.84588,0.904,0.002,0.12310367954844954,0.9138788638158606,1.0,0.881144990665837,0.01831542920690098,0.7452816007202777,1.0,0.4117647058823529,0.19219827937833175,0.9998592000000001,1.0,0.99936,0.00022544142639429533,0.9794814040899233,1.0,0.8571428571428571,0.03244618912060943,0.8588847088073323,1.0,0.8059063136456212,0.029752766153442387,0.523048780487805,1.0,0.0,0.3624997897392157
96,0.023360000000000002,0.998,0.0,0.14067617467947077,0.12704000000000001,0.178,0.0,0.025107897773653704,0.8496000000000001,0.908,0.002,0.12361559904207318,0.916775213654712,1.0,0.8840074673304293,0.01773067011813007,0.7954758782775959,1.0,0.4117647058823529,0.20762373018689118,0.999872,1.0,0.99936,0.0002144190061633692,0.9807632777041142,1.0,0.8571428571428571,0.032334735295659764,0.8636232549653243,1.0,0.8105906313645621,0.02881916202126699,0.6350000000000002,1.0,0.0,0.3749166574053492
97,0.023200000000000002,0.998,0.0,0.14069680819668476,0.12288000000000004,0.172,0.0,0.024311448550266294,0.85392,0.91,0.002,0.12417167839038706,0.9190242629827494,1.0,0.8845052893590541,0.017468874072032747,0.7601449669444683,1.0,0.35714285714285715,0.1922062133113282,0.9998848000000001,1.0,0.99936,0.00019134582433330752,0.9810483529127101,1.0,0.8571428571428571,0.03229510692998253,0.867304850842644,1.0,0.8114052953156823,0.028380618185574098,0.5532500000000001,1.0,0.0,0.3599600227090753
98,0.02304,0.998,0.0,0.14071841328246523,0.11984000000000002,0.172,0.0,0.02396882328767765,0.85712,0.914,0.002,0.12463704693784973,0.9207485223010403,1.0,0.889607965152458,0.017312396460779776,0.8161428850749027,1.0,0.4117647058823529,0.19407271110328672,0.9998912000000001,1.0,0.99936,0.00018970051585138974,0.9804820567531926,1.0,0.8571428571428571,0.03311205752767929,0.8701296343904811,1.0,0.8197556008146639,0.02813267516734565,0.652820512820513,1.0,0.0,0.37419350973265947
99,0.022920000000000003,0.998,0.0,0.14073405807423026,0.11604,0.17,0.0,0.023919900347891532,0.8610400000000001,0.926,0.002,0.1252369118176932,0.9233437985859567,1.0,0.8843808338518979,0.017235730249108114,0.8502688122220304,1.0,0.35714285714285715,0.18005886933765886,0.9999104,1.0,0.99936,0.0001715352049306635,0.9824654362371282,1.0,0.8571428571428571,0.03267806717948766,0.8743713939963542,1.0,0.8109979633401222,0.02802678199659549,0.7355263157894738,1.0,0.1,0.316635158523318
100,0.022760000000000002,0.998,0.0,0.14075475270186533,0.11284000000000002,0.162,0.0,0.023296106357684997,0.8644,0.93,0.002,0.12565128291409994,0.9249872714654718,1.0,0.8915992532669571,0.016634000144555572,0.7531985012015434,1.0,0.4117647058823529,0.19917060477133341,0.9999104,1.0,0.99936,0.0001715352049306635,0.9824654362371282,1.0,0.8571428571428571,0.03267806717948766,0.877066848065445,1.0,0.8228105906313645,0.027044369218231352,0.5355263157894737,1.0,0.0,0.38094971909420233
101,0.022680000000000002,0.998,0.0,0.14076618912224625,0.1092,0.156,0.0,0.022511674975533955,0.8681200000000002,0.93,0.002,0.12612880361773363,0.9272320711105722,1.0,0.8939639079029247,0.01616234732374631,0.8549324113944183,1.0,0.35714285714285715,0.18656716926134195,0.9999296,1.0,0.99936,0.00014869445455806965,0.9850704795557735,1.0,0.8571428571428571,0.030022146778303605,0.8807329692166591,1.0,0.8266802443991853,0.026280576079997706,0.7364864864864864,1.0,0.0,0.3243901647383579
102,0.022680000000000002,0.998,0.0,0.14076618912224625,0.10615999999999999,0.146,0.0,0.02177000370290483,0.87116,0.932,0.002,0.12647502939799812,0.9292556831445896,1.0,0.901929060360921,0.0161366786594808,0.6966585324962966,1.0,0.25,0.22174677481197255,0.999936,1.0,0.99936,0.00014456126446482485,0.9865719810572752,1.0,0.8571428571428571,0.029314792341141236,0.8840509584076921,1.0,0.8397148676171079,0.026241612472059334,0.46486486486486484,1.0,0.0,0.3796681418000435
103,0.022680000000000002,0.998,0.0,0.14076618912224625,0.10316,0.14,0.0,0.02138506058739443,0.8741599999999998,0.934,0.002,0.12689371416219777,0.9310394322569401,1.0,0.9047915370255134,0.01510685951768779,0.8297767594139918,1.0,0.35714285714285715,0.18469372577691842,0.999936,1.0,0.99936,0.00014456126446482485,0.9865719810572752,1.0,0.8571428571428571,0.029314792341141236,0.8869716628373969,1.0,0.8443991853360489,0.024562973096836506,0.6806306306306307,1.0,0.0,0.32523765084862105
104,0.022640000000000004,0.998,0.0,0.1407695699955594,0.10012,0.136,0.0,0.020604774560617684,0.8772399999999999,0.936,0.002,0.12723552962910947,0.932802143005874,1.0,0.9082762912258867,0.015352765717698422,0.7622640783843503,1.0,0.16666666666666666,0.21909642760436435,0.999936,1.0,0.99936,0.00014456126446482485,0.9862716807569748,1.0,0.8571428571428571,0.02981104446740691,0.8898672359447221,1.0,0.85010183299389,0.024958791144714536,0.5910810810810811,1.0,0.0,0.37148189565414735
105,0.022560000000000004,0.998,0.0,0.14077977591302823,0.09699999999999998,0.128,0.0,0.020131202301960232,0.8804400000000001,0.94,0.002,0.1276514962301497,0.9342857295565894,1.0,0.9112632233976353,0.014941124592553956,0.8104155927106524,1.0,0.35714285714285715,0.20224202065375496,0.9999488,1.0,0.99936,0.0001349926679792749,0.9882950945450946,1.0,0.8571428571428571,0.029328629113120487,0.8922895741627476,1.0,0.854989816700611,0.024292403361593686,0.643963963963964,1.0,0.0,0.364589095478561
106,0.02244,0.998,0.0,0.14079731560520836,0.09459999999999999,0.13,0.0,0.019996938541196958,0.88296,0.94,0.002,0.12800653044565613,0.9367352848093405,1.0,0.9116365899191039,0.014698040417803808,0.838827736739963,1.0,0.2857142857142857,0.195745939683738,0.9999552,1.0,0.99936,0.00012946104922062016,0.98825931013431,1.0,0.8571428571428571,0.030362779450632385,0.8962996838694715,1.0,0.8556008146639511,0.023923934399094775,0.713425925925926,1.0,0.0,0.34489058408599915
107,0.02244,0.998,0.0,0.14079731560520836,0.09183999999999999,0.128,0.0,0.019135776942253307,0.8857200000000001,0.94,0.002,0.12830385490574114,0.9379579436439798,1.0,0.9127566894835096,0.014380127565228594,0.738311460375729,1.0,0.16666666666666666,0.23649125930099152,0.9999552,1.0,0.99936,0.00012946104922062016,0.98825931013431,1.0,0.8571428571428571,0.030362779450632385,0.8983089823771785,1.0,0.8574338085539714,0.023381783835219754,0.5263888888888889,1.0,0.0,0.40188790587536827
108,0.02244,0.998,0.0,0.14079731560520836,0.08867999999999998,0.126,0.0,0.0192369117976406,0.8888799999999997,0.946,0.002,0.12882651520711164,0.939591347608369,0.9998769230769231,0.9167392657125077,0.013897041882974878,0.8640696785754723,1.0,0.4444444444444444,0.16837209086169488,0.9999615999999999,1.0,0.99968,0.0001050434312509774,0.9896481990231991,1.0,0.8571428571428571,0.028886181092759276,0.9009811501063354,0.9998,0.8639511201629327,0.022606824456951863,0.7550925925925928,1.0,0.0,0.3193947511382642
109,0.022400000000000003,0.998,0.0,0.14080294523821263,0.08627999999999998,0.126,0.0,0.01872250637329199,0.8913199999999998,0.948,0.002,0.12913628933994423,0.9409733984431893,1.0,0.9138767890479154,0.013895956970967125,0.7553522542386333,1.0,0.2857142857142857,0.25989506424713815,0.9999615999999999,1.0,0.99968,0.0001050434312509774,0.987912087912088,1.0,0.8571428571428571,0.03360300537910448,0.9032487160937329,1.0,0.8592668024439919,0.022599963976358068,0.5675925925925926,1.0,0.0,0.44468545052859165
110,0.022320000000000003,0.998,0.0,0.14081416904587987,0.08372000000000002,0.12,0.0,0.018365940082174962,0.8939600000000002,0.952,0.002,0.12948594754738793,0.9430268290344056,0.9998769230769231,0.9187305538270069,0.013469285975617182,0.8328090527700165,1.0,0.16666666666666666,0.2295642323500861,0.9999679999999997,1.0,0.99968,9.697464427701333e-05,0.9882993197278913,1.0,0.8571428571428571,0.03401199350922356,0.9066075641754899,0.9998,0.8672097759674134,0.021926822419804044,0.6952380952380952,1.0,0.0,0.41626591371906696
111,0.022320000000000003,0.998,0.0,0.14081416904587987,0.08092,0.112,0.0,0.017669112909832464,0.89676,0.952,0.002,0.12982430199217362,0.9442666607494203,1.0,0.9239576851275669,0.01330135447914308,0.7771229089517457,1.0,0.2857142857142857,0.23100596218237504,0.9999679999999997,1.0,0.99968,9.697464427701333e-05,0.9882993197278913,1.0,0.8571428571428571,0.03401199350922356,0.9086446850028913,1.0,0.8757637474541752,0.021639683631265335,0.590952380952381,1.0,0.0,0.41474740042882124
112,0.022320000000000003,0.998,0.0,0.14081416904587987,0.07860000000000002,0.108,0.0,0.01727213161750005,0.8990799999999999,0.954,0.002,0.13013224670562276,0.9460237710883684,1.0,0.9212196639701307,0.01279063253048948,0.8431179147100104,1.0,0.16666666666666666,0.23023336101842956,0.9999679999999997,1.0,0.99968,9.697464427701333e-05,0.9882993197278913,1.0,0.8571428571428571,0.03401199350922356,0.911522548557041,1.0,0.8712830957230142,0.02081386576947297,0.7361904761904763,1.0,0.0,0.37799967394351097
113,0.02228,0.998,0.0,0.14081802412463876,0.07612000000000001,0.102,0.0,0.01682277367991718,0.9015999999999998,0.954,0.002,0.130474800131626,0.947370822511252,1.0,0.9254511512134412,0.01257195374324877,0.8165037269968716,1.0,0.3888888888888889,0.2115456847608702,0.9999743999999998,1.0,0.99968,8.769520499770703e-05,0.9887755102040817,1.0,0.8571428571428571,0.034057063823759996,0.9137286415468135,1.0,0.8782077393075356,0.020456281295280283,0.6738095238095237,1.0,0.0,0.39418331462346845
114,0.0222,0.998,0.0,0.14082975682775026,0.07396,0.102,0.0,0.016529454230036066,0.9038400000000002,0.956,0.002,0.1307827861106237,0.9486163304130129,1.0,0.9304293714996889,0.01249074177397472,0.8082011738893454,1.0,0.16666666666666666,0.23226332533228827,0.9999743999999998,1.0,0.99968,8.769520499770703e-05,0.9884453781512607,1.0,0.8571428571428571,0.034512337512492997,0.9157705218892819,1.0,0.8860940695296523,0.020330673923329847,0.6372549019607844,1.0,0.0,0.4233714852674093
115,0.022160000000000003,0.998,0.0,0.1408347359749819,0.07176,0.096,0.0,0.015880369090451884,0.9060800000000002,0.962,0.002,0.13105783736463025,0.9500017794135929,1.0,0.9341235184029943,0.011832871945253383,0.8131407791234048,1.0,0.35294117647058826,0.22386999569936197,0.9999807999999999,1.0,0.99968,7.676733999425084e-05,0.9902836134453783,1.0,0.8571428571428571,0.03336189786596321,0.9180378689735741,1.0,0.8920245398773006,0.019256761017532813,0.6617647058823528,1.0,0.0,0.40511314069493676
116,0.02212,0.998,0.0,0.14084028296663723,0.06924,0.094,0.0,0.01569031938645545,0.9086400000000002,0.962,0.002,0.13142698135684097,0.9514444608856565,1.0,0.9321717485998755,0.011622587718862463,0.7627563168550693,1.0,0.16666666666666666,0.24567165979418382,0.9999807999999999,1.0,0.99968,7.676733999425084e-05,0.9902836134453783,1.0,0.8571428571428571,0.03336189786596321,0.9204029907220941,1.0,0.8890020366598778,0.01891585321896127,0.571078431372549,1.0,0.0,0.4234957300761733
117,0.022080000000000002,0.998,0.0,0.14084581814805833,0.06732,0.092,0.0,0.015111071761986918,0.9106000000000002,0.962,0.002,0.1316583395282917,0.9526937052933968,1.0,0.9348721147847785,0.011443983496638879,0.8396299414143336,1.0,0.3888888888888889,0.19803108818194787,0.9999872,1.0,0.99968,6.334357239106671e-05,0.9944852941176471,1.0,0.875,0.023675356480026395,0.9224483065105983,1.0,0.8932515337423312,0.018627507410683936,0.698529411764706,1.0,0.0,0.37042081009280764
118,0.02204,0.998,0.0,0.1408519210854768,0.06540000000000001,0.094,0.0,0.0147426910289645,0.9125600000000001,0.962,0.002,0.1319072277575944,0.954168260099322,0.9998769230769231,0.9343730505302558,0.01119809900489839,0.7727771259293914,1.0,0.16666666666666666,0.26519325832969576,0.9999872,1.0,0.99968,6.334357239106671e-05,0.9943181818181818,1.0,0.875,0.024022066087056478,0.9248676617576502,0.9998,0.8924335378323108,0.018217692502608185,0.6237373737373737,1.0,0.0,0.42803309644212284
119,0.02204,0.998,0.0,0.1408519210854768,0.0634,0.092,0.0,0.014338474002999549,0.9145599999999999,0.964,0.002,0.13217183620467063,0.9546233639982857,1.0,0.9353711790393013,0.0113496141949236,0.8566133185195663,1.0,0.3888888888888889,0.1970528278206661,0.9999872,1.0,0.99968,6.334357239106671e-05,0.9943181818181818,1.0,0.875,0.024022066087056478,0.925614625503328,1.0,0.8940695296523518,0.01846683606303088,0.7095959595959596,1.0,0.0,0.3909352723986251
120,0.02204,0.998,0.0,0.1408519210854768,0.06156,0.092,0.0,0.014378498686921244,0.9164,0.966,0.002,0.13245869591102344,0.9561651067780933,0.9998769230769231,0.9384903306300686,0.011056600851690171,0.8076416345379193,1.0,0.16666666666666666,0.26080053438904444,0.9999872,1.0,0.99968,6.334357239106671e-05,0.9943181818181818,1.0,0.875,0.024022066087056478,0.9281439372504046,0.9998,0.8991820040899795,0.017985170499899738,0.6767676767676767,1.0,0.0,0.4328911885737352
121,0.02204,0.998,0.0,0.1408519210854768,0.059359999999999996,0.092,0.0,0.014509335488799293,0.9185999999999999,0.968,0.002,0.13281888850181345,0.9572666397555858,1.0,0.9362445414847161,0.011453085466900584,0.7817328246211064,1.0,0.375,0.2430737738611667,0.9999872,1.0,0.99968,6.334357239106671e-05,0.9943181818181818,1.0,0.875,0.024022066087056478,0.9299506221730915,1.0,0.8955010224948875,0.018646417219431256,0.5681818181818182,1.0,0.0,0.46466018864229247
122,0.02196,0.998,0.0,0.14086351188150834,0.05743999999999999,0.092,0.0,0.013991484290562644,0.9205999999999998,0.968,0.002,0.1330669618144587,0.9584433889436633,1.0,0.9372426699937617,0.011125715656626805,0.8899925874456641,1.0,0.375,0.20528322319420905,0.9999872,1.0,0.99968,6.334357239106671e-05,0.994140625,1.0,0.875,0.024384432624842512,0.9318809400205894,1.0,0.8971370143149284,0.018106985567368155,0.8151041666666666,1.0,0.0,0.35528168881187494
123,0.02196,0.998,0.0,0.14086351188150834,0.0562,0.09,0.0,0.013875540070386376,0.9218399999999997,0.968,0.002,0.13324266032548376,0.9590564065481001,1.0,0.9397379912663756,0.011185568097032517,0.7647283387048475,1.0,0.36507936507936506,0.23973707724475368,0.9999872,1.0,0.99968,6.334357239106671e-05,0.994140625,1.0,0.875,0.024384432624842512,0.9328848936644962,1.0,0.9012269938650307,0.01821218120388414,0.546875,1.0,0.0,0.4484828567067604
124,0.02188,0.998,0.0,0.14087563483369267,0.05464000000000002,0.088,0.0,0.013482808403629401,0.9234799999999999,0.968,0.002,0.13344772575883065,0.960590065166975,1.0,0.9394884591391142,0.010369633187068964,0.8995944133457033,1.0,0.4117647058823529,0.1872558944911739,0.9999872,1.0,0.99968,6.334357239106671e-05,0.99375,1.0,0.875,0.02516111874602805,0.9353976513757795,1.0,0.9008179959100204,0.01687751198990036,0.8111111111111112,1.0,0.0,0.3548604316149181
125,0.0218,0.998,0.0,0.1408871309718151,0.053079999999999995,0.084,0.0,0.013347536652651587,0.9251200000000003,0.968,0.002,0.1336783590319293,0.9612046792742309,0.9998769230769231,0.9434809731752963,0.010778092925163065,0.7961256327862497,1.0,0.3888888888888889,0.22290673647971856,0.9999872,1.0,0.99968,6.334357239106671e-05,0.9935344827586207,1.0,0.875,0.025578287051186723,0.9364111480961519,0.9998,0.907361963190184,0.017535985774155795,0.6436781609195402,1.0,0.0,0.3977220302613713
126,0.0218,0.998,0.0,0.1408871309718151,0.051200000000000016,0.084,0.0,0.013315634511692619,0.927,0.972,0.002,0.133954759344416,0.9624084690748063,1.0,0.9393636930754835,0.010254466275242532,0.8853723697430327,1.0,0.4117647058823529,0.18887663846907862,0.9999935999999999,1.0,0.99968,4.5254833995943965e-05,0.9956896551724138,1.0,0.875,0.023211917272131472,0.9383734124978709,1.0,0.9006134969325154,0.0167082140650739,0.7672413793103449,1.0,0.0,0.3892015320015008
127,0.02176,0.998,0.0,0.14089199221172138,0.049640000000000004,0.08,0.0,0.012921679299470613,0.9286,0.972,0.002,0.13416118846296762,0.9634416330264954,1.0,0.9422194668319901,0.010402350508920171,0.8824322255771004,1.0,0.3888888888888889,0.18400082420795214,0.9999935999999999,1.0,0.99968,4.5254833995943965e-05,0.9956896551724138,1.0,0.875,0.023211917272131472,0.9400722092774357,1.0,0.905668016194332,0.016933179323920397,0.7729885057471265,1.0,0.0,0.3499550365989057
128,0.021720000000000003,0.998,0.0,0.14089742107400732,0.04836000000000002,0.074,0.0,0.012392822148983117,0.9299199999999996,0.972,0.002,0.1343081804915053,0.9640400580103256,1.0,0.9488459139114162,0.01007061977777717,0.8644462299421198,1.0,0.4117647058823529,0.19705033351436357,0.9999935999999999,1.0,0.99968,4.5254833995943965e-05,0.9956896551724138,1.0,0.875,0.023211917272131472,0.9410552448557185,1.0,0.9161554192229039,0.016385131015962336,0.7298850574712644,1.0,0.0,0.38937728343606304
129,0.021640000000000003,0.998,0.0,0.1409082434111805,0.04720000000000001,0.074,0.0,0.012538919004280967,0.93116,0.976,0.002,0.13450261510241263,0.9650290273311914,1.0,0.9457267623206488,0.010580217889582182,0.8557070282342513,1.0,0.3201754385964912,0.21742839526080943,0.9999872,1.0,0.99968,6.334357239106671e-05,0.9913793103448276,1.0,0.875,0.032235089347195454,0.9426838614625552,1.0,0.911042944785276,0.017219797654521054,0.7471264367816093,1.0,0.0,0.3662895508066043
130,0.021640000000000003,0.998,0.0,0.1409082434111805,0.045760000000000016,0.074,0.0,0.012614471766950202,0.9325999999999998,0.978,0.002,0.1347216328855427,0.9654404364392503,1.0,0.950093574547723,0.009678022925222286,0.8004915918255302,1.0,0.4444444444444444,0.21985189674942218,0.9999935999999999,1.0,0.99968,4.5254833995942135e-05,0.9956896551724138,1.0,0.875,0.023211917272131476,0.943348430734769,1.0,0.918200408997955,0.0157512340401317,0.5977011494252874,1.0,0.0,0.45320122676695845
131,0.021640000000000003,0.998,0.0,0.1409082434111805,0.0444,0.074,0.0,0.012571428571428572,0.9339599999999999,0.978,0.002,0.13492219375383332,0.9662026163018617,1.0,0.9472239550842171,0.01050492221031686,0.8599137439855431,1.0,0.4117647058823529,0.1927741144275097,0.9999935999999999,1.0,0.99968,4.5254833995942135e-05,0.9956896551724138,1.0,0.875,0.023211917272131476,0.9446041421391608,1.0,0.9134969325153375,0.01710056836382384,0.7557471264367817,1.0,0.0,0.3377174743796483
132,0.021560000000000003,0.998,0.0,0.1409201771448312,0.04328000000000001,0.07,0.0,0.012307356353342631,0.9351599999999998,0.98,0.002,0.13508400409843244,0.9670099263902354,1.0,0.9490954460386775,0.010244917891612089,0.8908959010810863,1.0,0.375,0.18603875228852626,0.9999935999999999,1.0,0.99968,4.5254833995942135e-05,0.9953703703703703,1.0,0.875,0.0240562612162344,0.9459261985056361,1.0,0.9165644171779141,0.016675579683365218,0.7808641975308641,1.0,0.0,0.3777662558993762
133,0.021560000000000003,0.998,0.0,0.1409201771448312,0.042000000000000016,0.066,0.0,0.01191808777977955,0.9364399999999999,0.98,0.002,0.13524236143505705,0.967897826886187,1.0,0.9510862818125388,0.010270151632874785,0.8655393403889038,1.0,0.3201754385964912,0.20705949927663378,0.9999935999999999,1.0,0.99968,4.5254833995942135e-05,0.9953703703703703,1.0,0.875,0.0240562612162344,0.9473863581972504,1.0,0.920081135902637,0.016712826807290897,0.75,1.0,0.0,0.3733939969028384
134,0.021480000000000003,0.998,0.0,0.14093148429398636,0.040920000000000026,0.066,0.0,0.011960547390381054,0.9375999999999999,0.982,0.002,0.13541470694552663,0.9690000645274511,1.0,0.9509669369931378,0.009925132330576548,0.9405701136470367,1.0,0.3888888888888889,0.15415438455588487,0.9999935999999999,1.0,0.99968,4.5254833995942135e-05,0.9951923076923077,1.0,0.875,0.024514516892273,0.9491923539357318,1.0,0.9196319018404908,0.016155281699008175,0.8846153846153846,1.0,0.0,0.2935197542821371
135,0.021480000000000003,0.998,0.0,0.14093148429398636,0.039560000000000026,0.064,0.0,0.011885782966834534,0.9389600000000001,0.984,0.002,0.1356148447716878,0.969816301893471,1.0,0.9539613225202744,0.010012424455499496,0.8707410057524474,1.0,0.5,0.18653225568460707,0.9999935999999999,1.0,0.99968,4.5254833995942135e-05,0.9951923076923077,1.0,0.875,0.024514516892273,0.9505305165560649,1.0,0.9245398773006135,0.016304174354877996,0.7628205128205128,1.0,0.0,0.3595462477533374
136,0.021480000000000003,0.998,0.0,0.14093148429398636,0.038200000000000026,0.062,0.0,0.01171254342443979,0.9403200000000002,0.984,0.002,0.1358043971516176,0.9699867011918102,1.0,0.9532047293092719,0.010012887033322735,0.9166080180503258,1.0,0.3888888888888889,0.16547669228205955,0.9999935999999999,1.0,0.99968,4.5254833995942135e-05,0.9951923076923077,1.0,0.875,0.024514516892273,0.9508105915815981,1.0,0.9233128834355828,0.016304951922650076,0.8365384615384616,1.0,0.0,0.3077523979785347
137,0.02144,0.998,0.0,0.1409368305450411,0.037160000000000026,0.062,0.0,0.011528775002628184,0.9414000000000005,0.984,0.002,0.1359539237674114,0.9709434794318602,0.9998769230769231,0.9533209186840472,0.009688238632856757,0.8737583100855412,1.0,0.3201754385964912,0.2100281576663596,0.9999935999999999,1.0,0.99968,4.5254833995942135e-05,0.9951923076923077,1.0,0.875,0.024514516892273,0.952380015549031,0.9998,0.9237322515212981,0.015773150276726985,0.7532051282051282,1.0,0.0,0.40857528153788336
138,0.02136,0.998,0.0,0.1409480668580467,0.036200000000000024,0.06,0.0,0.011074884253322464,0.9424400000000002,0.984,0.002,0.13606978401705863,0.9716565236555276,1.0,0.9556938394523957,0.009562441995390228,0.9025949268596328,1.0,0.4117647058823529,0.18920828411723228,0.9999935999999999,1.0,0.99968,4.5254833995942135e-05,0.995,1.0,0.875,0.024999999999999994,0.9535480948524463,1.0,0.9274949083503055,0.015568140510008287,0.8266666666666667,1.0,0.0,0.34520525295346627
139,0.02136,0.998,0.0,0.1409480668580467,0.035000000000000024,0.054,0.0,0.010499757042864549,0.94364,0.984,0.002,0.13620074619952025,0.972089821498933,1.0,0.9573117610454263,0.00940302214588804,0.8587467915641291,1.0,0.4117647058823529,0.22849176690689466,1.0,1.0,1.0,0.0,1.0,1.0,1.0,0.0,0.9542559403329886,1.0,0.930142566191446,0.015308112223855754,0.73,1.0,0.0,0.4325313090786994
140,0.02136,0.998,0.0,0.1409480668580467,0.03404000000000002,0.052,0.0,0.010273723169090261,0.9446000000000001,0.984,0.002,0.13632569045323417,0.9723272529003496,1.0,0.9548106765983861,0.009236704129937108,0.8831166321601104,1.0,0.4444444444444444,0.20291167108589225,1.0,1.0,1.0,0.0,1.0,1.0,1.0,0.0,0.9546455245727785,1.0,0.9261663286004057,0.015032214010270129,0.7666666666666667,1.0,0.0,0.4082482904638631
141,0.02136,0.998,0.0,0.1409480668580467,0.03312000000000002,0.052,0.0,0.010207320302366435,0.9455199999999998,0.984,0.002,0.1364593443229932,0.9736690283449111,1.0,0.9589075108628181,0.009000358755402388,0.873238201713434,1.0,0.4117647058823529,0.20795115932598895,1.0,1.0,1.0,0.0,1.0,1.0,1.0,0.0,0.9568440873675702,1.0,0.9328600405679514,0.014655704151322812,0.76,1.0,0.0,0.3851406669430447
142,0.02136,0.998,0.0,0.1409480668580467,0.03208000000000002,0.052,0.0,0.010117352238927468,0.9465600000000001,0.986,0.002,0.13661029930993862,0.9744184897287624,1.0,0.960397268777157,0.00885927950816481,0.9491459303473034,1.0,0.5652173913043478,0.12826327972774448,1.0,1.0,1.0,0.0,1.0,1.0,1.0,0.0,0.9580734916109843,1.0,0.9352941176470588,0.014428867780013578,0.8833333333333333,1.0,0.0,0.3004626062886658
143,0.021320000000000002,0.998,0.0,0.14095337773135325,0.031000000000000017,0.052,0.0,0.010135812442895291,0.9476799999999999,0.986,0.002,0.13677710752482353,0.9747352703205785,1.0,0.9594510293200249,0.008812194205585672,0.8884521277942331,1.0,0.47368421052631576,0.19372335775577093,1.0,1.0,1.0,0.0,1.0,1.0,1.0,0.0,0.9585925746463296,1.0,0.9335378323108384,0.014354009483898679,0.78,1.0,0.0,0.3840572873934304
144,0.021320000000000002,0.998,0.0,0.14095337773135325,0.030400000000000017,0.052,0.0,0.010020387381000105,0.9482799999999999,0.986,0.002,0.1368538681385725,0.9747046886334761,1.0,0.955431409062694,0.009085221964931925,0.8685284780578898,1.0,0.4117647058823529,0.2244312185160487,1.0,1.0,1.0,0.0,1.0,1.0,1.0,0.0,0.9585417181582855,1.0,0.9271805273833671,0.014797660742167942,0.7666666666666667,1.0,0.0,0.408248290463863
145,0.021320000000000002,0.998,0.0,0.14095337773135325,0.029440000000000018,0.048,0.0,0.009579229230635481,0.94924,0.986,0.002,0.1369670837859094,0.9759241992488028,1.0,0.9600248292985724,0.008335280508938251,0.8451323968429232,1.0,0.4444444444444444,0.20838138497965428,1.0,1.0,1.0,0.0,1.0,1.0,1.0,0.0,0.960539920745263,1.0,0.9346855983772819,0.013571109984317972,0.7,1.0,0.0,0.408248290463863
146,0.021320000000000002,0.998,0.0,0.14095337773135325,0.028560000000000016,0.048,0.0,0.0095450810069151,0.95012,0.986,0.002,0.13709606939988453,0.9761969552322577,1.0,0.9587833643699566,0.00862752325840017,0.9337333232070074,1.0,0.4444444444444444,0.1660770758228323,1.0,1.0,1.0,0.0,1.0,1.0,1.0,0.0,0.9609878086639803,1.0,0.932657200811359,0.014056558047074674,0.8733333333333333,1.0,0.0,0.30912061651652345
147,0.02128,0.998,0.0,0.14095925594559125,0.027680000000000017,0.048,0.0,0.008974885594177312,0.9510399999999999,0.986,0.002,0.13719418087260887,0.9768553775163404,1.0,0.9619463505926388,0.008441510576387794,0.871184129135303,1.0,0.36507936507936506,0.21004178407785573,1.0,1.0,1.0,0.0,1.0,1.0,1.0,0.0,0.9620719443794213,1.0,0.9376278118609407,0.01373791301410955,0.7395833333333334,1.0,0.0,0.4136211159216027
148,0.021240000000000002,0.998,0.0,0.14096512233274486,0.027000000000000014,0.048,0.0,0.009001133715441924,0.95176,0.986,0.002,0.13729969603248307,0.9769480128553965,1.0,0.9616387337057728,0.00855756647474056,0.8650279297507844,1.0,0.4117647058823529,0.2270552544393627,1.0,1.0,1.0,0.0,1.0,1.0,1.0,0.0,0.9622241242639986,1.0,0.9373225152129817,0.013934603678829946,0.7463768115942028,1.0,0.0,0.4200455880062465
149,0.0212,0.998,0.0,0.1409709768942906,0.026320000000000014,0.046,0.0,0.008947556957639559,0.95248,0.986,0.002,0.1373977155737968,0.9774866310177613,1.0,0.9622594661700807,0.007990331564039728,0.96523951637588,1.0,0.5454545454545454,0.10464172803764314,1.0,1.0,1.0,0.0,1.0,1.0,1.0,0.0,0.963103932317857,1.0,0.9383367139959432,0.013006153425997641,0.9204545454545454,1.0,0.0,0.23637092063367718
150,0.0212,0.998,0.0,0.1409709768942906,0.025600000000000015,0.044,0.0,0.008675557971822272,0.9532000000000003,0.988,0.002,0.1374894430084561,0.9780220547549622,0.9998769230769231,0.9599006828057107,0.008259937051207757,0.8886590556061549,1.0,0.4117647058823529,0.19159887480673995,1.0,1.0,1.0,0.0,1.0,1.0,1.0,0.0,0.9639830283720294,0.9998,0.9344827586206896,0.013451549297549166,0.7916666666666665,1.0,0.0,0.3598114585644622
151,0.0212,0.998,0.0,0.1409709768942906,0.024760000000000015,0.044,0.0,0.008406897071294911,0.9540400000000002,0.988,0.002,0.13759775152410664,0.9784834179201565,0.9998769230769231,0.964245810055866,0.00807508906741657,0.9617743367743367,1.0,0.6153846153846154,0.10347091005346139,1.0,1.0,1.0,0.0,1.0,1.0,1.0,0.0,0.9647389601723632,0.9998,0.9415821501014199,0.01314724444615671,0.9204545454545454,1.0,0.0,0.23637092063367718
152,0.0212,0.998,0.0,0.1409709768942906,0.024200000000000013,0.044,0.0,0.008273389848897292,0.9546000000000001,0.988,0.002,0.13767293392200905,0.9785487970766111,0.9998769230769231,0.9616387337057728,0.00831181859831071,0.9065980006171394,1.0,0.4444444444444444,0.17550652563376162,1.0,1.0,1.0,0.0,1.0,1.0,1.0,0.0,0.9648493237790687,0.9998,0.9373225152129817,0.01353494126290953,0.8030303030303029,1.0,0.0,0.3623715376697393
153,0.0212,0.998,0.0,0.1409709768942906,0.02364000000000001,0.042,0.0,0.008057852045789668,0.9551599999999997,0.988,0.002,0.13774456691385586,0.9789928678199203,1.0,0.9643699565487275,0.00815737991510519,0.8807896896132189,1.0,0.4117647058823529,0.217304202929067,1.0,1.0,1.0,0.0,1.0,1.0,1.0,0.0,0.9655770678417493,1.0,0.9417849898580122,0.013280996036874892,0.7727272727272727,1.0,0.0,0.4002163916847487
154,0.0212,0.998,0.0,0.1409709768942906,0.02292000000000001,0.042,0.0,0.00810351397700468,0.9558799999999998,0.99,0.002,0.13785257431364115,0.9795252979390936,0.9998769230769231,0.962756052141527,0.008364543448931602,0.9375755823124244,1.0,0.5,0.14752937714904063,1.0,1.0,1.0,0.0,1.0,1.0,1.0,0.0,0.9664507340842456,0.9998,0.9391480730223124,0.013621930728734197,0.875,1.0,0.0,0.30618621784789724
155,0.0212,0.998,0.0,0.1409709768942906,0.02208000000000001,0.04,0.0,0.008030147277984536,0.9567199999999997,0.99,0.002,0.13797294026329204,0.9798257330001436,1.0,0.9649906890130354,0.00823797269635287,0.943445795588504,1.0,0.47368421052631576,0.14408161886619375,1.0,1.0,1.0,0.0,1.0,1.0,1.0,0.0,0.9669416509863186,1.0,0.9427991886409737,0.013423430726905496,0.8825757575757577,1.0,0.0,0.29842963209146184
156,0.0212,0.998,0.0,0.1409709768942906,0.02104000000000001,0.038,0.0,0.007806224622513936,0.9577599999999995,0.99,0.002,0.13810829232223265,0.9807827574875065,1.0,0.9615145872129113,0.008037119154987333,0.8649875580216136,1.0,0.4117647058823529,0.2095601498906297,1.0,1.0,1.0,0.0,1.0,1.0,1.0,0.0,0.9685116784015239,1.0,0.9371196754563894,0.013087597803312652,0.7386363636363636,1.0,0.0,0.39699220880618535
157,0.0212,0.998,0.0,0.1409709768942906,0.02048000000000001,0.038,0.0,0.007788636411006559,0.9583199999999996,0.99,0.002,0.13819144366436303,0.9812766858847547,0.9998769230769231,0.9641661500309981,0.007996068511783283,0.9767045454545454,1.0,0.6875,0.07737273099848874,1.0,1.0,1.0,0.0,1.0,1.0,1.0,0.0,0.9693211354566524,0.9998,0.941497975708502,0.013027310740664096,0.9545454545454546,1.0,0.5,0.14712247158412492
158,0.0212,0.998,0.0,0.1409709768942906,0.020080000000000008,0.036,0.0,0.007623379720789654,0.9587199999999997,0.99,0.002,0.13824188207335603,0.9813829986517483,1.0,0.9654060756354619,0.008127991688589034,0.8901511415584029,1.0,0.4117647058823529,0.198032549638726,1.0,1.0,1.0,0.0,1.0,1.0,1.0,0.0,0.9694969937994425,1.0,0.9435222672064777,0.013241997640644843,0.7727272727272727,1.0,0.0,0.40021639168474865
159,0.0212,0.998,0.0,0.1409709768942906,0.019520000000000013,0.036,0.0,0.007401709675639067,0.9592799999999997,0.99,0.002,0.13831154422283817,0.9813970047729629,1.0,0.9656114214773432,0.007765853650775456,0.9021019055604035,1.0,0.4444444444444444,0.17830383318616963,1.0,1.0,1.0,0.0,1.0,1.0,1.0,0.0,0.9695189499448535,1.0,0.9438133874239351,0.012650793642758593,0.8257575757575758,1.0,0.0,0.3231674944007046
160,0.02116,0.998,0.0,0.14097566152658106,0.01896000000000001,0.036,0.0,0.0072194747957542325,0.9598799999999997,0.99,0.002,0.13839276258061284,0.9819638788968148,1.0,0.9673494723774053,0.0077616236684432995,0.9505347593582889,1.0,0.4117647058823529,0.16068172334319825,1.0,1.0,1.0,0.0,1.0,1.0,1.0,0.0,0.970448535264173,1.0,0.9466531440162271,0.01264134434821364,0.9090909090909091,1.0,0.0,0.29424494316824984
161,0.02116,0.998,0.0,0.14097566152658106,0.018520000000000012,0.034,0.0,0.007214611025197268,0.9603199999999997,0.99,0.002,0.1384540651742133,0.9821795859236285,0.9998769230769231,0.9641216635630043,0.008032399287760018,0.9240835124702401,1.0,0.4444444444444444,0.17095644015939662,1.0,1.0,1.0,0.0,1.0,1.0,1.0,0.0,0.9708032693616974,0.9998,0.9413793103448276,0.013086250701458932,0.8636363636363636,1.0,0.0,0.31554254795050946
162,0.02116,0.998,0.0,0.14097566152658106,0.01772000000000001,0.034,0.0,0.007239461024024325,0.96112,0.992,0.002,0.13857358466658404,0.9828743916244111,1.0,0.9672253258845438,0.007735633230819142,0.9519632414369256,1.0,0.4444444444444444,0.1351925842329345,1.0,1.0,1.0,0.0,1.0,1.0,1.0,0.0,0.9719433246167963,1.0,0.9464503042596348,0.012602280877465028,0.9090909090909091,1.0,0.0,0.2505405411716091
163,0.02116,0.998,0.0,0.14097566152658106,0.01724000000000001,0.032,0.0,0.006820018552850462,0.9615999999999998,0.992,0.002,0.13861943203885776,0.9830291119514257,1.0,0.9680495356037152,0.007414035671028054,0.9553168989667845,1.0,0.5652173913043478,0.12649775039052022,1.0,1.0,1.0,0.0,1.0,1.0,1.0,0.0,0.9721942897623079,1.0,0.9478787878787879,0.012074223351635166,0.9204545454545454,1.0,0.0,0.23637092063367718
164,0.02116,0.998,0.0,0.14097566152658106,0.01648000000000001,0.032,0.0,0.006755919551000575,0.9623599999999999,0.992,0.002,0.13872638758449995,0.98335245318156,1.0,0.9697832817337462,0.007403764973229779,0.9583694083694083,1.0,0.6,0.1103504160394127,1.0,1.0,1.0,0.0,1.0,1.0,1.0,0.0,0.9727258372643517,1.0,0.9507070707070707,0.012059587304691883,0.9090909090909091,1.0,0.0,0.2505405411716091
165,0.02116,0.998,0.0,0.14097566152658106,0.01616000000000001,0.032,0.0,0.00662512225532172,0.9626799999999998,0.992,0.002,0.13876811372846107,0.9836320547337485,0.9998769230769231,0.9663980161190329,0.007452104816312531,0.9742562929061784,1.0,0.5652173913043478,0.09556067387149626,1.0,1.0,1.0,0.0,1.0,1.0,1.0,0.0,0.9731842390700177,0.9998,0.9451417004048583,0.012138535042358931,0.9431818181818182,1.0,0.0,0.21728599463196765
166,0.02116,0.998,0.0,0.14097566152658106,0.015640000000000008,0.032,0.0,0.006346331094998664,0.9632,0.992,0.002,0.1388295093020977,0.9840515719277481,1.0,0.9696218226906386,0.007368318257305389,0.9891774891774893,1.0,0.7619047619047619,0.0507620753227644,1.0,1.0,1.0,0.0,1.0,1.0,1.0,0.0,0.9738722061927095,1.0,0.9504048582995951,0.012007306532572794,0.9772727272727273,1.0,0.5,0.10660035817780521
167,0.02116,0.998,0.0,0.14097566152658106,0.015120000000000008,0.032,0.0,0.006339510056392532,0.9637200000000001,0.992,0.002,0.13890769802796593,0.9840353269397444,1.0,0.9689164086687306,0.0073853667650606485,0.9410774410774411,1.0,0.4444444444444444,0.16550016667086154,1.0,1.0,1.0,0.0,1.0,1.0,1.0,0.0,0.9738468573670912,1.0,0.9492929292929293,0.012031517499190502,0.8863636363636364,1.0,0.0,0.30596522451860214
168,0.02116,0.998,0.0,0.14097566152658106,0.014640000000000009,0.028,0.0,0.005889319284319119,0.9641999999999998,0.992,0.002,0.13896013229465112,0.9843808339720789,1.0,0.9650340979541228,0.007315986444983691,0.9330116523792413,1.0,0.5454545454545454,0.15057473200234936,1.0,1.0,1.0,0.0,1.0,1.0,1.0,0.0,0.9744117333354144,1.0,0.942914979757085,0.011913965170697123,0.8636363636363636,1.0,0.0,0.31554254795050946
169,0.02116,0.998,0.0,0.14097566152658106,0.014280000000000008,0.028,0.0,0.005883355976908112,0.9645599999999998,0.992,0.002,0.1390158058844903,0.9847225779529621,1.0,0.9701177929324241,0.007360533042850445,0.9558080808080809,1.0,0.4444444444444444,0.14463232868845,1.0,1.0,1.0,0.0,1.0,1.0,1.0,0.0,0.9749744552741549,1.0,0.9512145748987855,0.011992510542257851,0.9318181818181818,1.0,0.0,0.23378126454803785
170,0.02116,0.998,0.0,0.14097566152658106,0.014000000000000007,0.028,0.0,0.0057852733518047395,0.9648399999999999,0.992,0.002,0.13905399920130868,0.9844694737992961,1.0,0.9691258524488531,0.007827656825515053,0.926916896235078,1.0,0.4444444444444444,0.16160132994509752,1.0,1.0,1.0,0.0,1.0,1.0,1.0,0.0,0.9745636947994796,1.0,0.9495951417004048,0.012752469864203166,0.8522727272727273,1.0,0.0,0.31489880185744656
171,0.02116,0.998,0.0,0.14097566152658106,0.013440000000000007,0.028,0.0,0.00564298372371589,0.9653999999999995,0.992,0.002,0.13913156304999488,0.9849860870584063,1.0,0.9702417854928704,0.007124629461367355,0.9350503297871718,1.0,0.4444444444444444,0.15562912211463542,1.0,1.0,1.0,0.0,1.0,1.0,1.0,0.0,0.9754053024291127,1.0,0.951417004048583,0.011606836363592535,0.875,1.0,0.0,0.30618621784789724
172,0.02116,0.998,0.0,0.14097566152658106,0.013000000000000006,0.028,0.0,0.005558593273812491,0.9658399999999996,0.994,0.002,0.1391923291341729,0.9855198141924908,1.0,0.9704897706137632,0.0072089778422661805,0.9880382775119617,1.0,0.7368421052631579,0.05610545167252907,1.0,1.0,1.0,0.0,1.0,1.0,1.0,0.0,0.9762824661380098,1.0,0.9518218623481781,0.011742755742654497,0.9772727272727273,1.0,0.5,0.10660035817780521
173,0.02116,0.998,0.0,0.14097566152658106,0.012560000000000007,0.028,0.0,0.0055555083898224614,0.9662799999999997,0.996,0.002,0.13925340870777522,0.9858506971932003,1.0,0.966769993800372,0.007286038982616705,0.9825174825174826,1.0,0.6153846153846154,0.08200027552138862,1.0,1.0,1.0,0.0,1.0,1.0,1.0,0.0,0.9768237835973157,1.0,0.945748987854251,0.011872609992167965,0.9545454545454546,1.0,0.0,0.21320071635561041
174,0.02116,0.998,0.0,0.14097566152658106,0.012240000000000006,0.028,0.0,0.005534898557409732,0.9665999999999997,0.996,0.002,0.1392980946878796,0.9864020779607785,1.0,0.9671419714817111,0.007155962056462565,0.9183501683501682,1.0,0.4444444444444444,0.18959985599295642,1.0,1.0,1.0,0.0,1.0,1.0,1.0,0.0,0.9777274759773836,1.0,0.9463562753036437,0.011663858587850257,0.8409090909090909,1.0,0.0,0.3581155585097544
175,0.02116,0.998,0.0,0.14097566152658106,0.011640000000000006,0.026,0.0,0.005122021284689895,0.9671999999999996,0.996,0.002,0.13937059684634387,0.9861481234110729,1.0,0.9714817110973342,0.007248330323352772,0.9094974005261086,1.0,0.36507936507936506,0.18881441663618365,1.0,1.0,1.0,0.0,1.0,1.0,1.0,0.0,0.9773118220259596,1.0,0.9534412955465587,0.011817924637374218,0.8409090909090909,1.0,0.0,0.3231674944007045
176,0.02116,0.998,0.0,0.14097566152658106,0.011440000000000006,0.024,0.0,0.004916278665654272,0.9673999999999995,0.996,0.002,0.1393918277111433,0.986361543927827,1.0,0.972101673899566,0.007153304456776613,0.9891774891774893,1.0,0.7619047619047619,0.05076207532276441,1.0,1.0,1.0,0.0,1.0,1.0,1.0,0.0,0.9776630080341701,1.0,0.9544534412955465,0.011658674290253171,0.9772727272727273,1.0,0.5,0.10660035817780521
177,0.02116,0.998,0.0,0.14097566152658106,0.010920000000000006,0.024,0.0,0.004681008089577914,0.9679199999999994,0.996,0.002,0.13946191638741015,0.9867398396852259,1.0,0.9727216367017979,0.006724055669002277,0.9820574162679425,1.0,0.7368421052631579,0.0615213854073784,1.0,1.0,1.0,0.0,1.0,1.0,1.0,0.0,0.9782820339262277,1.0,0.9554655870445344,0.01095512309205677,0.9659090909090909,1.0,0.5,0.11689063227401893
178,0.02116,0.998,0.0,0.14097566152658106,0.010640000000000005,0.024,0.0,0.004632449874173998,0.9681999999999996,0.996,0.002,0.13950129836276778,0.9864674074573165,1.0,0.9747055176689399,0.007093763166581862,0.9652410986143043,1.0,0.5454545454545454,0.11468898709567552,1.0,1.0,1.0,0.0,1.0,1.0,1.0,0.0,0.9778376806751606,1.0,0.9587044534412955,0.011563953526272418,0.9318181818181818,1.0,0.0,0.23378126454803785
179,0.02116,0.998,0.0,0.14097566152658106,0.010160000000000004,0.022,0.0,0.0046218646294608435,0.9686799999999998,0.996,0.002,0.1395693727001679,0.9869008990089313,1.0,0.9725976441413515,0.007441571932532818,0.9402226671963515,1.0,0.6153846153846154,0.12267599514648764,1.0,1.0,1.0,0.0,1.0,1.0,1.0,0.0,0.9785474413691361,1.0,0.9552631578947368,0.012134152402399208,0.875,1.0,0.0,0.2644626177562269
180,0.02116,0.998,0.0,0.14097566152658106,0.010080000000000004,0.02,0.0,0.004498707297317617,0.9687599999999997,0.996,0.002,0.13957655495776342,0.9875024475350976,1.0,0.9732176069435834,0.006594268267943074,0.9747474747474747,1.0,0.4444444444444444,0.11844484241978359,1.0,1.0,1.0,0.0,1.0,1.0,1.0,0.0,0.9795310433859199,1.0,0.9562753036437247,0.010748047582886507,0.9545454545454546,1.0,0.0,0.21320071635561041
181,0.02116,0.998,0.0,0.14097566152658106,0.009840000000000005,0.02,0.0,0.004253977730385086,0.9689999999999996,0.996,0.002,0.1396013274014431,0.9874025789124227,1.0,0.9752014879107254,0.006488288327380986,0.96900826446281,1.0,0.5454545454545454,0.10626421115819902,1.0,1.0,1.0,0.0,1.0,1.0,1.0,0.0,0.9793672820764695,1.0,0.9595141700404858,0.010575747885476248,0.9318181818181818,1.0,0.0,0.23378126454803785
182,0.02116,0.998,0.0,0.14097566152658106,0.009480000000000006,0.02,0.0,0.004175927124237057,0.9693599999999997,0.996,0.002,0.13965347201161152,0.9876768462615229,1.0,0.9745499689633768,0.006449634702178721,0.9590909090909091,1.0,0.5,0.1333062743105619,1.0,1.0,1.0,0.0,1.0,1.0,1.0,0.0,0.9798166087640954,1.0,0.9584178498985801,0.010511602561959967,0.9090909090909091,1.0,0.0,0.29424494316824984
183,0.02116,0.998,0.0,0.14097566152658106,0.009400000000000006,0.02,0.0,0.004223355856884138,0.9694399999999996,0.996,0.002,0.13966668192814036,0.9877778322847826,1.0,0.9735895846249225,0.006683521976304126,1.0,1.0,1.0,0.0,1.0,1.0,1.0,0.0,1.0,1.0,1.0,0.0,0.9799833700972465,1.0,0.9568825910931175,0.010897699645195446,1.0,1.0,1.0,0.0
184,0.02116,0.998,0.0,0.14097566152658106,0.009080000000000005,0.018,0.0,0.004318162874677714,0.9697599999999997,0.996,0.002,0.13971612035020972,0.9879710079866324,1.0,0.9753254804711717,0.006595258238959755,0.9700956937799042,1.0,0.7368421052631579,0.08051716434700057,1.0,1.0,1.0,0.0,1.0,1.0,1.0,0.0,0.9803010918148424,1.0,0.9597165991902834,0.010751721599051745,0.9431818181818182,1.0,0.5,0.15298261225930107
185,0.02116,0.998,0.0,0.14097566152658106,0.008760000000000004,0.018,0.0,0.004138224010271033,0.9700799999999998,0.996,0.002,0.13975895283651485,0.9881406198266869,1.0,0.976536312849162,0.006589048397628077,0.9368333686515505,1.0,0.5,0.14457851179367398,1.0,1.0,1.0,0.0,1.0,1.0,1.0,0.0,0.9805790564569352,1.0,0.9616632860040568,0.010745628704410442,0.8636363636363636,1.0,0.0,0.3155425479505094
186,0.02116,0.998,0.0,0.14097566152658106,0.008560000000000005,0.018,0.0,0.004141181927312785,0.9702799999999999,0.998,0.002,0.13978818378722363,0.9879807979293289,1.0,0.975077495350279,0.00640015107046552,0.9915824915824917,1.0,0.8148148148148149,0.03948161413992786,1.0,1.0,1.0,0.0,1.0,1.0,1.0,0.0,0.9803142962849739,1.0,0.9593117408906883,0.01043259476589837,0.9772727272727273,1.0,0.5,0.10660035817780521
187,0.02116,0.998,0.0,0.14097566152658106,0.008360000000000005,0.018,0.0,0.0040545263192473405,0.97048,0.998,0.002,0.13981653284623694,0.9882721308097245,1.0,0.9747055176689399,0.007031890965672842,0.9572649572649573,1.0,0.4444444444444444,0.14081273009366052,1.0,1.0,1.0,0.0,1.0,1.0,1.0,0.0,0.9807964503417124,1.0,0.9587044534412955,0.011471375696634475,0.9090909090909091,1.0,0.0,0.29424494316824984
188,0.02116,0.998,0.0,0.14097566152658106,0.008040000000000005,0.018,0.0,0.004070601419737302,0.9708,0.998,0.002,0.13986524126560435,0.9884428603760128,1.0,0.9744575325480471,0.00695164725616099,0.9699065756378009,1.0,0.5652173913043478,0.10253113283514599,1.0,1.0,1.0,0.0,1.0,1.0,1.0,0.0,0.9810774068661875,1.0,0.9582995951417004,0.011339908855648846,0.9318181818181818,1.0,0.0,0.23378126454803785
189,0.02116,0.998,0.0,0.14097566152658106,0.007960000000000005,0.018,0.0,0.00403029345161397,0.9708799999999997,0.998,0.002,0.13987467276684745,0.988388906699291,1.0,0.9765654060756355,0.006791906208344442,0.9455856643356644,1.0,0.5,0.14316906518010333,1.0,1.0,1.0,0.0,1.0,1.0,1.0,0.0,0.9809873333454449,1.0,0.9617408906882591,0.01107864806182562,0.8863636363636364,1.0,0.0,0.3059652245186021
190,0.02112,0.998,0.0,0.14098091345704802,0.007640000000000004,0.018,0.0,0.0040343423711116716,0.97124,0.998,0.002,0.13992528035216745,0.9889334595587599,1.0,0.9756037151702787,0.006704423419129231,0.9627857522594364,1.0,0.4444444444444444,0.12862389759872925,1.0,1.0,1.0,0.0,1.0,1.0,1.0,0.0,0.9818805169411051,1.0,0.9602020202020202,0.01093657452946677,0.9318181818181818,1.0,0.0,0.23378126454803783
191,0.02112,0.998,0.0,0.14098091345704802,0.007400000000000005,0.018,0.0,0.003943478211954932,0.9714800000000001,0.998,0.002,0.13995906690230278,0.9886527593428156,1.0,0.9765654060756355,0.006707556280118649,0.9687666135034557,1.0,0.4444444444444444,0.12041465208944985,1.0,1.0,1.0,0.0,1.0,1.0,1.0,0.0,0.9814191079954587,1.0,0.9617408906882591,0.010941797747546791,0.9431818181818182,1.0,0.0,0.21728599463196763
192,0.02112,0.998,0.0,0.14098091345704802,0.007200000000000004,0.018,0.0,0.0038756171332144386,0.9716800000000001,0.998,0.002,0.13998679821136487,0.9890622115741702,1.0,0.9743335399876007,0.0065278535627390005,0.9745553359683794,1.0,0.5652173913043478,0.09522340558997028,1.0,1.0,1.0,0.0,1.0,1.0,1.0,0.0,0.9820905031655373,1.0,0.9580971659919029,0.010648404549245623,0.9431818181818182,1.0,0.0,0.21728599463196765
193,0.02112,0.998,0.0,0.14098091345704802,0.007040000000000004,0.018,0.0,0.0038383669997135235,0.9718399999999998,0.998,0.002,0.14000865279382863,0.9882459505496449,1.0,0.9755734655920645,0.0065705963042159,0.9727272727272728,1.0,0.6,0.09351250581921514,1.0,1.0,1.0,0.0,1.0,1.0,1.0,0.0,0.9807522303590994,1.0,0.9601214574898785,0.010710738948533395,0.9318181818181818,1.0,0.0,0.23378126454803783
194,0.02112,0.998,0.0,0.14098091345704802,0.006920000000000004,0.018,0.0,0.003773376120523738,0.9719599999999998,0.998,0.002,0.14002419032992486,0.9893433251209917,0.9998769230769231,0.9747055176689399,0.0063536552134842075,0.9597902097902099,1.0,0.5,0.13135897653650924,1.0,1.0,1.0,0.0,1.0,1.0,1.0,0.0,0.9825503455129051,0.9998,0.9587044534412955,0.010361274593584319,0.9090909090909091,1.0,0.0,0.29424494316824984
195,0.02112,0.998,0.0,0.14098091345704802,0.006800000000000004,0.018,0.0,0.003896623341995959,0.9720799999999999,0.998,0.002,0.140043701633979,0.9894246370468964,1.0,0.9773093614383137,0.006917643145537532,0.9918831168831168,1.0,0.8214285714285714,0.03807155649207329,1.0,1.0,1.0,0.0,1.0,1.0,1.0,0.0,0.9826878365659497,1.0,0.9629554655870445,0.011293295554029638,0.9886363636363636,1.0,0.75,0.053300179088902604
196,0.02112,0.998,0.0,0.14098091345704802,0.006600000000000003,0.016,0.0,0.003686710828732554,0.9722799999999998,0.998,0.002,0.14006646235823556,0.9890029916948764,1.0,0.9785492870427774,0.006393570605497687,0.9880382775119617,1.0,0.7368421052631579,0.05610545167252907,1.0,1.0,1.0,0.0,1.0,1.0,1.0,0.0,0.9819941335375598,1.0,0.9649797570850203,0.010426914033602491,0.9772727272727273,1.0,0.5,0.10660035817780521
197,0.02112,0.998,0.0,0.14098091345704802,0.006400000000000004,0.016,0.0,0.0036365491603879588,0.9724799999999998,0.998,0.002,0.1400935897089907,0.9892756281146852,1.0,0.9770897832817338,0.006639058044244132,0.9880382775119617,1.0,0.7368421052631579,0.056105451672529075,1.0,1.0,1.0,0.0,1.0,1.0,1.0,0.0,0.9824416908881405,1.0,0.9626262626262626,0.010830623731436428,0.9772727272727273,1.0,0.5,0.10660035817780521
198,0.02112,0.998,0.0,0.14098091345704802,0.006160000000000003,0.016,0.0,0.003541935363956968,0.9727199999999999,0.998,0.002,0.14012808135300173,0.9896450994623668,1.0,0.9769373837569746,0.006959147670456802,0.981060606060606,1.0,0.5833333333333334,0.08883363181483767,1.0,1.0,1.0,0.0,1.0,1.0,1.0,0.0,0.983050117496322,1.0,0.9623481781376518,0.011360498645318944,0.9772727272727273,1.0,0.5,0.10660035817780521
199,0.02112,0.998,0.0,0.14098091345704802,0.005840000000000003,0.014,0.0,0.0034955365124976286,0.97304,0.998,0.002,0.1401737930031786,0.9899175743138875,1.0,0.9769373837569746,0.006726851982969741,0.9453032347769191,1.0,0.4444444444444444,0.1480033545605502,1.0,1.0,1.0,0.0,1.0,1.0,1.0,0.0,0.9834946047949353,1.0,0.9623481781376518,0.010980595135139482,0.8863636363636364,1.0,0.0,0.3059652245186021
200,0.02112,0.998,0.0,0.14098091345704802,0.005680000000000003,0.014,0.0,0.0034371321695594436,0.9732,0.998,0.002,0.14019519919580348,0.9899824862475042,1.0,0.97606943583385,0.006516489832809456,0.9943181818181818,1.0,0.875,0.026650089544451302,1.0,1.0,1.0,0.0,1.0,1.0,1.0,0.0,0.9836010536094076,1.0,0.9609311740890688,0.010637829884416082,0.9886363636363636,1.0,0.75,0.053300179088902604
