day,s_mean,s_max,s_min,s_std,i_mean,i_max,i_min,i_std,r_mean,r_max,r_min,r_std,edgecount1_mean,edgecount1_max,edgecount1_min,edgecount1_std,suscedgecount1_mean,suscedgecount1_max,suscedgecount1_min,suscedgecount1_std,edgecount2_mean,edgecount2_max,edgecount2_min,edgecount2_std,suscedgecount2_mean,suscedgecount2_max,suscedgecount2_min,suscedgecount2_std
1,0.9974399999999997,0.998,0.994,0.001145710723186485,0.0024800000000000017,0.006,0.0,0.0011109841197270618,8e-05,0.002,0.0,0.00039589732744431475,0.9999967674155488,1.0,0.9998383707774365,2.2857823862502526e-05,0.9999986123638382,1.0,0.9999306181919101,9.812069398271589e-06,0.9999840030554452,1.0,0.9995988768551946,7.916471589011982e-05,0.999995537706381,1.0,0.9997768853190541,3.1553180775825706e-05
2,0.9968,0.998,0.992,0.0016659862556700938,0.003120000000000002,0.008,0.0,0.001673807830385921,8e-05,0.002,0.0,0.00039589732744431475,0.9999870670483578,1.0,0.9996767415548731,5.503676516496684e-05,0.9999942809505272,1.0,0.999860956618465,2.4125420997539266e-05,0.9999598947239946,1.0,0.9992019154030327,0.00014584849391368745,0.9999877142845811,1.0,0.9997053025222039,5.3150499906054965e-05
3,0.9956799999999997,0.998,0.988,0.002436457783466046,0.004160000000000002,0.012,0.0,0.0023849870576810525,0.00016,0.002,0.0,0.0005480950312357394,0.9999774064808293,1.0,0.9993534831097463,9.79668243449673e-05,0.9999902700837522,1.0,0.9997276175807878,4.159991960392431e-05,0.999855614078767,1.0,0.9987966305655837,0.00030056898589796355,0.999935811802342,1.0,0.9994166899408835,0.0001397492060865125
4,0.9943599999999997,0.998,0.982,0.0034920317458874595,0.005360000000000003,0.016,0.0,0.0034390316624756754,0.00028000000000000003,0.004,0.0,0.0008091315576289311,0.9999677468828062,1.0,0.9993534831097463,0.00010810086705757176,0.9999864815177614,1.0,0.9997270650809517,4.5432464792717905e-05,0.9997436955421987,1.0,0.9984051036682615,0.00041074323318880603,0.9998862952999734,1.0,0.9993383560320679,0.00018396931882604765
5,0.9927999999999997,0.998,0.98,0.004462999814803814,0.006720000000000004,0.018,0.0,0.004440261069728551,0.0004800000000000002,0.004,0.0,0.0010349011586442763,0.9999256682331529,1.0,0.998868595442056,0.00019937073959810938,0.9999670216011926,1.0,0.99945855642356,9.119646033153892e-05,0.9995671218741875,1.0,0.9972078181092939,0.0006772390664126878,0.9998084847601512,1.0,0.9988174427198817,0.0002960029011378304
6,0.9911999999999999,0.998,0.972,0.00593845991166471,0.008160000000000004,0.022,0.0,0.005740511247942565,0.0006400000000000003,0.006,0.0,0.001305561103862384,0.9998581617395925,1.0,0.9987069662194925,0.0002933485603567018,0.9999353919209275,1.0,0.9993589614649261,0.00013832281576275348,0.9991894898215541,1.0,0.9940167530913442,0.0013139620691930616,0.999638726363473,1.0,0.9974006346251257,0.0005844947449105664
7,0.9885199999999997,0.998,0.964,0.008425520028763915,0.010520000000000005,0.034,0.0,0.008199651560541199,0.0009600000000000003,0.006,0.0,0.0016283207827171439,0.9996454813659195,1.0,0.9956360109907871,0.0008516312413629889,0.9998294226297579,1.0,0.9977649946621383,0.000422371304634827,0.9984115404428715,1.0,0.9856402074192262,0.002586215990152398,0.9992465728500299,1.0,0.993259382959201,0.0012360684460010866
8,0.9857199999999996,0.998,0.956,0.010721026451010411,0.013080000000000007,0.044,0.0,0.010405728406674345,0.0012000000000000003,0.008,0.0,0.0019378085666072195,0.9991983019026714,1.0,0.9915952804267012,0.0017814752455792243,0.999607111978975,1.0,0.9958303705715126,0.0008843791946477114,0.997852616705902,1.0,0.981651376146789,0.0033152812612446602,0.9989867695781897,1.0,0.9912012300674342,0.0015929923086734435
9,0.9821999999999994,0.998,0.948,0.012944150045799224,0.016400000000000012,0.052,0.0,0.01277114093635829,0.0014000000000000004,0.008,0.0,0.0019483116709979793,0.9985356150375927,1.0,0.9865847745272345,0.00282782830798877,0.9992828664205127,1.0,0.9933386991929548,0.001406270183960106,0.9966394517937427,1.0,0.9740725967291584,0.004672683540034293,0.9984209474871064,1.0,0.9876966389756027,0.002213418226950041
10,0.9772399999999999,0.998,0.934,0.01686387274861955,0.02112000000000001,0.066,0.0,0.01675835460239435,0.0016400000000000004,0.008,0.0,0.0022384396898058163,0.9971604399885595,1.0,0.9756804638428088,0.004836211922125888,0.9985832442107261,1.0,0.9876528422853925,0.0024486248095215318,0.9944530191856756,1.0,0.957718388512166,0.007637790825223948,0.9973983592477343,1.0,0.979031428583026,0.0036982660511024387
11,0.9728399999999999,0.998,0.922,0.019592126698534506,0.024680000000000014,0.078,0.0,0.018894378820707713,0.0024800000000000013,0.01,0.0,0.002541412109478524,0.9960256539218735,1.0,0.9713916276062712,0.006031373477961336,0.9979918478455727,1.0,0.9851640512763197,0.0030912330042880266,0.9927725135058871,1.0,0.9597128041483846,0.00909623925935058,0.9965923960401507,1.0,0.9799098603735076,0.0043971249903438534
12,0.9664799999999998,0.998,0.906,0.02456664405245452,0.030480000000000017,0.09,0.0,0.023489676412398356,0.0030400000000000015,0.012,0.0,0.002806406664641982,0.9933210171601533,1.0,0.9621787619201552,0.00976604812518647,0.9965742155186618,1.0,0.9797349802363382,0.005120969028445088,0.989454534375358,1.0,0.9417630634224172,0.013046857008567314,0.9949080687483611,1.0,0.969944553641314,0.006559329769399264
13,0.9589599999999997,0.998,0.896,0.029255357088358146,0.03740000000000002,0.1,0.0,0.027869228147744247,0.003640000000000002,0.016,0.0,0.003538476554469538,0.9896640431767193,1.0,0.9447576099210823,0.014070507191526605,0.9946102411131289,1.0,0.9700744898907708,0.00755942035176623,0.9848944657192658,1.0,0.9222177901874751,0.018013189036328214,0.9925639440031957,1.0,0.9593261726061268,0.009273479097860898
14,0.9503999999999998,0.998,0.862,0.03558720246931242,0.045160000000000006,0.132,0.0,0.03393412586113253,0.004440000000000002,0.016,0.0,0.0038394302298382656,0.9847181566973852,1.0,0.922853921726526,0.020189949369328067,0.9918771541139038,1.0,0.9567309348222823,0.011165526309005434,0.9794478457820412,1.0,0.9014758675708018,0.023959149121825493,0.9895983380413026,1.0,0.9459411358341405,0.012814939708967172
15,0.9404,0.998,0.836,0.041969862851278204,0.05416000000000001,0.154,0.0,0.039376445875623646,0.005440000000000003,0.018,0.0,0.004314947915120654,0.9783950587441717,1.0,0.902077629247866,0.025621740608277276,0.9882693465371588,1.0,0.942319468893814,0.014614018768952849,0.9724544922388376,1.0,0.8763462305544475,0.029845401547823502,0.9857671059327714,1.0,0.9297021113166404,0.016397750093429427
16,0.9296800000000001,0.998,0.816,0.04790187248694044,0.06344,0.164,0.0,0.04429592509014612,0.006880000000000004,0.02,0.0,0.005113567387702194,0.9719269650116865,1.0,0.8891931067804799,0.030070987376704418,0.9844583559790202,1.0,0.9321504188554403,0.017582234939152196,0.9644645376517892,1.0,0.8595931392102114,0.035108267674700384,0.9813405289701329,1.0,0.9170248865303842,0.01980328841598461
17,0.9167599999999997,0.998,0.796,0.05513603214610501,0.07488,0.184,0.0,0.05094880984370288,0.008360000000000005,0.024,0.0,0.006163619397856477,0.9629060982386267,1.0,0.8782010243277849,0.03574187366282449,0.9790478315339826,1.0,0.9237106471617048,0.02132393148770752,0.9542718491434576,1.0,0.8420422816114879,0.0419858557560591,0.9753396932958771,1.0,0.903377845317711,0.024300662412364647
18,0.9030400000000001,0.998,0.772,0.0630014447518176,0.08696000000000001,0.206,0.0,0.057745734006230856,0.010000000000000007,0.03,0.0,0.007362342129557214,0.9531737207163906,1.0,0.865039599159528,0.04153262811242078,0.9729120167043156,1.0,0.9141008647592666,0.025442759551383535,0.9431535449853703,1.0,0.8189070602313522,0.049405871263972376,0.9687098536180188,1.0,0.8854997995092879,0.029353985039168664
19,0.8895599999999999,0.998,0.746,0.0695927394758613,0.09803999999999999,0.22,0.0,0.06267048910038626,0.012400000000000007,0.036,0.0,0.008980704940286693,0.9443430393161384,1.0,0.8572813964764829,0.04567765693910106,0.967123906605401,1.0,0.9055198003117739,0.028664993113411707,0.9330280135045276,1.0,0.8037495013960909,0.054864238224065186,0.9624136675663497,1.0,0.8703264479092632,0.033336467506928695
20,0.8728800000000002,0.998,0.732,0.07621897562220288,0.11244,0.242,0.0,0.06843353993295322,0.014680000000000009,0.044,0.002,0.009677324642942282,0.9335261440660382,1.0,0.8456440924519153,0.04992520619761171,0.9597934726774663,1.0,0.8958738194552536,0.032288522438416324,0.9197304677219291,1.0,0.7914963205233033,0.060854899563529144,0.9536761623631677,1.0,0.8622883981864847,0.038081747709129976
21,0.8544399999999999,0.998,0.698,0.08508271125852798,0.12864000000000003,0.274,0.0,0.07622034652564755,0.01692000000000001,0.052,0.002,0.010985779305027728,0.9217281612140417,1.0,0.829319540973008,0.05459695247583151,0.9511818011263914,1.0,0.8780468241589162,0.036828669876495294,0.9042208864759274,1.0,0.7694194603434178,0.06808358371127612,0.9427530737737054,1.0,0.8357337935945988,0.04472226533295943
22,0.8346399999999998,0.998,0.664,0.09431552775397167,0.1446,0.302,0.0,0.08278543695257379,0.020760000000000015,0.066,0.002,0.013259667247340862,0.9109166294127653,1.0,0.8199450460643284,0.057325851141228346,0.9426205367505714,1.0,0.8643924469593558,0.04052359627652074,0.8905615832287438,1.0,0.750204415372036,0.0730553631936803,0.9323070434576433,1.0,0.8132500850149307,0.05049289485419602
23,0.8135199999999999,0.998,0.64,0.10295515964709678,0.16216,0.314,0.0,0.08961581493081613,0.024320000000000012,0.074,0.002,0.01507185510567729,0.8996429421961311,1.0,0.814288023274608,0.06011167450270175,0.9332453629345457,1.0,0.855189582307871,0.044439850447500165,0.8742682806099938,1.0,0.7469337694194603,0.07758445238578829,0.9195673794192483,1.0,0.8044926806178471,0.056028360085015966
24,0.7919999999999999,0.998,0.608,0.11115277223492989,0.17996,0.35,0.0,0.09654817133304545,0.028040000000000016,0.08,0.002,0.016494847680412206,0.8890402806444135,1.0,0.801034427024406,0.06197848454444468,0.9237093829106819,1.0,0.8349377069135578,0.04802757015314483,0.8593758595151557,1.0,0.7297628781684382,0.08155942184055835,0.9067176865365486,1.0,0.7785619624833868,0.06187385734507273
25,0.7716799999999996,0.998,0.576,0.11981098038330278,0.1960799999999999,0.368,0.0,0.10231281364880301,0.03224000000000002,0.086,0.002,0.019317497619663736,0.8800906793171657,1.0,0.7989332471310813,0.0632476586245127,0.9147600811303717,1.0,0.8231465098469243,0.05133792936221425,0.8471241202292608,1.0,0.7273098937040066,0.08364080935402603,0.895038715659108,1.0,0.7649064508661225,0.06649641288440318
26,0.7494799999999999,0.998,0.534,0.12715718057360573,0.21375999999999998,0.406,0.0,0.1076719431743422,0.03676000000000002,0.094,0.002,0.02168377555798297,0.8705662020197771,1.0,0.79182156133829,0.06392606582238627,0.9047439410319912,1.0,0.8030230620736326,0.05427520127088916,0.833992165404247,1.0,0.7117743254292723,0.08517512646214848,0.881524520262207,1.0,0.7305369430773822,0.07123940613496389
27,0.7265600000000001,0.998,0.51,0.13470696238237173,0.23203999999999994,0.422,0.0,0.1134076914931078,0.04140000000000001,0.098,0.002,0.023415501580912466,0.8624806782571843,1.0,0.7872845168432706,0.06410979556864335,0.8949121179880857,1.0,0.7917516104056247,0.05721856812592161,0.8228223937452158,1.0,0.7117743254292723,0.08569190745657627,0.8685837175495675,1.0,0.717251059239768,0.07559406147813602
28,0.7046799999999999,0.998,0.484,0.14294774841007535,0.2490799999999999,0.442,0.0,0.1195236873457922,0.04624,0.11,0.002,0.025505949686058644,0.8562054914123045,1.0,0.7857029890874585,0.06467618568925834,0.8856501042663741,1.0,0.7788987778105823,0.060697545258793735,0.8130399188773875,1.0,0.705641864268193,0.08660766776264345,0.8556568802476769,1.0,0.6947404878332328,0.0802379629160068
29,0.68076,0.998,0.462,0.15107986264873016,0.26776000000000005,0.446,0.0,0.125839963153724,0.05148000000000001,0.122,0.002,0.027549762027195484,0.8500654315201327,1.0,0.786810058516527,0.06507115003984729,0.8755347095516294,1.0,0.7785183516334225,0.06402284452112043,0.80387801245925,1.0,0.7162714636140638,0.08752294486253635,0.8416711590140977,1.0,0.6909527309918327,0.0852343869903676
30,0.6586399999999999,0.998,0.446,0.1580015189800402,0.2843200000000001,0.464,0.0,0.13027340794009548,0.05704000000000001,0.122,0.002,0.029914817842176682,0.8455771408938909,1.0,0.7888660445990827,0.06415618023361301,0.8664401975805454,1.0,0.7652910024148996,0.06659591124683965,0.7979957989075703,1.0,0.7174979558462796,0.08617829810144874,0.8300070153945645,1.0,0.6805761309476825,0.08843450026502128
31,0.6336799999999999,0.998,0.406,0.165520260798169,0.3030000000000001,0.486,0.0,0.1347991703480797,0.06331999999999999,0.136,0.002,0.0330950640625777,0.8412971674455721,1.0,0.7883724644625459,0.06313894160617761,0.8561821959092117,1.0,0.7571876782378458,0.06916678163531392,0.7908857144078403,1.0,0.716116504854369,0.08500822266436438,0.8153912700219282,1.0,0.6565143224847125,0.09221052063743329
32,0.6083999999999999,0.998,0.386,0.17237500647467097,0.32188,0.498,0.0,0.13886561408610198,0.06971999999999999,0.148,0.002,0.03602269126140197,0.8380138453571839,1.0,0.789011340041527,0.0620565112208432,0.8459469498278247,1.0,0.7472985828814589,0.0715275629987203,0.785463337498131,1.0,0.7207317073170731,0.08288145797031486,0.8010198362375374,1.0,0.6657258274582503,0.09431823059204004
33,0.5831600000000001,0.998,0.354,0.17844136520528678,0.3397600000000001,0.512,0.0,0.14167029271069745,0.07707999999999998,0.164,0.002,0.03999634677194957,0.8361063681833167,1.0,0.7938064114534703,0.06106694833815758,0.8362361044233779,1.0,0.7434956260963146,0.07312921801292922,0.7809304365396001,1.0,0.7195121951219512,0.08178895703489414,0.7867327267676465,1.0,0.6517990914872638,0.0957727797254529
34,0.5589599999999999,0.998,0.332,0.1839885710736248,0.35576,0.526,0.0,0.1444045564321547,0.08527999999999998,0.172,0.002,0.04323973984705292,0.835584929717443,1.0,0.7917552756420743,0.060179318912658174,0.8270849671966976,1.0,0.7354210267655842,0.07465623716499269,0.7787862721452556,1.0,0.7162601626016261,0.08097239125401486,0.7737845497497604,1.0,0.6374355496056697,0.0983536892778649
35,0.5342800000000001,0.998,0.316,0.19005305811262072,0.37272,0.536,0.0,0.14831062824012176,0.09300000000000001,0.184,0.002,0.04604035496946442,0.8359788460206277,1.0,0.7902830034353018,0.058891766901676565,0.8177967370259921,1.0,0.7294767893004064,0.07658136932108407,0.7780805095709428,1.0,0.7138211382113822,0.0800300770869986,0.7607772664025357,1.0,0.6317446897841831,0.10130512256017854
36,0.5108400000000001,0.998,0.294,0.19639322902830247,0.38744,0.552,0.0,0.15172318510352722,0.10171999999999999,0.196,0.002,0.04892144473645521,0.8383652621676322,1.0,0.7930639620480943,0.05751349146996701,0.8102039000543135,1.0,0.7203666785207413,0.07803481984898318,0.7802224395469769,1.0,0.7195121951219512,0.07850080714805156,0.748978103427556,1.0,0.6236962817971538,0.104020211452688
37,0.48724000000000006,0.998,0.276,0.20198965016928516,0.40252000000000004,0.562,0.0,0.15421681530380849,0.11024,0.204,0.002,0.05191459234125974,0.8408421502807413,1.0,0.7867389225374561,0.05663487954820259,0.8018479017877614,1.0,0.7109689865330685,0.07932632293666869,0.7831320810862686,1.0,0.7164781906300485,0.07703745348110566,0.737728746007212,1.0,0.6081337017852698,0.10604757694522145
38,0.46520000000000006,0.998,0.25,0.20718127722517074,0.4171999999999999,0.576,0.0,0.15711688096991452,0.11759999999999998,0.208,0.002,0.054751386153359484,0.8435126451274733,1.0,0.7861013707363723,0.0557488277126808,0.793327235818229,1.0,0.7027284141487613,0.08107052297999333,0.7860996747526222,1.0,0.7152665589660743,0.07592693697073331,0.7254046370102053,1.0,0.6007266789166823,0.10892533080198764
39,0.44472,0.998,0.23,0.21122104100506964,0.42804000000000025,0.582,0.0,0.15817607858565308,0.12724,0.23,0.002,0.05825053560233744,0.8477470314275871,1.0,0.7884921899904367,0.054745222949232994,0.7874538568377875,1.0,0.6993528005851058,0.08143235418226787,0.7909218960410658,1.0,0.7110933758978452,0.07459047110976638,0.716060010015319,1.0,0.6075628948831938,0.11023362746278391
40,0.4234400000000001,0.998,0.216,0.2155520828202856,0.43996,0.6,0.0,0.15974698872956344,0.13660000000000005,0.234,0.002,0.060675449764147876,0.8530666931749881,1.0,0.7948677080012752,0.052901453088330275,0.7817699613225844,1.0,0.6914751055522933,0.08203241365177241,0.797302498166191,1.0,0.7130885873902634,0.0723022707719282,0.7079350407393166,1.0,0.5853631100865315,0.11104131190198857
41,0.4050800000000001,0.998,0.204,0.21931291967117184,0.44907999999999987,0.612,0.0,0.16078999359666735,0.14584,0.242,0.002,0.0635209623121472,0.8579729026509892,1.0,0.8008763388510224,0.05151883852606761,0.7769092472664145,1.0,0.689681534454876,0.08236972239013372,0.8039762865864079,1.0,0.7230646448523543,0.06991110938017964,0.7012803768465248,1.0,0.5861705040121995,0.11163482629057453
42,0.3864,0.998,0.18,0.223585622552625,0.4578,0.63,0.0,0.16189754885893304,0.15580000000000002,0.254,0.002,0.06673401360197491,0.863525858247166,1.0,0.8020123336579033,0.05010445277723468,0.7721030399546042,1.0,0.686028105520991,0.08280586193535183,0.8114674204357566,1.0,0.7270550678371908,0.06791171909549902,0.6954196593803984,1.0,0.5728542934915484,0.11223390802633669
43,0.3679200000000001,0.998,0.17,0.22743609463508016,0.46651999999999993,0.632,0.0,0.1630078550755347,0.16556,0.264,0.002,0.06996242723412185,0.8696232488798024,1.0,0.8052580331061344,0.04905726048989747,0.7677424219525629,1.0,0.6860197392625764,0.08333847421723455,0.8204368065021035,1.0,0.7314445331205107,0.06561396310383068,0.6906781415121587,1.0,0.5714003768242522,0.11234347749976706
44,0.34968000000000005,0.998,0.158,0.2301734430327509,0.4749599999999999,0.632,0.0,0.1629504694997964,0.17536,0.28,0.002,0.07319578442193825,0.8753766657201163,1.0,0.8047203362431297,0.04783656213528702,0.7636459629162405,1.0,0.6863506487010873,0.0830116518294356,0.8276906427107051,1.0,0.7351263243683781,0.06351015866009928,0.6832741759700017,1.0,0.5687863906590638,0.11343849816524638
45,0.3332,0.998,0.15,0.23259494440607537,0.4811999999999999,0.63,0.0,0.16270168018399156,0.18560000000000007,0.284,0.002,0.07611806082444211,0.8812429873316221,1.0,0.8077360637087599,0.04604101135832767,0.7598124496166637,1.0,0.6832641594124356,0.08296253222432834,0.8349909016955209,1.0,0.732681336593317,0.06161789847975314,0.6779066967941563,1.0,0.563867975419833,0.1134963157883768
46,0.3179199999999999,0.998,0.136,0.23508850612968238,0.48795999999999995,0.628,0.0,0.16319988495394105,0.19411999999999996,0.296,0.002,0.07889586006054992,0.8865886891531157,1.0,0.8038355273850154,0.04510694213904438,0.7562804478748287,1.0,0.679924439001428,0.08312809558823013,0.842398670381864,1.0,0.7416462917685411,0.05974294717220849,0.6729435650882704,1.0,0.5568549746101649,0.11404868469097035
47,0.30272000000000004,0.998,0.126,0.23766680844563612,0.49228,0.63,0.0,0.16285163399204058,0.2050000000000001,0.306,0.002,0.08206443461434089,0.8929109165637688,1.0,0.8055421298533914,0.04373674510742055,0.7540300069267047,1.0,0.6781183773632727,0.08299223061419815,0.850593528998179,1.0,0.7444987775061125,0.05772819559712813,0.669793786185073,1.0,0.5630421865715983,0.11342342244803415
48,0.28715999999999997,0.998,0.112,0.23972436212433304,0.49748000000000003,0.624,0.0,0.16227807326075971,0.21536000000000002,0.32,0.002,0.08529367275621855,0.8992432355515376,1.0,0.8002255517963589,0.04290778783763427,0.7517904777704519,1.0,0.6835773414018291,0.08228671540036928,0.8585998133007571,1.0,0.7417322834645669,0.05684324877486299,0.6654336001652175,1.0,0.5552538439618272,0.11269075063386808
49,0.27371999999999996,0.998,0.104,0.24201804958831188,0.50148,0.616,0.0,0.16229919964091513,0.22480000000000008,0.33,0.002,0.08799350625391138,0.9051960503284403,1.0,0.8013533107781537,0.04192978333390618,0.7507089534002774,1.0,0.690539277571033,0.08161567095175855,0.8664247672928624,1.0,0.7417322834645669,0.0555992001630904,0.6628655016388,1.0,0.5639942183420444,0.11237346405404323
50,0.26072,0.998,0.096,0.24345531710885143,0.5043599999999998,0.622,0.0,0.1614372639884659,0.23492000000000007,0.35,0.002,0.09082677839420147,0.9106813311633172,1.0,0.8039310455936846,0.04079042965718573,0.7490241692639158,1.0,0.6883461117994377,0.08135613659593753,0.8743937136714821,1.0,0.7429133858267717,0.05437898203939443,0.6609770761738232,1.0,0.5648906648906649,0.11146631655619361
51,0.24931999999999996,0.998,0.088,0.24434422356961238,0.5049200000000001,0.624,0.0,0.15989905489120954,0.24576,0.364,0.002,0.09391236905341326,0.9159047782267836,1.0,0.8084420815208635,0.0396298684464572,0.7487718631230241,1.0,0.6907941341203055,0.08039313270755981,0.8818157376972298,1.0,0.7456692913385827,0.052350004324285236,0.6614158161444769,1.0,0.5570575350575352,0.11054106736138467
52,0.23879999999999996,0.998,0.084,0.24569069654210948,0.5049199999999999,0.614,0.0,0.15880071454113648,0.25628,0.372,0.002,0.09643101372568508,0.9210303752558932,1.0,0.8135975511519252,0.03877976295402902,0.7486823627595329,1.0,0.694625449928026,0.07995856059236667,0.8888703694073176,1.0,0.7492125984251968,0.05133430151461102,0.661405842182358,1.0,0.5664149859802033,0.10979973154470854
53,0.22864,0.998,0.076,0.24759725032267008,0.5051999999999999,0.626,0.0,0.15846869258819626,0.26615999999999995,0.382,0.002,0.09938573790015941,0.92632237683674,1.0,0.8185919123570162,0.03763716323385384,0.7490015765021714,1.0,0.6899498427221015,0.0797606417772124,0.8959514361982093,1.0,0.75748031496063,0.05009593269177462,0.6619906896572787,1.0,0.5572225922225922,0.10984881333978028
54,0.21911999999999993,0.998,0.07,0.24840919500546937,0.5046400000000001,0.624,0.0,0.15732064747657562,0.27624000000000004,0.398,0.002,0.10241064995638781,0.9310225083295147,1.0,0.8248751409698727,0.03642791728015366,0.7495987531529604,1.0,0.6921804658839548,0.07908905215893863,0.9021351511292376,1.0,0.7531496062992126,0.04972898289935512,0.6627918410054161,1.0,0.5639573967698968,0.10870102610156084
55,0.21043999999999993,0.998,0.068,0.24951554366534412,0.5032000000000001,0.622,0.0,0.1559937204387617,0.28636,0.41,0.002,0.1053163863056922,0.9355079759592739,1.0,0.8216529724504592,0.036120299851354794,0.7517475461721561,1.0,0.6878858448811657,0.07787381657489151,0.9081440320856164,1.0,0.7559055118110236,0.04937802949456459,0.663887582027228,1.0,0.5680784379967683,0.10778575995391651
56,0.20012,0.998,0.062,0.25062742817796707,0.5032799999999997,0.62,0.0,0.15525923548723802,0.2966,0.422,0.002,0.10790944805526452,0.9404350613532313,1.0,0.8214918640244885,0.0347570237448863,0.7516243403122174,1.0,0.6927905975482751,0.07754964662500367,0.9149804300876769,1.0,0.7531262605889472,0.048584451509636056,0.6636569773160924,1.0,0.5502247197247196,0.10736892252650168
57,0.19199999999999995,0.998,0.056,0.25123466548797985,0.5014,0.612,0.0,0.15417681341861483,0.30659999999999993,0.432,0.002,0.1106465230417318,0.9445312798380955,1.0,0.8156919606895441,0.03391177176343059,0.7536583667954453,1.0,0.6955865135092217,0.07654926738841392,0.9203150212848326,1.0,0.745865268253328,0.04781239833810517,0.663982007928492,1.0,0.5612167594310451,0.10711850674283961
58,0.18404,0.998,0.05,0.2524914191308169,0.4980800000000002,0.61,0.0,0.15285685447235817,0.31788000000000005,0.446,0.002,0.11397701880785675,0.9486492879213679,1.0,0.8090865152247463,0.03363552191267849,0.755788147475578,1.0,0.6989834459119268,0.07563777211734163,0.9265782277306548,1.0,0.7446551028640581,0.04661299174936844,0.6693794071048587,1.0,0.5552432709409454,0.10526429125981548
59,0.17731999999999995,0.998,0.048,0.2529733744156988,0.49532,0.616,0.0,0.15166268156534699,0.32736000000000004,0.464,0.002,0.11647926328540288,0.9520024145110394,1.0,0.8074754309650395,0.03307737050364342,0.7580517300254876,1.0,0.702338627128001,0.07485757047387237,0.9313995108257005,1.0,0.7438483259378782,0.045423432419257545,0.6716059759223256,1.0,0.5495627910101594,0.10389687691973153
60,0.17143999999999998,0.998,0.042,0.2539088829015766,0.49152000000000007,0.608,0.0,0.15073618527420818,0.33704,0.482,0.002,0.11928442428729334,0.9551547213040799,1.0,0.8126309005961012,0.03178920601259985,0.7600110787545838,1.0,0.6992492464864322,0.07455798646920296,0.9361209575853365,1.0,0.7507059298104074,0.043715337395581824,0.6747939944665038,1.0,0.5654424279424279,0.10289787313759763
61,0.16415999999999997,0.998,0.038,0.2548301843525269,0.48896000000000006,0.604,0.0,0.14963806129376012,0.34687999999999997,0.492,0.002,0.1220519528056535,0.9586608974530257,1.0,0.8155308522635734,0.030853988324632847,0.761231118898637,1.0,0.6972316772643788,0.07420205599576962,0.9413187617670363,1.0,0.7559499798305769,0.04205268361084816,0.6786414729747798,1.0,0.5705731606894398,0.10239923315323539
62,0.15868,0.998,0.03,0.25584708762246633,0.48399999999999993,0.602,0.0,0.1485412057171961,0.35731999999999997,0.506,0.002,0.12484740726999828,0.9617342898791947,1.0,0.8200418881907524,0.029709347335333945,0.7634191486593231,1.0,0.6940754167761632,0.07352060729540638,0.9456607911652583,1.0,0.7648245260185559,0.04043479663399066,0.6841193768358954,1.0,0.570867582709688,0.10122006897652369
63,0.15283999999999998,0.998,0.03,0.2571174876374215,0.47975999999999996,0.6,0.0,0.14728489122674282,0.3673999999999999,0.512,0.002,0.1270187194945722,0.9647960865746265,1.0,0.8222974061543419,0.028560120837245514,0.7656568859913194,1.0,0.6908765411847727,0.07318781495290516,0.9500009355670767,1.0,0.7656313029447358,0.03875099544285748,0.6868434512455436,1.0,0.5821033904367238,0.10056886413969156
64,0.1476,0.998,0.026,0.2579568070156597,0.4753599999999999,0.604,0.0,0.14616034806656275,0.37704,0.52,0.002,0.12919799075963423,0.9675570391944912,1.0,0.8306750443048171,0.026928750294484074,0.7677612061993427,1.0,0.6910699708300836,0.0729610940283197,0.9541488629099706,1.0,0.7777329568374345,0.0361511254594142,0.692018398187703,1.0,0.5801401931401932,0.09939194563280478
65,0.14343999999999998,0.998,0.022,0.2585510773364457,0.4680800000000002,0.592,0.0,0.1437985893036308,0.38848000000000016,0.536,0.002,0.1315307428950761,0.9699368164106634,1.0,0.8396971161591751,0.02547879043251673,0.7718169100051167,1.0,0.6941227672921566,0.07200403596151016,0.9573252525061804,1.0,0.7870108914885035,0.034386216233926785,0.6970068296628896,1.0,0.5969595097884571,0.09810045926537034
66,0.1392,0.998,0.02,0.2593520969725937,0.46192000000000016,0.588,0.0,0.14220534735489568,0.39888000000000007,0.546,0.002,0.13417816970166868,0.9724136216053261,1.0,0.8482358627356211,0.024054923364427886,0.7761202736274049,1.0,0.6915606942065419,0.07140483942881617,0.9606017176239335,1.0,0.790641387656313,0.03326341488548835,0.7026133967311243,1.0,0.588507203580733,0.09666494092063774
67,0.13571999999999998,0.998,0.02,0.259892288520943,0.4557999999999999,0.58,0.0,0.14055937811298896,0.4084799999999999,0.554,0.002,0.1365161633549041,0.9742452433155647,1.0,0.8569357177380377,0.022625982312999924,0.7788994006422785,1.0,0.6998840744419987,0.07057631508292049,0.9635039605688246,1.0,0.8059701492537313,0.030874710231977208,0.707403049568124,1.0,0.5783947533947534,0.09562552291136761
68,0.13159999999999994,0.998,0.016,0.2606306323719686,0.45104,0.578,0.0,0.13967907239563887,0.4173600000000001,0.568,0.002,0.13931578576480597,0.9762299185504537,1.0,0.8624134042210407,0.02150958872084921,0.7801567368671168,1.0,0.693726483847662,0.07060395703224188,0.9662975462496651,1.0,0.8144413069786204,0.02939906740042569,0.7089884404749758,1.0,0.5838409674616571,0.0957780884212884
69,0.12843999999999997,0.998,0.016,0.2612613954159586,0.4451600000000002,0.58,0.0,0.13831291940187432,0.42639999999999995,0.572,0.002,0.14127581938483721,0.9780677984802955,1.0,0.8711132592234574,0.019983750767344165,0.7838025547541223,1.0,0.6931333993789014,0.06987115693975493,0.9689064950895552,1.0,0.8249294070189592,0.027284994384422598,0.714106747294997,1.0,0.5980951041295868,0.09566735335236125
70,0.12556,0.998,0.016,0.2617209263037752,0.4387600000000001,0.572,0.0,0.13685976138264414,0.4356800000000001,0.576,0.002,0.14378916538332315,0.979593663027185,1.0,0.8825519574673756,0.018535204338397584,0.7862122443188304,1.0,0.6913376294275068,0.06973665105935918,0.9709500565868787,1.0,0.8370310609116579,0.025685688675607582,0.716335164475042,1.0,0.5767206751581752,0.09534907908714213
71,0.12279999999999998,0.998,0.016,0.2623093671252185,0.43355999999999995,0.57,0.0,0.1355456335538338,0.44364,0.58,0.002,0.14574212059073968,0.9811086845943245,1.0,0.8881907523763493,0.01751258042016187,0.7904095028870703,1.0,0.7027810848337636,0.06855343764968316,0.973045488165057,1.0,0.845502218636547,0.024144280222477135,0.7201606405293692,1.0,0.6068760108938679,0.094346581673015
72,0.11983999999999995,0.998,0.014,0.26292354440803056,0.42783999999999994,0.572,0.0,0.13393866400067497,0.45231999999999994,0.582,0.002,0.14730912104434382,0.9826721594171559,1.0,0.8986628000644433,0.015845502529360345,0.7934776414770558,1.0,0.7127203697560931,0.06776642208764032,0.9753732241186757,1.0,0.8567970956030657,0.022255676994136327,0.7245043540226984,1.0,0.5976548813505335,0.09374448323242071
73,0.11791999999999998,0.998,0.014,0.26329310430679764,0.42144000000000015,0.57,0.0,0.13234589189710733,0.46063999999999994,0.586,0.002,0.1490615213355115,0.9838357643565843,1.0,0.9084904140486547,0.014311757478494783,0.7971449745396222,1.0,0.7186010578060488,0.06708295047818914,0.9771256782710452,1.0,0.8672851956434046,0.02043790406231217,0.731040005604723,1.0,0.6065596684017737,0.09264063620802064
74,0.11579999999999996,0.998,0.014,0.26375939871057347,0.4145999999999999,0.562,0.0,0.13068375912086086,0.4696000000000001,0.602,0.002,0.15143989176015193,0.9850009717411626,1.0,0.9134847752537457,0.013400415755084483,0.8013916890093156,1.0,0.7195363265353951,0.06672155953176173,0.9788654371080883,1.0,0.8773699072206534,0.01891529212250228,0.738064924975886,1.0,0.6170859841912474,0.09246714671484457
75,0.11383999999999998,0.998,0.012,0.26427037484441607,0.40896,0.566,0.0,0.12937415443872355,0.4771999999999999,0.606,0.002,0.15359209163314658,0.9861067253347454,1.0,0.9179958111809248,0.012767938388244006,0.8060450146333661,1.0,0.7195967229845517,0.06618022921792369,0.98024650961695,1.0,0.8810004033884631,0.01835347584925447,0.7432096892095165,1.0,0.6057498873675344,0.09207478806084224
76,0.11175999999999997,0.998,0.01,0.26483191126540967,0.40304,0.552,0.0,0.12738579679261655,0.48519999999999996,0.616,0.002,0.15516574416818069,0.9872232764700769,1.0,0.9223457386821331,0.012033112374635276,0.810247965335936,1.0,0.7227785249000449,0.0649463561710375,0.9817489753690356,1.0,0.8898749495764421,0.017150176188965586,0.7486803725137036,1.0,0.6188033701191596,0.08993247117244166
77,0.10995999999999997,0.998,0.01,0.26527259449056384,0.39659999999999995,0.548,0.0,0.12561180888201653,0.49344000000000016,0.62,0.002,0.15720001038583337,0.988069420818326,1.0,0.9273400998872241,0.011304723463229126,0.8125148322244163,1.0,0.7243179410236806,0.06485385306561403,0.9829296580854794,1.0,0.8963291649858814,0.01610987094047566,0.7519813133742802,1.0,0.6298080678719776,0.0902238875638288
78,0.10795999999999996,0.998,0.01,0.2657955298222101,0.3904799999999999,0.536,0.0,0.12368198852587343,0.5015599999999999,0.638,0.002,0.15887733170786902,0.9890983023154858,1.0,0.9336233285000806,0.010276463650799789,0.8148668067356012,1.0,0.7347407345264801,0.06452887925067724,0.9843008207035118,1.0,0.9027833803953207,0.015078322843219139,0.7558576978135916,1.0,0.6362200299700299,0.08854444343271832
79,0.10628,0.998,0.008,0.26618821329645526,0.38427999999999995,0.53,0.0,0.12198829652796993,0.50944,0.646,0.002,0.16059584969349464,0.9900247665581555,1.0,0.9389399065571129,0.00933837307750094,0.8190339565537212,1.0,0.7339271417645645,0.06312041024095694,0.9854086768739536,1.0,0.9112545381202097,0.013763553082888324,0.7570427180014133,1.0,0.6369047619047619,0.08937659025881937
80,0.10511999999999996,0.998,0.008,0.26641387473827494,0.37784000000000006,0.544,0.0,0.12045955541091755,0.5170399999999999,0.66,0.002,0.1626084517220079,0.9906008776561437,1.0,0.9450620267439988,0.008468641028421892,0.8213429215340452,1.0,0.7282333984382698,0.06252317487694546,0.986308758791822,1.0,0.9193223073820089,0.012626056366732655,0.7617300161574143,1.0,0.6308534426614012,0.09013497292873525
81,0.10399999999999997,0.998,0.008,0.2667059834961583,0.3718000000000001,0.542,0.0,0.11894931179082206,0.5242000000000001,0.664,0.002,0.1645641119405307,0.9911770434353754,1.0,0.9469953278556469,0.00806655781975842,0.8239636872502883,1.0,0.7274253625365722,0.06204285160354436,0.9873552620126687,1.0,0.9229528035498185,0.011826195210568288,0.7703881283278811,1.0,0.6367819072350884,0.08762558599225002
82,0.10255999999999993,0.998,0.008,0.26706203208167173,0.36528000000000005,0.546,0.0,0.11728615625460487,0.5321600000000001,0.674,0.002,0.16655346141766036,0.9918851927036725,1.0,0.9544063154502981,0.007169846511023789,0.8268140478832122,1.0,0.728443062252036,0.06120266520019342,0.9884087470004129,1.0,0.9346510689794272,0.010424772654702092,0.7721685613340123,1.0,0.6307934245959456,0.08831156943461038
83,0.10151999999999996,0.998,0.006,0.26731424906858603,0.35928,0.546,0.0,0.11546375701350388,0.5392,0.68,0.002,0.1680908403579591,0.9924413802517412,1.0,0.9614950861930079,0.006342559204021389,0.8305994878359219,1.0,0.7313131210690084,0.0606071051637786,0.9891795991333668,1.0,0.9463493344090359,0.009108135189465563,0.776572329069256,1.0,0.647410305743639,0.08593552655291843
84,0.10035999999999998,0.998,0.006,0.2676231557047853,0.3535199999999999,0.538,0.0,0.11356167792824105,0.54612,0.684,0.002,0.169663970415474,0.992988261349275,1.0,0.9676172063798937,0.005646337481226665,0.8329060315059387,1.0,0.7404325502343089,0.05920946382439251,0.9899806030210166,1.0,0.9519967728922952,0.00828449741134293,0.7819717982608371,1.0,0.6407066049759065,0.08415231503777248
85,0.09987999999999998,0.998,0.004,0.2677526760094175,0.34696000000000005,0.542,0.0,0.11179663753112302,0.5531599999999999,0.692,0.002,0.17158330635702346,0.9933421240051713,1.0,0.9692282906396005,0.005403446449873754,0.8370699908010691,1.0,0.7357364616277765,0.05854229419073123,0.9903971279575039,1.0,0.9532069382815651,0.008024081754756019,0.7870675670428952,1.0,0.6313477290683174,0.08244762677602044
86,0.09907999999999997,0.998,0.004,0.2679720393577491,0.34071999999999997,0.528,0.0,0.11019741839266547,0.5602,0.7,0.002,0.17345151648639043,0.9937854200082625,1.0,0.9713227001772192,0.004963047750991894,0.8410821240545395,1.0,0.7459464541001822,0.057930325377247904,0.9909350706648518,1.0,0.9568374344493747,0.007469131511811264,0.7893266045900192,1.0,0.6463316405253525,0.08211123009762052
87,0.09819999999999993,0.998,0.004,0.26821868933040893,0.33460000000000006,0.526,0.0,0.10854078514925314,0.5672,0.702,0.002,0.17543648190633976,0.9942060505752558,1.0,0.9745448686966328,0.004671217385924845,0.8464672312608763,1.0,0.7439372874422305,0.05861941098794087,0.9915374686390863,1.0,0.9608713190802743,0.006985610428590506,0.7943404621821917,1.0,0.6484442938911266,0.08209115653190058
88,0.09707999999999997,0.998,0.004,0.2685386636548842,0.32963999999999993,0.518,0.0,0.10750885298145338,0.57328,0.708,0.002,0.17728094157268554,0.9947334581964604,1.0,0.976478169808281,0.004372311918353188,0.8500310002792911,1.0,0.7544238201885262,0.05821797358664757,0.9921652689795092,1.0,0.9620814844695442,0.00669376217145815,0.796004407719324,1.0,0.6480487323134382,0.08215023110833518
89,0.09659999999999995,0.998,0.004,0.2686720935965457,0.32371999999999995,0.504,0.0,0.10524219686038487,0.5796799999999999,0.714,0.002,0.178645863343644,0.9950105143681767,1.0,0.976961495086193,0.004177440295907408,0.8537698140999084,1.0,0.7587690582837641,0.057466353564566884,0.9925482172191648,1.0,0.963695038321904,0.006372940045863354,0.8008776126769322,1.0,0.6608461179343531,0.08030811245784189
90,0.09579999999999994,0.998,0.004,0.2688925891314149,0.3182,0.502,0.0,0.10371881139279747,0.5860000000000001,0.718,0.002,0.18037738217415175,0.9953677362998001,1.0,0.9793781214757532,0.0038612250044221825,0.8570024766052434,1.0,0.7591242724075206,0.05702018221540671,0.9929708928623839,1.0,0.9661153691004437,0.006055942290968456,0.8023391354040763,1.0,0.6530159666988311,0.08019908624382137
91,0.09507999999999994,0.998,0.004,0.26910439822280335,0.31324,0.488,0.0,0.10149003369186312,0.5916800000000001,0.72,0.002,0.1814325578864623,0.9957120707256475,1.0,0.9811503141614306,0.0036543438432044143,0.8613022544398646,1.0,0.7592261904761906,0.055853906965688815,0.9935119736811597,1.0,0.9697458652682533,0.005613860914772679,0.8085898330802849,1.0,0.6808465301780808,0.07784251820321718
92,0.09435999999999996,0.998,0.004,0.26931559212801864,0.3072,0.474,0.0,0.09944006501713604,0.59844,0.72,0.002,0.1830745537886081,0.9960006906262012,1.0,0.9830836152730787,0.00347451205542267,0.8622635291389448,1.0,0.7696428571428572,0.05578197001119218,0.9939377060961122,1.0,0.972972972972973,0.0053142994298502715,0.8134504558178289,1.0,0.6957168974816033,0.0761099835975015
93,0.09387999999999996,0.998,0.004,0.26944187514496076,0.30143999999999993,0.46,0.0,0.09749686755826295,0.60468,0.726,0.002,0.18451640488983465,0.9962523098582865,1.0,0.9858224585145803,0.003098756009968575,0.8655645412641203,1.0,0.7696428571428572,0.05455506850093296,0.9942982135550542,1.0,0.9762000806776926,0.004812938310033109,0.8168969294897489,1.0,0.6735129949415664,0.07417270162464844
94,0.09351999999999995,0.998,0.004,0.26954581905759284,0.29544,0.442,0.0,0.09542090645008096,0.61104,0.728,0.002,0.18610738177466365,0.9964456437601058,1.0,0.9864668922184631,0.0029816867170555325,0.8695537212911553,1.0,0.7800595238095238,0.05392163185317536,0.9946283125813622,1.0,0.9778136345300524,0.004586427152423729,0.8236120384621013,1.0,0.6973225187510901,0.07485852977170165
95,0.09287999999999993,0.998,0.002,0.26973219068898235,0.29044,0.432,0.0,0.09385554684444276,0.61668,0.736,0.002,0.18763995484187587,0.9966954154253572,1.0,0.9866280006444337,0.002864213068820254,0.8738472916662765,1.0,0.7904367883653977,0.052726153958364136,0.9949412292465631,1.0,0.9810407422347721,0.00434060357868458,0.8249934709994357,1.0,0.6706959706959708,0.07743952803404804
96,0.09243999999999997,0.998,0.002,0.26985507523975355,0.28436000000000006,0.432,0.0,0.0922469533814709,0.6231999999999999,0.746,0.002,0.18950504812618088,0.9969116797558126,1.0,0.9874335427742871,0.002634425635140308,0.8771504001443471,1.0,0.7995482778091474,0.05188806368895515,0.9953563489925625,1.0,0.9810407422347721,0.003932918862987515,0.8326227681485052,1.0,0.6860805860805861,0.07822186633130397
97,0.09195999999999996,0.998,0.002,0.26998881004778774,0.2791599999999999,0.426,0.0,0.09079970331696563,0.6288800000000001,0.75,0.002,0.19109487332800137,0.997104213679902,1.0,0.9890446270339939,0.002428740134186174,0.879981432376502,1.0,0.805020512676611,0.05138449613880194,0.9956691474254541,1.0,0.9830576845502219,0.003613239520539729,0.8367527123718319,1.0,0.6860805860805861,0.0787988377052112
98,0.09159999999999996,0.998,0.002,0.2700923500416485,0.27336000000000005,0.408,0.0,0.08854418014039485,0.63504,0.756,0.002,0.19252447074783685,0.9972458387002819,1.0,0.9892057354599646,0.0023305367757741973,0.882416099439507,1.0,0.8086969832648463,0.0502458138716251,0.9958938861114889,1.0,0.9850393700787402,0.0034595312214880398,0.8424706569687334,1.0,0.7,0.07990893632011901
99,0.09083999999999995,0.998,0.002,0.27030023820838595,0.26876,0.408,0.0,0.08741632967516738,0.6403999999999997,0.756,0.002,0.19407341341852666,0.9974616028455308,1.0,0.9896890607378765,0.002147999583825607,0.8850112440375192,1.0,0.8098471921313443,0.052458286454962845,0.9962633947271472,1.0,0.9850746268656716,0.0031489253034997517,0.8451309846182482,1.0,0.6603174603174603,0.08370728692989766
100,0.09055999999999993,0.998,0.002,0.27037722401361053,0.2635999999999999,0.404,0.0,0.08571714280952539,0.6458399999999999,0.764,0.002,0.1954669302371287,0.9976283387142929,1.0,0.9914322664080181,0.001927402779240178,0.8896352060349371,1.0,0.809964944475814,0.04981485954770992,0.9964947472169419,1.0,0.9854780153287616,0.002853568344501314,0.8500876230471812,1.0,0.6571428571428571,0.08217385309628313
101,0.08995999999999992,0.998,0.002,0.2705469863752592,0.2588,0.396,0.0,0.08415825714033033,0.6512399999999998,0.766,0.002,0.19684154613727836,0.9978406147760798,1.0,0.9924279039793781,0.0016677381144942916,0.8932524690198094,1.0,0.809964944475814,0.04938204461100877,0.9967670727284392,1.0,0.9854780153287616,0.0027067596208069744,0.8511958490143355,1.0,0.625,0.08766925615912141
102,0.08947999999999992,0.998,0.002,0.2706876534204797,0.2541199999999999,0.382,0.0,0.08255057571586286,0.6563999999999999,0.772,0.002,0.19820377063486347,0.9980337336998981,1.0,0.9924279039793781,0.0015808303550868493,0.8964908570830358,1.0,0.8218697063805759,0.04851897421720121,0.9969850031026016,1.0,0.9866881807180314,0.002554009014382496,0.8553167387364511,1.0,0.625,0.08506769865784379
103,0.08895999999999994,0.998,0.002,0.2708367201462753,0.24988,0.372,0.0,0.08106073308932994,0.6611599999999997,0.778,0.002,0.1994097780747893,0.9981947358687299,1.0,0.9930723376832609,0.0014540416952549319,0.900160546032606,1.0,0.8101119894598156,0.04654918274387834,0.997248925889715,1.0,0.9874949576442114,0.0023655728473001214,0.8588599972794833,1.0,0.625,0.08745189562945505
104,0.08855999999999993,0.998,0.002,0.27094936344457504,0.24444000000000002,0.364,0.0,0.07935072238396537,0.6669999999999999,0.782,0.002,0.20102360507144024,0.9983330443146375,1.0,0.9935556629611728,0.0013828528868451732,0.9047841990315629,1.0,0.8246047430830039,0.04571393586766638,0.9974490218030942,1.0,0.9878983461073013,0.0022800301168399723,0.8652995785891562,1.0,0.7,0.08212691833148918
105,0.08823999999999993,0.998,0.002,0.2710417213158844,0.23944,0.358,0.0,0.07779411865918388,0.6723200000000001,0.784,0.002,0.20248350298133388,0.9984456770863018,1.0,0.9937167713871435,0.0012843162484339984,0.9069446424609602,1.0,0.8387029637029637,0.0440081907520128,0.9976096619883762,1.0,0.9883017345703913,0.002212038356959657,0.8712249834532515,1.0,0.7142857142857143,0.07854392388224346
106,0.08803999999999995,0.998,0.002,0.27110100233932694,0.23508000000000007,0.354,0.0,0.07663239577119231,0.6768799999999999,0.794,0.002,0.20383192756258167,0.9985262075749737,1.0,0.9937167713871435,0.0012341229593341061,0.9091928303987994,1.0,0.8397215440853549,0.04320385168375788,0.9976813650889278,1.0,0.9887051230334812,0.002152733386515749,0.8723109198713307,1.0,0.7142857142857143,0.07732101113265089
107,0.08775999999999995,0.998,0.002,0.27118564768476244,0.23076,0.354,0.0,0.07513132991431655,0.6814800000000001,0.802,0.002,0.20505123700167815,0.9986128714025496,1.0,0.9940389882390849,0.00122280847782678,0.9138137580279967,1.0,0.8361936984938904,0.0431104521881379,0.9978192499065888,1.0,0.990722065348931,0.0019771570260656264,0.8755846471096302,1.0,0.7142857142857143,0.07824675110960494
108,0.08743999999999995,0.998,0.002,0.2712796704359483,0.22619999999999993,0.344,0.0,0.07376548609461954,0.6863600000000001,0.806,0.002,0.20640664836626732,0.9987219410195541,1.0,0.9942000966650556,0.0011347791785362056,0.917822275132037,1.0,0.8393186984938904,0.04138674466857717,0.9978990203379804,1.0,0.990722065348931,0.0019163514868166633,0.8754175956425789,1.0,0.7142857142857143,0.07912433115449105
109,0.08731999999999994,0.998,0.002,0.27131414430132306,0.2216400000000001,0.338,0.0,0.07263179716338893,0.69104,0.808,0.002,0.2077986623672844,0.9987670425841231,1.0,0.9943612050910262,0.0010850717383359854,0.9190894624882421,1.0,0.8436665245808468,0.04100444155237616,0.9979700990359441,1.0,0.990722065348931,0.00187384615851092,0.8762164171914003,1.0,0.7142857142857143,0.08038375461779906
110,0.08719999999999993,0.998,0.002,0.2713479579538315,0.21668000000000004,0.338,0.0,0.07110281144876318,0.6961200000000001,0.814,0.002,0.20921638442102014,0.9988347104414571,1.0,0.9948445303689383,0.0010203684814042964,0.9221017979667407,1.0,0.8461565785734584,0.04028950855554124,0.9980425574931223,1.0,0.9919322307382009,0.001782387488634261,0.8804118491378126,1.0,0.7142857142857143,0.07712174476574629
111,0.08691999999999993,0.998,0.002,0.27142773232953005,0.21264,0.336,0.0,0.07033730974992676,0.70044,0.816,0.002,0.21061204880547746,0.9989026453238472,1.0,0.9948445303689383,0.0009737171867278558,0.9228520388485859,1.0,0.8461565785734584,0.040651685984850944,0.998139779906909,1.0,0.9919322307382009,0.0017458042702986883,0.8837200089674007,1.0,0.7142857142857143,0.07685103482215483
112,0.08675999999999995,0.998,0.0,0.27147485019005774,0.20844000000000007,0.332,0.0,0.06889600563049164,0.7047999999999999,0.82,0.002,0.21177770401618617,0.9989700985879145,1.0,0.9948445303689383,0.0009543352135387969,0.9269720021102618,1.0,0.8461565785734584,0.04077732721485832,0.9982429428469862,1.0,0.9919322307382009,0.0017356146262814162,0.8914165023322084,1.0,0.725,0.0720492183708511
113,0.08639999999999994,0.998,0.0,0.2715831138990457,0.20427999999999996,0.324,0.0,0.06749634608402055,0.7093200000000001,0.826,0.002,0.21299137090885317,0.9990437986566885,1.0,0.9948445303689383,0.0009635464462219371,0.9294245589831965,1.0,0.8461565785734584,0.03941858594595923,0.9983619068242998,1.0,0.9919322307382009,0.0016910877001753337,0.894986825806084,1.0,0.725,0.07335012238727437
114,0.08615999999999993,0.998,0.0,0.27165249109545697,0.20051999999999995,0.32,0.0,0.066496966326384,0.7133200000000002,0.826,0.002,0.2141792535542629,0.9991016510867083,1.0,0.9948445303689383,0.0009427159844843129,0.9324339429767807,1.0,0.8461565785734584,0.03988568385060886,0.9984667190167964,1.0,0.9919322307382009,0.0016440365598659802,0.8983218832009082,1.0,0.725,0.07245747569582633
115,0.08595999999999991,0.998,0.0,0.2717085743729025,0.19676000000000005,0.314,0.0,0.06538163007313604,0.7172799999999999,0.828,0.002,0.21529278024237083,0.9991564266961113,1.0,0.9951667472208796,0.0008605681541812859,0.9346122139030972,1.0,0.8573221559155064,0.037971306700393885,0.9986197628911903,1.0,0.9919322307382009,0.0014890879708014159,0.9059040856576855,1.0,0.725,0.07109298729026908
116,0.08571999999999992,0.998,0.0,0.2717781237911333,0.19284000000000007,0.31,0.0,0.06416953311028402,0.7214400000000002,0.83,0.002,0.21641043394061973,0.9991983917450485,1.0,0.9961333977767037,0.000763845819711263,0.933196327173933,1.0,0.865909090909091,0.03885663369721389,0.9987484094390703,1.0,0.9931423961274708,0.0013380010800701763,0.9103550578177411,1.0,0.75,0.06826522534393878
117,0.0855199999999999,0.998,0.0,0.271837454433073,0.18952000000000002,0.306,0.0,0.06330175224063464,0.7249600000000003,0.834,0.002,0.21746226132835283,0.9992562409919447,1.0,0.9964556146286451,0.0007214174805216056,0.936094840101517,1.0,0.865909090909091,0.03763828879352455,0.9987975747837459,1.0,0.9931423961274708,0.0013403851269383565,0.9119449361933338,1.0,0.75,0.0679273368128206
118,0.08527999999999991,0.998,0.0,0.2719092765866541,0.18575999999999998,0.3,0.0,0.06208965210048436,0.7289600000000003,0.838,0.002,0.21856535565793028,0.9993011757787609,1.0,0.9964556146286451,0.0007048398682848767,0.9373034302294516,1.0,0.8666666666666667,0.03962048985537871,0.9988539249614027,1.0,0.9931423961274708,0.0012986458411130162,0.9108701076484199,1.0,0.75,0.0722580262590671
119,0.08507999999999992,0.998,0.0,0.2719703495243703,0.1824000000000001,0.29,0.0,0.060681840070038365,0.73252,0.842,0.002,0.21946458409836747,0.999339835437234,1.0,0.9964556146286451,0.0007038175869914792,0.9383901300531656,1.0,0.8666666666666667,0.038578697114404224,0.9989510087182238,1.0,0.9931423961274708,0.0012422528952543775,0.91424600590258,1.0,0.75,0.07245763445835293
120,0.08487999999999993,0.998,0.0,0.27202945818872076,0.17867999999999998,0.288,0.0,0.05992050516121763,0.7364400000000002,0.848,0.002,0.22068475623081232,0.9993722967022945,1.0,0.9964556146286451,0.0007050275990984561,0.9394307841390324,1.0,0.8666666666666667,0.03887554478692829,0.9990133452840166,1.0,0.9931423961274708,0.0012206899036024425,0.9150926818822347,1.0,0.75,0.07323394619192271
121,0.08475999999999993,0.998,0.0,0.27206328495482107,0.17544,0.282,0.0,0.05882945257093523,0.7398000000000002,0.85,0.002,0.22160868250875307,0.9994108886480039,1.0,0.9964556146286451,0.0006486889713739761,0.9407993023691634,1.0,0.8666666666666667,0.0379622340548735,0.9990851054716496,1.0,0.9935457845905608,0.0011337339366595711,0.920154477529919,1.0,0.7523809523809524,0.06756525513945781
122,0.08435999999999994,0.998,0.0,0.27217482077007876,0.17236,0.28,0.0,0.0579538028545679,0.7432799999999999,0.854,0.002,0.222592795600085,0.9994979195426827,1.0,0.9977444820364105,0.0004974739817304686,0.9430587328379179,1.0,0.8666666666666667,0.03841402788134182,0.9992051448517063,1.0,0.9959661153691004,0.0008934355919186292,0.9267104435435403,1.0,0.7523809523809524,0.06829109921796313
123,0.08419999999999991,0.998,0.0,0.27222327270841784,0.16899999999999998,0.272,0.0,0.056932828304726894,0.7467999999999999,0.858,0.002,0.22361555931407573,0.9995265743374132,1.0,0.9980666988883519,0.00047148225099291326,0.9435223527032227,1.0,0.8666666666666667,0.0371774897093462,0.9992618870422844,1.0,0.9959661153691004,0.000885783701774153,0.9304555586600272,1.0,0.7523809523809524,0.06686151734539748
124,0.08399999999999991,0.998,0.0,0.272282566313687,0.16536,0.266,0.0,0.055533685309743605,0.7506399999999998,0.862,0.002,0.22462465381618466,0.999571446187967,1.0,0.9980666988883519,0.0004400777334358751,0.9460396058616185,1.0,0.88,0.03709201619095529,0.9993016853165493,1.0,0.9959661153691004,0.000864932375696069,0.9305812744125088,1.0,0.7142857142857142,0.07240988119256375
125,0.0837999999999999,0.998,0.0,0.2723422966243258,0.16248000000000007,0.258,0.0,0.05432864467896343,0.7537200000000003,0.864,0.002,0.22541825433570173,0.9996167062424653,1.0,0.9985308521057786,0.00040249516388721755,0.949283818179265,1.0,0.88,0.03613935575641868,0.9993971778384789,1.0,0.9971762807583703,0.000757939552184092,0.9373539013154532,1.0,0.7142857142857142,0.06982900068523472
126,0.0837199999999999,0.998,0.0,0.2723659033471746,0.15888000000000005,0.258,0.0,0.05342346805267803,0.7574000000000001,0.868,0.002,0.22649674503225,0.9996296728059285,1.0,0.9985372988785958,0.00039463958929601326,0.9497921188555241,1.0,0.88,0.03672214230272461,0.9994367103311752,1.0,0.9971762807583703,0.0007270630235908576,0.9389596598979558,1.0,0.7142857142857142,0.06871287212971575
127,0.08367999999999992,0.998,0.0,0.27237769695024294,0.15604000000000004,0.252,0.0,0.052098008109519804,0.7602800000000002,0.868,0.002,0.22720772119676863,0.9996361656525603,1.0,0.9985372988785958,0.00039403108744128927,0.9498932707108861,1.0,0.88,0.03728863377167523,0.9994688210993102,1.0,0.9971762807583703,0.0007014379859194043,0.9430423472364571,1.0,0.7142857142857142,0.06849042904488745
128,0.08367999999999992,0.998,0.0,0.27237769695024294,0.15268000000000004,0.25,0.0,0.05122755954701392,0.7636399999999999,0.874,0.002,0.22821103373493434,0.9996554736600031,1.0,0.9985372988785958,0.0003890290356724708,0.9519382017258029,1.0,0.88,0.03765869229567459,0.9994929890299082,1.0,0.9971762807583703,0.0006981500801845981,0.9470525489210773,1.0,0.7523809523809524,0.06456899255882623
129,0.08359999999999992,0.998,0.0,0.27240216367626413,0.14988,0.242,0.0,0.050422557310337665,0.76652,0.88,0.002,0.2290569165522145,0.999684331344864,1.0,0.9985372988785958,0.0003877086332460775,0.9548726428543485,1.0,0.8823529411764706,0.03696163352778402,0.9994929890299082,1.0,0.9971762807583703,0.0006981500801845981,0.94579189532396,1.0,0.7523809523809524,0.06481386494099627
130,0.08355999999999993,0.998,0.0,0.27241423739352144,0.14696000000000004,0.236,0.0,0.049597959141686555,0.76948,0.88,0.002,0.2299259188592389,0.9996972187927856,1.0,0.9985372988785958,0.00038456271780328954,0.9565255119889178,1.0,0.8846153846153846,0.03525829608828103,0.9995092491925098,1.0,0.9971762807583703,0.0006906442893551981,0.9468500963821613,1.0,0.7523809523809524,0.06346766716991006
131,0.08343999999999992,0.998,0.0,0.27244742312480574,0.14432000000000003,0.23,0.0,0.04851654041538361,0.7722400000000001,0.882,0.002,0.2306486470095737,0.9997167065679438,1.0,0.9985372988785958,0.00036990799943330537,0.95839177042751,1.0,0.8846153846153846,0.03578445935482519,0.9995489618696246,1.0,0.9975796692214602,0.0006450695275017948,0.9501108428373523,1.0,0.7523809523809524,0.06338878053145633
132,0.08323999999999993,0.998,0.0,0.2725052001001681,0.14199999999999996,0.226,0.0,0.047896146153177395,0.77476,0.884,0.002,0.23137032423968187,0.9997358979990301,1.0,0.9986998212254184,0.00036155809165860534,0.9605823366752047,1.0,0.8846153846153846,0.03491976607931386,0.9996297140701522,1.0,0.9979943842759728,0.0005510182899597577,0.9559468800560383,1.0,0.7857142857142857,0.05736531586302886
133,0.08319999999999993,0.998,0.0,0.27251661623183454,0.13935999999999998,0.224,0.0,0.046835256212492266,0.77744,0.884,0.002,0.23208937054153803,0.9997550427999365,1.0,0.9986998212254184,0.000343091195050991,0.9628728043321619,1.0,0.8846153846153846,0.03521332784489259,0.9996459315747344,1.0,0.9979943842759728,0.0005310940100184018,0.9579012451354034,1.0,0.8190476190476191,0.05284712529653032
134,0.08315999999999994,0.998,0.0,0.272528624970977,0.13692000000000001,0.222,0.0,0.04628432096668308,0.77992,0.89,0.002,0.23285169494065247,0.9997647386091921,1.0,0.9986998212254184,0.00033682866052794897,0.9639851231727417,1.0,0.8846153846153846,0.035496519019500634,0.9996459315747344,1.0,0.9979943842759728,0.0005310940100184018,0.9579012451354034,1.0,0.8190476190476191,0.05284712529653032
135,0.08299999999999993,0.998,0.0,0.27257509730984114,0.13492000000000004,0.216,0.0,0.04552677615358653,0.78208,0.89,0.002,0.23344132156121136,0.9997904213716065,1.0,0.9986998212254184,0.0003207160435268605,0.9671998859143074,1.0,0.8846153846153846,0.034795435685111585,0.9996779318256163,1.0,0.9987557030277893,0.00046112371929182307,0.9579547167846229,1.0,0.8190476190476191,0.05241314259278234
136,0.08291999999999992,0.998,0.0,0.27259844430358493,0.13232,0.214,0.0,0.04459222957843115,0.7847600000000001,0.892,0.002,0.23418007722995687,0.9998098555557026,1.0,0.9988722410182053,0.00028573086377472903,0.9693996538860687,1.0,0.8846153846153846,0.03483176249888756,0.9997023058138751,1.0,0.9987557030277893,0.0004370030292929048,0.9592825556124617,1.0,0.8190476190476191,0.05122847458519292
137,0.08283999999999991,0.998,0.0,0.27262266364829957,0.13004,0.212,0.0,0.043921060914289566,0.78712,0.892,0.002,0.2348592839666044,0.9998195414113732,1.0,0.9988722410182053,0.0002800472222774083,0.9701575514222464,1.0,0.8846153846153846,0.0341799097336829,0.9997185819729928,1.0,0.998766954377312,0.00042401168039746864,0.961578047285056,1.0,0.8190476190476191,0.04996746531025445
138,0.08279999999999993,0.998,0.0,0.2726349132418065,0.12707999999999997,0.204,0.0,0.042939368739597264,0.79012,0.896,0.002,0.2357024793580038,0.9998324201835057,1.0,0.9990205680705191,0.00027299785999045057,0.9739670967564338,1.0,0.8846153846153846,0.033215538402901264,0.9997426546999503,1.0,0.998766954377312,0.00041216391849995844,0.9650226706136525,1.0,0.8190476190476191,0.05016024842334083
139,0.08267999999999992,0.998,0.0,0.272669227737752,0.12488000000000002,0.198,0.0,0.0423342578505293,0.7924399999999998,0.898,0.002,0.23637683162825465,0.9998486660576588,1.0,0.9990333494441759,0.00023572442132249505,0.973925785046169,1.0,0.8846153846153846,0.03266693076571102,0.9997665845092374,1.0,0.998766954377312,0.0004069826241892585,0.968494391411058,1.0,0.8190476190476191,0.04986503065741152
140,0.08255999999999993,0.998,0.0,0.27270468141435733,0.12200000000000001,0.19,0.0,0.041323018243282925,0.7954400000000003,0.902,0.002,0.23722203153353602,0.9998551416930804,1.0,0.9990333494441759,0.0002353374109805008,0.9740466083418604,1.0,0.8846153846153846,0.03313568317368244,0.9997748798223854,1.0,0.998766954377312,0.00039872759765513304,0.968425674854246,1.0,0.8190476190476191,0.049642517085497426
141,0.08251999999999994,0.998,0.0,0.2727165860862346,0.11967999999999998,0.188,0.0,0.04070874147714544,0.7978000000000001,0.906,0.002,0.2379261590133736,0.9998551416930804,1.0,0.9990333494441759,0.0002353374109805008,0.9740466083418604,1.0,0.8846153846153846,0.03313568317368244,0.9997911975984296,1.0,0.998766954377312,0.000399267272893381,0.9716002780288493,1.0,0.8190476190476191,0.049787739630257094
142,0.08243999999999993,0.998,0.0,0.27273917868879183,0.11735999999999999,0.186,0.0,0.04009262744583103,0.8001999999999998,0.908,0.002,0.23862403183968828,0.9998648300756315,1.0,0.9990333494441759,0.0002240035117657464,0.9750205990777558,1.0,0.8846153846153846,0.03230900454088203,0.9998151947467107,1.0,0.998766954377312,0.00035541315684987554,0.9733995369709655,1.0,0.8190476190476191,0.04688128097053473
143,0.08235999999999993,0.998,0.0,0.2727632418828625,0.11511999999999997,0.184,0.0,0.03956531154371237,0.8025199999999999,0.908,0.002,0.23932347164796153,0.9998776295528856,1.0,0.9990333494441759,0.00021986307468300245,0.9790164743694301,1.0,0.9130434782608695,0.028593492477186507,0.9998151947467107,1.0,0.998766954377312,0.00035541315684987554,0.9726171704112879,1.0,0.8190476190476191,0.047353812440929684
144,0.08231999999999992,0.998,0.0,0.2727751140722754,0.11320000000000002,0.18,0.0,0.039045760699100596,0.8044800000000001,0.91,0.002,0.2399015308200344,0.9998841304467585,1.0,0.9990333494441759,0.0002135596915570888,0.9802153234742893,1.0,0.9130434782608695,0.0266493920788873,0.9998314946652109,1.0,0.998766954377312,0.00034444084894834663,0.9762936409995232,1.0,0.8190476190476191,0.04429919139163632
145,0.08231999999999992,0.998,0.0,0.2727751140722754,0.11108000000000003,0.18,0.0,0.038558114104106624,0.8065999999999999,0.912,0.002,0.24054097194381144,0.999890567011459,1.0,0.9990333494441759,0.0002070401754479455,0.9809951808717936,1.0,0.9130434782608695,0.026165922344812697,0.9998314946652109,1.0,0.998766954377312,0.00034444084894834663,0.9762936409995232,1.0,0.8190476190476191,0.04429919139163632
146,0.08231999999999992,0.998,0.0,0.2727751140722754,0.10836,0.176,0.0,0.0376399483831436,0.80932,0.916,0.002,0.24131057471521583,0.9998970358432183,1.0,0.9990333494441759,0.00020264538111317888,0.9817557453578485,1.0,0.9130434782608695,0.02614167095925097,0.9998314946652109,1.0,0.998766954377312,0.00034444084894834663,0.9762936409995232,1.0,0.8190476190476191,0.04429919139163632
147,0.08223999999999992,0.998,0.0,0.2727991381876387,0.10584000000000002,0.174,0.0,0.03673588025295139,0.8119200000000002,0.916,0.002,0.24203961895288373,0.9999034684173559,1.0,0.9990333494441759,0.000203270814319111,0.9828245107781928,1.0,0.9130434782608695,0.0264286986492316,0.9998472393180471,1.0,0.998766954377312,0.00031411834968929293,0.9725930635021545,1.0,0.7142857142857143,0.06040358973237732
148,0.08223999999999992,0.998,0.0,0.2727991381876387,0.10340000000000003,0.164,0.0,0.035750267588551855,0.81436,0.916,0.002,0.24270842168986156,0.9999066905858753,1.0,0.9991944578701466,0.00019004306621537323,0.9831401673438493,1.0,0.9130434782608695,0.025877159951267,0.9998472393180471,1.0,0.998766954377312,0.00031411834968929293,0.9725930635021545,1.0,0.7142857142857143,0.06040358973237732
149,0.08211999999999994,0.998,0.0,0.2728346767116059,0.1018,0.164,0.0,0.035283689936147604,0.8160799999999999,0.916,0.002,0.24322021935283428,0.9999162277631419,1.0,0.9991944578701466,0.0001877456820486929,0.9859356659943972,1.0,0.9130434782608695,0.02368214321686872,0.9998554596221985,1.0,0.9991779695848746,0.00028969985507555683,0.9711413586413586,1.0,0.7142857142857143,0.06277162407665945
150,0.08211999999999994,0.998,0.0,0.2728346767116059,0.09915999999999997,0.158,0.0,0.03433589185368214,0.8187200000000001,0.92,0.002,0.24396713060641287,0.9999226235273453,1.0,0.999347045380346,0.0001701864151286979,0.9868192225420163,1.0,0.9130434782608695,0.02214273540214469,0.9998635404302793,1.0,0.9991779695848746,0.0002761308357279146,0.9718358030858031,1.0,0.7142857142857143,0.06271653410854179
151,0.08207999999999994,0.998,0.0,0.2728462107009689,0.09704,0.154,0.0,0.033510863301080045,0.8208800000000005,0.922,0.002,0.24455879807172287,0.9999258566343612,1.0,0.999347045380346,0.00017008814755496221,0.987315254288048,1.0,0.9130434782608695,0.022257969859824377,0.9998876572130746,1.0,0.9991863303498779,0.0002295371802536059,0.9766038359788359,1.0,0.7142857142857143,0.05470175269177751
152,0.08203999999999993,0.998,0.0,0.2728580373956915,0.09528000000000005,0.148,0.0,0.033011463686026976,0.8226800000000003,0.926,0.002,0.24508611064818234,0.9999322456641285,1.0,0.999347045380346,0.00016023724915859824,0.9880530718432998,1.0,0.9130434782608695,0.02123666310114382,0.9998956348756195,1.0,0.9991863303498779,0.00022628372649651654,0.977385085978836,1.0,0.7142857142857143,0.05485641407646382
153,0.08195999999999995,0.998,0.0,0.2728822695984927,0.09363999999999999,0.148,0.0,0.03252801618197295,0.8244000000000002,0.928,0.002,0.24558966939650723,0.9999354192598124,1.0,0.999347045380346,0.00015997081699906378,0.9884470861566627,1.0,0.9130434782608695,0.021390134572443847,0.999903947427573,1.0,0.9991863303498779,0.00022221357371830986,0.9789077280743947,1.0,0.7142857142857143,0.055098948304520695
154,0.08195999999999995,0.998,0.0,0.2728822695984927,0.09160000000000001,0.146,0.0,0.03210442146420054,0.8264399999999997,0.932,0.002,0.24620492211462672,0.9999354192598124,1.0,0.999347045380346,0.00015997081699906378,0.9884470861566627,1.0,0.9130434782608695,0.021390134572443847,0.9999120151968347,1.0,0.9991863303498779,0.00020231499699864257,0.9796021725188392,1.0,0.7142857142857143,0.05496181205957963
155,0.08191999999999995,0.998,0.0,0.27289347850808915,0.09028,0.146,0.0,0.0318875831505568,0.8278,0.936,0.002,0.24662695948102908,0.9999354192598124,1.0,0.999347045380346,0.00015997081699906378,0.9884470861566627,1.0,0.9130434782608695,0.021390134572443847,0.9999120151968347,1.0,0.9991863303498779,0.00020231499699864257,0.9796021725188392,1.0,0.7142857142857143,0.05496181205957963
156,0.08191999999999995,0.998,0.0,0.27289347850808915,0.08932000000000001,0.146,0.0,0.03148724393484201,0.8287600000000002,0.938,0.002,0.24689017305478236,0.9999386305636019,1.0,0.999347045380346,0.00015628480843543442,0.9898963615189815,1.0,0.95,0.017159605313118637,0.9999120151968347,1.0,0.9991863303498779,0.00020231499699864257,0.9796021725188392,1.0,0.7142857142857143,0.05496181205957963
157,0.08183999999999995,0.998,0.0,0.2729167743365836,0.08728,0.14,0.0,0.030673421320586397,0.8308800000000001,0.938,0.002,0.2474711807587349,0.9999483186131412,1.0,0.999347045380346,0.00014040296341169542,0.9916237196979177,1.0,0.95,0.015777860042521,0.9999278499563877,1.0,0.9991863303498779,0.00017596689703293827,0.9801919026056957,1.0,0.7142857142857143,0.055882383398285676
158,0.08179999999999996,0.998,0.0,0.27292826298259015,0.0854,0.136,0.0,0.029868418923330906,0.8327999999999999,0.94,0.002,0.24800362077672847,0.9999483186131412,1.0,0.999347045380346,0.00014040296341169542,0.9916237196979177,1.0,0.95,0.015777860042521,0.9999278499563877,1.0,0.9991863303498779,0.00017596689703293827,0.9801919026056957,1.0,0.7142857142857143,0.055882383398285676
159,0.08179999999999996,0.998,0.0,0.27292826298259015,0.08344000000000001,0.134,0.0,0.02923805180700978,0.8347599999999997,0.942,0.002,0.2485746764976641,0.9999483186131412,1.0,0.999347045380346,0.00014040296341169542,0.9916237196979177,1.0,0.95,0.015777860042521,0.9999278499563877,1.0,0.9991863303498779,0.00017596689703293827,0.9801919026056957,1.0,0.7142857142857143,0.055882383398285676
160,0.08179999999999996,0.998,0.0,0.27292826298259015,0.08195999999999999,0.134,0.0,0.028783470313103424,0.83624,0.944,0.002,0.24900410290857883,0.9999515833862396,1.0,0.9995102840352595,0.00012743533521278032,0.9918849527177716,1.0,0.95,0.015442446289000683,0.9999356746825224,1.0,0.9991863303498779,0.00017008889406016186,0.9812368346851106,1.0,0.7142857142857143,0.055962389850174085
161,0.08171999999999996,0.998,0.0,0.27295092180515845,0.08004000000000001,0.132,0.0,0.02839226684022483,0.8382400000000001,0.946,0.002,0.24961117191114895,0.9999579639892064,1.0,0.9995102840352595,0.00012145590843992518,0.992407418757479,1.0,0.95,0.015452186723525215,0.9999356746825224,1.0,0.9991863303498779,0.00017008889406016186,0.9808536929226584,1.0,0.7142857142857143,0.056024918488977456
162,0.08167999999999993,0.998,0.0,0.2729620920081567,0.07856,0.128,0.0,0.027712930747437102,0.8397600000000002,0.946,0.002,0.25003269663737004,0.9999644313305314,1.0,0.9995102840352595,0.000109899086726204,0.9935702988558914,1.0,0.95,0.014129701948527605,0.9999436971454184,1.0,0.9991863303498779,0.00016319941080562188,0.9825778308536929,1.0,0.7142857142857143,0.055691822690433775
163,0.08167999999999993,0.998,0.0,0.2729620920081567,0.07696,0.126,0.0,0.027354781695942177,0.8413600000000001,0.948,0.002,0.25051471584947427,0.9999644313305314,1.0,0.9995102840352595,0.000109899086726204,0.9935702988558914,1.0,0.95,0.014129701948527605,0.9999436971454184,1.0,0.9991863303498779,0.00016319941080562188,0.9825778308536929,1.0,0.7142857142857143,0.055691822690433775
164,0.08163999999999995,0.998,0.0,0.2729741529216005,0.07572,0.124,0.0,0.02694214512011747,0.8426399999999997,0.948,0.002,0.2508816909564005,0.9999644313305314,1.0,0.9995102840352595,0.000109899086726204,0.9933406666721732,1.0,0.95,0.014333772392760324,0.9999599705384209,1.0,0.9995889847924373,0.000121335486938007,0.9921596921596921,1.0,0.9,0.021337514820531443
165,0.08159999999999995,0.998,0.0,0.27298471213828895,0.07368000000000001,0.12,0.0,0.02626197685954789,0.8447199999999999,0.948,0.002,0.2514794623821198,0.9999742256498262,1.0,0.9995166747220879,8.829814797123595e-05,0.9941910068082276,1.0,0.95,0.01398055704170037,0.9999680578817285,1.0,0.9995889847924373,0.00010944972365726373,0.9928210678210678,1.0,0.9,0.02128120026868824
166,0.08155999999999995,0.998,0.0,0.27299556399176833,0.07232,0.118,0.0,0.025794668014130044,0.8461199999999997,0.948,0.002,0.2518763577468849,0.9999774478183455,1.0,0.9995166747220879,7.978921472581626e-05,0.9947086051519128,1.0,0.95,0.013137172778260832,0.9999680578817285,1.0,0.9995889847924373,0.00010944972365726373,0.9928210678210678,1.0,0.9,0.02128120026868824
167,0.08155999999999995,0.998,0.0,0.27299556399176833,0.07035999999999999,0.116,0.0,0.02524553708791205,0.84808,0.95,0.002,0.25244759731032324,0.9999774478183455,1.0,0.9995166747220879,7.978921472581626e-05,0.9947086051519128,1.0,0.95,0.013137172778260832,0.9999759318974768,1.0,0.9995889847924373,9.626004495188018e-05,0.9944444444444445,1.0,0.9,0.019945054841238916
168,0.08151999999999995,0.998,0.0,0.2730076054857469,0.06908,0.112,0.0,0.024892290421915368,0.8493999999999999,0.954,0.002,0.2528435024569425,0.9999774478183455,1.0,0.9995166747220879,7.978921472581626e-05,0.9945126275649466,1.0,0.95,0.013345652530558286,0.9999759318974768,1.0,0.9995889847924373,9.626004495188018e-05,0.994238683127572,1.0,0.9,0.020294688036322384
169,0.08147999999999996,0.998,0.0,0.27301964046865324,0.06796,0.11,0.0,0.024160990654105128,0.85056,0.954,0.002,0.2531425475651122,0.999980659122135,1.0,0.9995166747220879,7.73139646693838e-05,0.9959738155816587,1.0,0.95,0.011192762024019007,0.9999759318974768,1.0,0.9995889847924373,9.626004495188018e-05,0.994017094017094,1.0,0.9,0.020663265964118403
170,0.08143999999999994,0.998,0.0,0.2730313699551607,0.0664,0.108,0.0,0.023753839646658892,0.85216,0.958,0.002,0.25361350636794744,0.9999903256276932,1.0,0.9998381615148082,3.8681189621529075e-05,0.9978968925047357,1.0,0.9772727272727273,0.006126704297869551,0.9999759318974768,1.0,0.9995889847924373,9.626004495188018e-05,0.994017094017094,1.0,0.9,0.020663265964118403
171,0.08139999999999996,0.998,0.0,0.27304339193166904,0.06556000000000001,0.108,0.0,0.023565072736175134,0.85304,0.958,0.002,0.25387422243372115,0.9999903256276932,1.0,0.9998381615148082,3.8681189621529075e-05,0.997812768204925,1.0,0.9772727272727273,0.006237696741240002,0.9999759318974768,1.0,0.9995889847924373,9.626004495188018e-05,0.9937777777777778,1.0,0.9,0.02105255035721824
172,0.08139999999999996,0.998,0.0,0.27304339193166904,0.06411999999999998,0.104,0.0,0.023248120398019625,0.8544800000000002,0.96,0.002,0.2543086859607867,0.9999903256276932,1.0,0.9998381615148082,3.8681189621529075e-05,0.997812768204925,1.0,0.9772727272727273,0.006237696741240002,0.9999836988877681,1.0,0.9995889847924373,8.06726613208641e-05,0.9946666666666667,1.0,0.9,0.020816659994661327
173,0.08139999999999996,0.998,0.0,0.27304339193166904,0.06324,0.102,0.0,0.023009811571836663,0.85536,0.96,0.002,0.2545672406261261,0.9999903256276932,1.0,0.9998381615148082,3.8681189621529075e-05,0.997812768204925,1.0,0.9772727272727273,0.006237696741240002,0.9999836988877681,1.0,0.9995889847924373,8.06726613208641e-05,0.9946666666666667,1.0,0.9,0.020816659994661327
174,0.08139999999999996,0.998,0.0,0.27304339193166904,0.06160000000000001,0.098,0.0,0.022234373095249962,0.857,0.96,0.002,0.2550221278914552,0.9999903256276932,1.0,0.9998381615148082,3.8681189621529075e-05,0.997812768204925,1.0,0.9772727272727273,0.006237696741240002,0.9999836988877681,1.0,0.9995889847924373,8.06726613208641e-05,0.9946666666666667,1.0,0.9,0.020816659994661327
175,0.08139999999999996,0.998,0.0,0.27304339193166904,0.06020000000000001,0.098,0.0,0.021876275473019364,0.8584,0.96,0.002,0.2554365610767062,0.9999903256276932,1.0,0.9998381615148082,3.8681189621529075e-05,0.997812768204925,1.0,0.9772727272727273,0.006237696741240002,0.9999836988877681,1.0,0.9995889847924373,8.06726613208641e-05,0.9946666666666667,1.0,0.9,0.020816659994661327
176,0.08139999999999996,0.998,0.0,0.27304339193166904,0.05896,0.096,0.0,0.021526405237497957,0.85964,0.962,0.002,0.2557976528111105,0.9999935477962125,1.0,0.9998381615148082,3.1930309785989166e-05,0.9985970819304153,1.0,0.9772727272727273,0.005081585374936815,0.9999836988877681,1.0,0.9995889847924373,8.06726613208641e-05,0.9946666666666667,1.0,0.9,0.020816659994661327
177,0.08139999999999996,0.998,0.0,0.27304339193166904,0.05779999999999999,0.09,0.0,0.021101310530923168,0.8608000000000001,0.964,0.002,0.2561319812845219,0.9999935477962125,1.0,0.9998381615148082,3.1930309785989166e-05,0.9985970819304153,1.0,0.9772727272727273,0.005081585374936815,0.9999836988877681,1.0,0.9995889847924373,8.06726613208641e-05,0.9946666666666667,1.0,0.9,0.020816659994661327
178,0.08139999999999996,0.998,0.0,0.27304339193166904,0.0564,0.09,0.0,0.020819927659699065,0.8622000000000001,0.964,0.002,0.2565527355583038,0.9999935477962125,1.0,0.9998381615148082,3.1930309785989166e-05,0.9985970819304153,1.0,0.9772727272727273,0.005081585374936815,0.9999917796958487,1.0,0.9995889847924373,5.812632808768422e-05,0.996,1.0,0.9,0.020000000000000018
179,0.08139999999999996,0.998,0.0,0.27304339193166904,0.05508000000000002,0.088,0.0,0.020420917647133795,0.8635200000000002,0.964,0.002,0.25694041554970903,0.9999935477962125,1.0,0.9998381615148082,3.1930309785989166e-05,0.9985970819304153,1.0,0.9772727272727273,0.005081585374936815,0.9999917796958487,1.0,0.9995889847924373,5.812632808768422e-05,0.996,1.0,0.9,0.020000000000000018
180,0.08135999999999996,0.998,0.0,0.2730548094789612,0.05364,0.088,0.0,0.020088335533084763,0.8650000000000003,0.966,0.002,0.2573761640010946,0.9999935477962125,1.0,0.9998381615148082,3.1930309785989166e-05,0.9985970819304153,1.0,0.9772727272727273,0.005081585374936815,0.9999917796958487,1.0,0.9995889847924373,5.812632808768422e-05,0.996,1.0,0.9,0.020000000000000018
181,0.08135999999999996,0.998,0.0,0.2730548094789612,0.052320000000000005,0.086,0.0,0.019626554273561657,0.8663200000000002,0.966,0.002,0.2577581084058843,0.9999935477962125,1.0,0.9998381615148082,3.1930309785989166e-05,0.9985970819304153,1.0,0.9772727272727273,0.005081585374936815,0.9999917796958487,1.0,0.9995889847924373,5.812632808768422e-05,0.996,1.0,0.9,0.020000000000000018
182,0.08135999999999996,0.998,0.0,0.2730548094789612,0.051400000000000015,0.086,0.0,0.019345410255644197,0.8672400000000002,0.966,0.002,0.25802923106042197,0.9999935477962125,1.0,0.9998381615148082,3.1930309785989166e-05,0.9985970819304153,1.0,0.9772727272727273,0.005081585374936815,0.9999917796958487,1.0,0.9995889847924373,5.812632808768422e-05,0.996,1.0,0.9,0.020000000000000018
183,0.08135999999999996,0.998,0.0,0.2730548094789612,0.05060000000000001,0.082,0.0,0.01899194243754494,0.8680400000000001,0.966,0.002,0.25825426167532917,0.9999967632302962,1.0,0.9998381615148082,2.2887418067216906e-05,0.9995061728395062,1.0,0.9876543209876543,0.002469135802469132,0.9999917796958487,1.0,0.9995889847924373,5.812632808768422e-05,0.996,1.0,0.9,0.020000000000000018
184,0.08135999999999996,0.998,0.0,0.2730548094789612,0.049640000000000004,0.082,0.0,0.018585445259939402,0.8690000000000002,0.966,0.002,0.25852367356959477,0.9999967632302962,1.0,0.9998381615148082,2.2887418067216906e-05,0.9995061728395062,1.0,0.9876543209876543,0.002469135802469132,1.0,1.0,1.0,0.0,1.0,1.0,1.0,0.0
185,0.08135999999999996,0.998,0.0,0.2730548094789612,0.04860000000000001,0.08,0.0,0.018053209336484712,0.8700400000000001,0.966,0.002,0.25881188188350557,0.9999967632302962,1.0,0.9998381615148082,2.2887418067216906e-05,0.9995061728395062,1.0,0.9876543209876543,0.002469135802469132,1.0,1.0,1.0,0.0,1.0,1.0,1.0,0.0
186,0.08135999999999996,0.998,0.0,0.2730548094789612,0.047840000000000014,0.078,0.0,0.017773357727170157,0.8708000000000001,0.966,0.002,0.25902832561206074,0.9999967632302962,1.0,0.9998381615148082,2.2887418067216906e-05,0.9995061728395062,1.0,0.9876543209876543,0.002469135802469132,1.0,1.0,1.0,0.0,1.0,1.0,1.0,0.0
187,0.08131999999999995,0.998,0.0,0.2730665195179238,0.04664000000000001,0.078,0.0,0.017512397940677715,0.8720400000000003,0.968,0.002,0.25940071908386164,0.9999967632302962,1.0,0.9998381615148082,2.2887418067216906e-05,0.9995061728395062,1.0,0.9876543209876543,0.002469135802469132,1.0,1.0,1.0,0.0,1.0,1.0,1.0,0.0
188,0.08131999999999995,0.998,0.0,0.2730665195179238,0.04552000000000001,0.074,0.0,0.01705482156973535,0.87316,0.968,0.002,0.2597201288043005,0.9999967632302962,1.0,0.9998381615148082,2.2887418067216906e-05,0.9995061728395062,1.0,0.9876543209876543,0.002469135802469132,1.0,1.0,1.0,0.0,1.0,1.0,1.0,0.0
189,0.08127999999999995,0.998,0.0,0.27307792414082327,0.04500000000000002,0.074,0.0,0.01678313050023014,0.87372,0.968,0.002,0.25987595471057856,0.9999967632302962,1.0,0.9998381615148082,2.2887418067216906e-05,0.9995061728395062,1.0,0.9876543209876543,0.002469135802469132,1.0,1.0,1.0,0.0,1.0,1.0,1.0,0.0
190,0.08127999999999995,0.998,0.0,0.27307792414082327,0.04404000000000001,0.074,0.0,0.016662263363905975,0.8746800000000003,0.97,0.002,0.26016968089526277,0.9999967632302962,1.0,0.9998381615148082,2.2887418067216906e-05,0.9995061728395062,1.0,0.9876543209876543,0.002469135802469132,1.0,1.0,1.0,0.0,1.0,1.0,1.0,0.0
191,0.08127999999999995,0.998,0.0,0.27307792414082327,0.04336000000000001,0.074,0.0,0.01649954854051517,0.8753600000000001,0.972,0.002,0.2603706745454743,0.9999967632302962,1.0,0.9998381615148082,2.2887418067216906e-05,0.9995061728395062,1.0,0.9876543209876543,0.002469135802469132,1.0,1.0,1.0,0.0,1.0,1.0,1.0,0.0
192,0.08127999999999995,0.998,0.0,0.27307792414082327,0.04248000000000001,0.074,0.0,0.016119755910442467,0.8762400000000002,0.972,0.002,0.2606220627495622,0.9999967632302962,1.0,0.9998381615148082,2.2887418067216906e-05,0.9995061728395062,1.0,0.9876543209876543,0.002469135802469132,1.0,1.0,1.0,0.0,1.0,1.0,1.0,0.0
193,0.08123999999999995,0.998,0.0,0.27308992015414246,0.04152000000000002,0.072,0.0,0.015620812908372193,0.8772400000000004,0.972,0.002,0.26090295013233383,0.9999967632302962,1.0,0.9998381615148082,2.2887418067216906e-05,0.999485596707819,1.0,0.9876543209876543,0.0025200511757028548,1.0,1.0,1.0,0.0,1.0,1.0,1.0,0.0
194,0.08119999999999995,0.998,0.0,0.27310190966235387,0.040960000000000024,0.07,0.0,0.015561543389171307,0.8778400000000002,0.972,0.002,0.26108622080431126,0.9999967632302962,1.0,0.9998381615148082,2.2887418067216906e-05,0.9994632313472893,1.0,0.9876543209876543,0.002574252025395988,1.0,1.0,1.0,0.0,1.0,1.0,1.0,0.0
195,0.08119999999999995,0.998,0.0,0.27310190966235387,0.04004000000000002,0.068,0.0,0.015298339245600139,0.8787600000000003,0.972,0.002,0.2613584261866747,0.9999967632302962,1.0,0.9998381615148082,2.2887418067216906e-05,0.9994632313472893,1.0,0.9876543209876543,0.002574252025395988,1.0,1.0,1.0,0.0,1.0,1.0,1.0,0.0
196,0.08115999999999995,0.998,0.0,0.27311389266631414,0.03928000000000002,0.068,0.0,0.014844830062746988,0.8795600000000003,0.974,0.002,0.26157928208542536,0.9999967632302962,1.0,0.9998381615148082,2.2887418067216906e-05,0.9994388327721662,1.0,0.9876543209876543,0.0026321076093285285,1.0,1.0,1.0,0.0,1.0,1.0,1.0,0.0
197,0.08115999999999995,0.998,0.0,0.27311389266631414,0.03836000000000002,0.066,0.0,0.014622822531081686,0.8804800000000002,0.976,0.002,0.26185166699909335,0.9999967632302962,1.0,0.9998381615148082,2.2887418067216906e-05,0.9994388327721662,1.0,0.9876543209876543,0.0026321076093285285,1.0,1.0,1.0,0.0,1.0,1.0,1.0,0.0
198,0.08115999999999995,0.998,0.0,0.27311389266631414,0.03768000000000002,0.064,0.0,0.014452511963005473,0.8811600000000002,0.976,0.002,0.26205470374542417,0.9999967632302962,1.0,0.9998381615148082,2.2887418067216906e-05,0.9994388327721662,1.0,0.9876543209876543,0.0026321076093285285,1.0,1.0,1.0,0.0,1.0,1.0,1.0,0.0
199,0.08115999999999995,0.998,0.0,0.27311389266631414,0.03680000000000002,0.062,0.0,0.0141997413026162,0.8820400000000003,0.976,0.002,0.26231449888736724,0.9999967632302962,1.0,0.9998381615148082,2.2887418067216906e-05,0.9994388327721662,1.0,0.9876543209876543,0.0026321076093285285,1.0,1.0,1.0,0.0,1.0,1.0,1.0,0.0
200,0.08115999999999995,0.998,0.0,0.27311389266631414,0.03596000000000002,0.062,0.0,0.013959065520445187,0.8828800000000001,0.976,0.002,0.2625647939469573,0.9999967632302962,1.0,0.9998381615148082,2.2887418067216906e-05,0.9994388327721662,1.0,0.9876543209876543,0.0026321076093285285,1.0,1.0,1.0,0.0,1.0,1.0,1.0,0.0
